id_protein,protein_name,tags,tags_reason,tags_description,uniprot,protein_multidata_id
0,NRG2_HUMAN,,,,O14511,0
1,EREG_HUMAN,,,,O14944,1
2,SEM7A_HUMAN,,,,O75326,2
3,NFASC_HUMAN,,,,O94856,3
4,TGFA_HUMAN,,,,P01135,4
5,ANXA1_HUMAN,,,,P04083,5
6,THY1_HUMAN,,,,P04216,6
7,ICAM1_HUMAN,,,,P05362,7
8,LCK_HUMAN,,,,P06239,8
9,FCER2_HUMAN,,,,P06734,9
10,GP1BA_HUMAN,,,,P07359,10
11,TSP1_HUMAN,,,,P07996,11
12,TGFB3_HUMAN,,,,P10600,12
13,CADH1_HUMAN,,,,P12830,13
14,ICAM2_HUMAN,,,,P13598,14
15,HLAE_HUMAN,,,,P13747,15
16,VCAM1_HUMAN,,,,P19320,16
17,CD40L_HUMAN,,,,P29965,17
18,L1CAM_HUMAN,,,,P32004,18
19,ICAM3_HUMAN,,,,P32942,19
20,BTC_HUMAN,,,,P35070,20
21,GDF5_HUMAN,,,,P43026,21
22,NRG3_HUMAN,,,,P56975,22
23,JAM2_HUMAN,,,,P57087,23
24,NRG1_HUMAN,,,,Q02297,24
25,MADCA_HUMAN,,,,Q13477,25
26,MICB_HUMAN,,,,Q29980,26
27,CODA1_HUMAN,,,,Q5TAT6,27
28,ULBP6_HUMAN,,,,Q5VY80,28
29,ULBP5_HUMAN,,,,Q6H3X3,29
30,CSPG4_HUMAN,,,,Q6UVK1,30
31,SEM6D_HUMAN,,,,Q8NFY4,31
32,RAE1E_HUMAN,,,,Q8TD07,32
33,NRG4_HUMAN,,,,Q8WWG1,33
34,JAM3_HUMAN,,,,Q9BX67,34
35,ULBP3_HUMAN,,,,Q9BZM4,35
36,ULBP2_HUMAN,,,,Q9BZM5,36
37,ULBP1_HUMAN,,,,Q9BZM6,37
38,SEM4A_HUMAN,,,,Q9H3S1,38
39,JAM1_HUMAN,,,,Q9Y624,39
40,CO6A6_HUMAN,,,,A6NMZ7,40
41,CO6A5_HUMAN,,,,A8TX70,41
42,FREM1_HUMAN,,,,Q5H8C1,42
43,FREM2_HUMAN,,,,Q5SZK8,43
44,LAMA5_HUMAN,,,,O15230,44
45,CHAD_HUMAN,,,,O15335,45
46,CO1A1_HUMAN,,,,P02452,46
47,CO2A1_HUMAN,,,,P02458,47
48,CO4A1_HUMAN,,,,P02462,48
49,FINC_HUMAN,,,,P02751,49
50,VTNC_HUMAN,,,,P04004,50
51,VWF_HUMAN,,,,P04275,51
52,LAMB1_HUMAN,,,,P07942,52
53,CO1A2_HUMAN,,,,P08123,53
54,CO4A2_HUMAN,,,,P08572,54
55,LAMC1_HUMAN,,,,P11047,55
56,CO6A1_HUMAN,,,,P12109,56
57,CO6A2_HUMAN,,,,P12110,57
58,CO6A3_HUMAN,,,,P12111,58
59,CO9A1_HUMAN,,,,P20849,59
60,SIAL_HUMAN,,,,P21815,60
61,TENX_HUMAN,,,,P22105,61
62,LAMA2_HUMAN,,,,P24043,62
63,TENA_HUMAN,,,,P24821,63
64,LAMA1_HUMAN,,,,P25391,64
65,CO4A5_HUMAN,,,,P29400,65
66,TSP2_HUMAN,,,,P35442,66
67,TSP4_HUMAN,,,,P35443,67
68,TSP3_HUMAN,,,,P49746,68
69,COMP_HUMAN,,,,P49747,69
70,CO4A4_HUMAN,,,,P53420,70
71,LAMB2_HUMAN,,,,P55268,71
72,RELN_HUMAN,,,,P78509,72
73,CO4A3_HUMAN,,,,Q01955,73
74,DMP1_HUMAN,,,,Q13316,74
75,LAMB3_HUMAN,,,,Q13751,75
76,LAMC2_HUMAN,,,,Q13753,76
77,CO4A6_HUMAN,,,,Q14031,77
78,CO9A3_HUMAN,,,,Q14050,78
79,CO9A2_HUMAN,,,,Q14055,79
80,LAMA4_HUMAN,,,,Q16363,80
81,LAMA3_HUMAN,,,,Q16787,81
82,TENR_HUMAN,,,,Q92752,82
83,DSPP_HUMAN,,,,Q9NZW4,83
84,TENN_HUMAN,,,,Q9UQP3,84
85,LAMC3_HUMAN,,,,Q9Y6N6,85
86,CRLF1_HUMAN,,,,O75462,86
87,TNFB_HUMAN,,,,P01374,87
88,INHA_HUMAN,,,,P05111,88
89,INHBA_HUMAN,,,,P08476,89
90,CSF1_HUMAN,,,,P09603,90
91,IL12A_HUMAN,,,,P29459,91
92,IL12B_HUMAN,,,,P29460,92
93,IL27B_HUMAN,,,,Q14213,93
94,IL17_HUMAN,,,,Q16552,94
95,WN10B_HUMAN,,,,O00744,95
96,WNT7A_HUMAN,,,,O00755,96
97,GDF8_HUMAN,,,,O14793,97
98,WNT9A_HUMAN,,,,O14904,98
99,WNT9B_HUMAN,,,,O14905,99
100,ANGP2_HUMAN,,,,O15123,100
101,DHH_HUMAN,,,,O43323,101
102,VEGFD_HUMAN,,,,O43915,102
103,GDF9_HUMAN,,,,O60383,103
104,PSPN_HUMAN,,,,O60542,104
105,SEM3D_HUMAN,,,,O95025,105
106,GDF11_HUMAN,,,,O95390,106
107,BMP10_HUMAN,,,,O95393,107
108,IL33_HUMAN,,,,O95760,108
109,BMP15_HUMAN,,,,O95972,109
110,PDGFB_HUMAN,,,,P01127,110
111,EGF_HUMAN,,,,P01133,111
112,TGFB1_HUMAN,,,,P01137,112
113,IGF2_HUMAN,,,,P01344,113
114,IFNA1_HUMAN,,,,P01562,114
115,IFNA2_HUMAN,,,,P01563,115
116,IFN10_HUMAN,,,,P01566,116
117,IFNA7_HUMAN,,,,P01567,117
118,IFN21_HUMAN,,,,P01568,118
119,IFNA5_HUMAN,,,,P01569,119
120,IFN14_HUMAN,,,,P01570,120
121,IFN17_HUMAN,,,,P01571,121
122,IFNB_HUMAN,,,,P01574,122
123,IFNG_HUMAN,,,,P01579,123
124,IL1A_HUMAN,,,,P01583,124
125,IL1B_HUMAN,,,,P01584,125
126,MIS_HUMAN,,,,P03971,126
127,CSF2_HUMAN,,,,P04141,127
128,WNT1_HUMAN,,,,P04628,128
129,IFNW1_HUMAN,,,,P05000,129
130,IFNA6_HUMAN,,,,P05013,130
131,IFNA4_HUMAN,,,,P05014,131
132,IFN16_HUMAN,,,,P05015,132
133,IGF1_HUMAN,,,,P05019,133
134,IL4_HUMAN,,,,P05112,134
135,IL5_HUMAN,,,,P05113,135
136,IL6_HUMAN,,,,P05231,136
137,CALC_HUMAN,,,,P01258,137
138,IL3_HUMAN,,,,P08700,138
139,WNT2_HUMAN,,,,P09544,139
140,OSTP_HUMAN,,,,P10451,140
141,BMP2_HUMAN,,,,P12643,141
142,BMP4_HUMAN,,,,P12644,142
143,BMP3_HUMAN,,,,P12645,143
144,IL7_HUMAN,,,,P13232,144
145,ONCM_HUMAN,,,,P13725,145
146,COBA2_HUMAN,,,,P13942,146
147,MIF_HUMAN,,,,P14174,147
148,LIF_HUMAN,,,,P15018,148
149,IL9_HUMAN,,,,P15248,149
150,AREG_HUMAN,,,,P15514,150
151,VEGFA_HUMAN,,,,P15692,151
152,BMP7_HUMAN,,,,P18075,152
153,IL11_HUMAN,,,,P20809,153
154,PTN_HUMAN,,,,P21246,154
155,MK_HUMAN,,,,P21741,155
156,BMP5_HUMAN,,,,P22003,156
157,BMP6_HUMAN,,,,P22004,157
158,IL10_HUMAN,,,,P22301,158
159,CO8A2_HUMAN,,,,P25067,159
160,GDF1_HUMAN,,,,P27539,160
161,IFNA8_HUMAN,,,,P32881,161
162,BMP8B_HUMAN,,,,P34820,162
163,IL13_HUMAN,,,,P35225,163
164,COFA1_HUMAN,,,,P39059,164
165,GDNF_HUMAN,,,,P39905,165
166,IL15_HUMAN,,,,P40933,166
167,PLGF_HUMAN,,,,P49763,167
168,VEGFB_HUMAN,,,,P49765,168
169,VEGFC_HUMAN,,,,P49767,169
170,INHBC_HUMAN,,,,P55103,170
171,GDF10_HUMAN,,,,P55107,171
172,WNT3_HUMAN,,,,P56703,172
173,WNT3A_HUMAN,,,,P56704,173
174,WNT4_HUMAN,,,,P56705,174
175,WNT7B_HUMAN,,,,P56706,175
176,INHBE_HUMAN,,,,P58166,176
177,IL2_HUMAN,,,,P60568,177
178,TGFB2_HUMAN,,,,P61812,178
179,COAA1_HUMAN,,,,Q03692,179
180,COGA1_HUMAN,,,,Q07092,180
181,IL24_HUMAN,,,,Q13007,181
182,SEM3B_HUMAN,,,,Q13214,182
183,SEM3F_HUMAN,,,,Q13275,183
184,IL18_HUMAN,,,,Q14116,184
185,SEM3A_HUMAN,,,,Q14563,185
186,IHH_HUMAN,,,,Q14623,186
187,COJA1_HUMAN,,,,Q14993,187
188,POSTN_HUMAN,,,,Q15063,188
189,SHH_HUMAN,,,,Q15465,189
190,CTF1_HUMAN,,,,Q16619,190
191,COOA1_HUMAN,,,,Q17RW2,191
192,RSPO4_HUMAN,,,,Q2I0M5,192
193,COSA1_HUMAN,,,,Q2UY09,193
194,ARTN_HUMAN,,,,Q5T4W7,194
195,IL31_HUMAN,,,,Q6EBC2,195
196,GDF6_HUMAN,,,,Q6KF10,196
197,GDF7_HUMAN,,,,Q7Z4P5,197
198,BMP8A_HUMAN,,,,Q7Z5Y6,198
199,IFNE_HUMAN,,,,Q86WN2,199
200,IFNL1_HUMAN,,,,Q8IU54,200
201,CORA1_HUMAN,,,,Q8IZC6,201
202,IFNL3_HUMAN,,,,Q8IZI9,202
203,IFNL2_HUMAN,,,,Q8IZJ0,203
204,COMA1_HUMAN,,,,Q8NFW1,204
205,IL1FA_HUMAN,,,,Q8WWZ1,205
206,WNT2B_HUMAN,,,,Q93097,206
207,WNT8B_HUMAN,,,,Q93098,207
208,TSLP_HUMAN,,,,Q969D9,208
209,COQA1_HUMAN,,,,Q96A83,209
210,COLA1_HUMAN,,,,Q96P44,210
211,NODAL_HUMAN,,,,Q96S42,211
212,HBEGF_HUMAN,,,,Q99075,212
213,COCA1_HUMAN,,,,Q99715,213
214,NRTN_HUMAN,,,,Q99748,214
215,SEM3C_HUMAN,,,,Q99985,215
216,ANGL4_HUMAN,,,,Q9BY76,216
217,PDGFD_HUMAN,,,,Q9GZP0,217
218,WN10A_HUMAN,,,,Q9GZT5,218
219,IL22_HUMAN,,,,Q9GZX6,219
220,WNT8A_HUMAN,,,,Q9H1J5,220
221,WNT5B_HUMAN,,,,Q9H1J7,221
222,IL25_HUMAN,,,,Q9H293,222
223,IL21_HUMAN,,,,Q9HBE4,223
224,CRLF2_HUMAN,,,,Q9HC73,224
225,IL26_HUMAN,,,,Q9NPH9,225
226,GDF3_HUMAN,,,,Q9NR23,226
227,SEM3G_HUMAN,,,,Q9NS98,227
228,IL20_HUMAN,,,,Q9NYY1,228
229,IL37_HUMAN,,,,Q9NZH6,229
230,IL36B_HUMAN,,,,Q9NZH7,230
231,IL36G_HUMAN,,,,Q9NZH8,231
232,IL17C_HUMAN,,,,Q9P0M4,232
233,IFNK_HUMAN,,,,Q9P0W0,233
234,COKA1_HUMAN,,,,Q9P218,234
235,CLCF1_HUMAN,,,,Q9UBD9,235
236,I36RA_HUMAN,,,,Q9UBH0,236
237,WNT16_HUMAN,,,,Q9UBV4,237
238,IL36A_HUMAN,,,,Q9UHA7,238
239,IL19_HUMAN,,,,Q9UHD0,239
240,GDF2_HUMAN,,,,Q9UK05,240
241,ANGL2_HUMAN,,,,Q9UKU9,241
242,COHA1_HUMAN,,,,Q9UMD9,242
243,ANGL3_HUMAN,,,,Q9Y5C1,243
244,WNT6_HUMAN,,,,Q9Y6F9,244
245,CNTF_HUMAN,,,,P26441,245
246,CO8A1_HUMAN,,,,P27658,246
247,CO7A1_HUMAN,,,,Q02388,247
248,CO5A3_HUMAN,,,,P25940,248
249,CO5A2_HUMAN,,,,P05997,249
250,CO5A1_HUMAN,,,,P20908,250
251,CO3A1_HUMAN,,,,P02461,251
252,COIA1_HUMAN,,,,P39060,252
253,COEA1_HUMAN,,,,Q05707,253
254,COBA1_HUMAN,,,,P12107,254
255,ALBU_HUMAN,,,,P02768,255
256,NAMPT_HUMAN,,,,P43490,256
257,ANGL1_HUMAN,,,,O95841,257
258,CO4B_HUMAN,,,,P0C0L5,258
259,FIBA_HUMAN,,,,P02671,259
260,ICAM4_HUMAN,,,,Q14773,260
261,FA10_HUMAN,,,,P00742,261
262,THRB_HUMAN,,,,P00734,262
263,PA2GA_HUMAN,,,,P14555,263
264,CLAT_HUMAN,,,,P28329,264
265,5NTD_HUMAN,,,,P21589,265
266,PNMT_HUMAN,,,,P11086,266
267,ADML_HUMAN,,,,P35318,267
268,ADM2_HUMAN,,,,Q7Z4H4,268
269,AGRIN_HUMAN,,,,O00468,269
270,IAPP_HUMAN,,,,P10997,270
271,A4_HUMAN,,,,P05067,271
272,CP11A_HUMAN,,,,P05108,272
273,APOA1_HUMAN,,,,P02647,273
274,APOA2_HUMAN,,,,P02652,274
275,APOB_HUMAN,,,,P04114,275
276,APOE_HUMAN,,,,P02649,276
277,BMR1B_HUMAN,,,,O00238,277
278,CALCB_HUMAN,,,,P10092,278
279,CGB1_HUMAN,,,,A6NKQ9,279
280,GLHA_HUMAN,,,,P01215,280
281,CGB3_HUMAN,,,,P0DN86,281
282,CO3_HUMAN,,,,P01024,282
283,FGF1_HUMAN,,,,P05230,283
284,FGF19_HUMAN,,,,O95750,284
285,FGF2_HUMAN,,,,P09038,285
286,FGF21_HUMAN,,,,Q9NSA1,286
287,FGF23_HUMAN,,,,Q9GZV9,287
288,TEN2_HUMAN,,,,Q9NT68,288
289,FLRT1_HUMAN,,,,Q9NZU1,289
290,TEN4_HUMAN,,,,Q6N022,290
291,FLRT3_HUMAN,,,,Q9NZU0,291
292,DCE1_HUMAN,,,,Q99259,292
293,SC6A1_HUMAN,,,,P30531,293
294,S6A11_HUMAN,,,,P48066,294
295,S6A12_HUMAN,,,,P48065,295
296,SC6A6_HUMAN,,,,P31641,296
297,SC6A8_HUMAN,,,,P48029,297
298,DCE2_HUMAN,,,,Q05329,298
299,GALA_HUMAN,,,,P22466,299
300,GALP_HUMAN,,,,Q9UBC7,300
301,LEG9_HUMAN,,,,O00182,301
302,GLSK_HUMAN,,,,O94925,302
303,EAA5_HUMAN,,,,O00341,303
304,VGLU2_HUMAN,,,,Q9P2U8,304
305,VGLU1_HUMAN,,,,Q9P2U7,305
306,VGLU3_HUMAN,,,,Q8NDX2,306
307,EAA3_HUMAN,,,,P43005,307
308,EAA2_HUMAN,,,,P43004,308
309,EAA1_HUMAN,,,,P43003,309
310,EAA4_HUMAN,,,,P48664,310
311,GLYC_HUMAN,,,,P34896,311
312,GLYM_HUMAN,,,,P34897,312
313,IL17F_HUMAN,,,,Q96PD4,313
314,IL1RA_HUMAN,,,,P18510,314
315,GGT1_HUMAN,,,,P19440,315
316,LOX5_HUMAN,,,,P09917,316
317,DOPO_HUMAN,,,,P09172,317
318,UPAR_HUMAN,,,,Q03405,318
319,3BHS1_HUMAN,,,,P14060,319
320,RSPO1_HUMAN,,,,Q2MKA7,320
321,AL1A1_HUMAN,,,,P00352,321
322,AL1A2_HUMAN,,,,O94788,322
323,AL1A3_HUMAN,,,,P47895,323
324,SEM6A_HUMAN,,,,Q9H2E6,324
325,TPH1_HUMAN,,,,P17752,325
326,VMAT1_HUMAN,,,,P54219,326
327,VMAT2_HUMAN,,,,Q05940,327
328,SC6A4_HUMAN,,,,P31645,328
329,DDC_HUMAN,,,,P20711,329
330,SPXN_HUMAN,,,,Q9BT56,330
331,THYG_HUMAN,,,,P01266,331
332,WNT11_HUMAN,,,,O96014,332
333,WNT5A_HUMAN,,,,P41221,333
334,DKK1_HUMAN,,,,O94907,334
335,DKK2_HUMAN,,,,Q9UBU2,335
336,ITB1_HUMAN,,,,P05556,336
337,ITB3_HUMAN,,,,P05106,337
338,ITAV_HUMAN,,,,P06756,338
339,ADIPO_HUMAN,,,,Q15848,339
340,CD1B_HUMAN,,,,P29016,340
341,CBLN1_HUMAN,,,,P23435,341
342,CD47_HUMAN,,,,Q08722,342
343,CLUS_HUMAN,,,,P10909,343
344,FBN1_HUMAN,,,,P35555,344
345,GPHB5_HUMAN,,,,Q86YW7,345
346,MMP2_HUMAN,,,,P08253,346
347,NDP_HUMAN,,,,Q00604,347
348,NXNL1_HUMAN,,,,Q96CM4,348
349,OMD_HUMAN,,,,Q99983,349
350,PLMN_HUMAN,,,,P00747,350
351,INHBB_HUMAN,,,,P09529,351
352,CNTN2_HUMAN,,,,Q02246,352
353,ITA4_HUMAN,,,,P13612,353
354,CAD12_HUMAN,,,,P55289,354
355,DLL1_HUMAN,,,,O00548,355
356,PODXL_HUMAN,,,,O00592,356
357,AGRB1_HUMAN,,,,O14514,357
358,ADA10_HUMAN,,,,O14672,358
359,TNF11_HUMAN,,,,O14788,359
360,ADA12_HUMAN,,,,O43184,360
361,TNF12_HUMAN,,,,O43508,361
362,TNF14_HUMAN,,,,O43557,362
363,ADA23_HUMAN,,,,O75077,363
364,ADA11_HUMAN,,,,O75078,364
365,ICOSL_HUMAN,,,,O75144,365
366,TNF13_HUMAN,,,,O75888,366
367,SLIK3_HUMAN,,,,O94933,367
368,SLIK5_HUMAN,,,,O94991,368
369,TNF15_HUMAN,,,,O95150,369
370,TNFA_HUMAN,,,,P01375,370
371,HLAB_HUMAN,,,,P01889,371
372,DRA_HUMAN,,,,P01903,372
373,DQA1_HUMAN,,,,P01909,373
374,DRB1_HUMAN,,,,P01911,374
375,DQB1_HUMAN,,,,P01920,375
376,HLAA_HUMAN,,,,P04439,376
377,DPB1_HUMAN,,,,P04440,377
378,ITB2_HUMAN,,,,P05107,378
379,ANXA2_HUMAN,,,,P07355,379
380,DAF_HUMAN,,,,P08174,380
381,CD14_HUMAN,,,,P08571,381
382,TRFM_HUMAN,,,,P08582,382
383,CD48_HUMAN,,,,P09326,383
384,HLAC_HUMAN,,,,P10321,384
385,CD28_HUMAN,,,,P10747,385
386,ACE_HUMAN,,,,P12821,386
387,TDGF1_HUMAN,,,,P13385,387
388,NCAM1_HUMAN,,,,P13591,388
389,CEAM1_HUMAN,,,,P13688,389
390,DRB4_HUMAN,,,,P13762,390
391,DOB_HUMAN,,,,P13765,391
392,LYAM1_HUMAN,,,,P14151,392
393,CD99_HUMAN,,,,P14209,393
394,CD1D_HUMAN,,,,P15813,394
395,SIAT1_HUMAN,,,,P15907,395
396,LEUK_HUMAN,,,,P16150,396
397,LYAM2_HUMAN,,,,P16581,397
398,HLAG_HUMAN,,,,P17693,398
399,LFA3_HUMAN,,,,P19256,399
400,DPA1_HUMAN,,,,P20036,400
401,CD22_HUMAN,,,,P20273,401
402,EFNA1_HUMAN,,,,P20827,402
403,SCF_HUMAN,,,,P21583,403
404,MRC1_HUMAN,,,,P22897,404
405,MYP0_HUMAN,,,,P25189,405
406,Q31604_HUMAN,,,,Q31604,406
407,DMB_HUMAN,,,,P28068,407
408,CD34_HUMAN,,,,P28906,408
409,HLAF_HUMAN,,,,P30511,409
410,CEAM8_HUMAN,,,,P31997,410
411,CD80_HUMAN,,,,P33681,411
412,SDC2_HUMAN,,,,P34741,412
413,CEAM6_HUMAN,,,,P40199,413
414,TACT_HUMAN,,,,P40200,414
415,OX2G_HUMAN,,,,P41217,415
416,TNFL9_HUMAN,,,,P41273,416
417,CD86_HUMAN,,,,P42081,417
418,BAG6_HUMAN,,,,P46379,418
419,TNFL6_HUMAN,,,,P48023,419
420,FLT3L_HUMAN,,,,P49771,420
421,TNF10_HUMAN,,,,P50591,421
422,EFNA4_HUMAN,,,,P52798,422
423,EFNB2_HUMAN,,,,P52799,423
424,EFNA5_HUMAN,,,,P52803,424
425,NRX1B_HUMAN,,,,P58400,425
426,NRX2B_HUMAN,,,,P58401,426
427,B2MG_HUMAN,,,,P61769,427
428,CXAR_HUMAN,,,,P78310,428
429,SHPS1_HUMAN,,,,P78324,429
430,JAG1_HUMAN,,,,P78504,430
431,ADA17_HUMAN,,,,P78536,431
432,DRB3_HUMAN,,,,P79483,432
433,DLK1_HUMAN,,,,P80370,433
434,EFNB1_HUMAN,,,,P98172,434
435,DSG1_HUMAN,,,,Q02413,435
436,DSC2_HUMAN,,,,Q02487,436
437,DSC1_HUMAN,,,,Q08554,437
438,BST2_HUMAN,,,,Q10589,438
439,CNTN1_HUMAN,,,,Q12860,439
440,ADAM9_HUMAN,,,,Q13443,440
441,ADA15_HUMAN,,,,Q13444,441
442,SEM5A_HUMAN,,,,Q13591,442
443,CD166_HUMAN,,,,Q13740,443
444,DSG2_HUMAN,,,,Q14126,444
445,SELPL_HUMAN,,,,Q14242,445
446,DSC3_HUMAN,,,,Q14574,446
447,NECT1_HUMAN,,,,Q15223,447
448,EFNB3_HUMAN,,,,Q15768,448
449,NTRK3_HUMAN,,,,Q16288,449
450,DRB5_HUMAN,,,,Q30154,450
451,TIGIT_HUMAN,,,,Q495A1,451
452,IGS11_HUMAN,,,,Q5DX21,452
453,NR3L1_HUMAN,,,,Q68D85,453
454,EPGN_HUMAN,,,,Q6UW88,454
455,DLK2_HUMAN,,,,Q6UY11,455
456,BTLA_HUMAN,,,,Q7Z6A9,456
457,PDPN_HUMAN,,,,Q86YL7,457
458,JAML_HUMAN,,,,Q86YT9,458
459,CNTN4_HUMAN,,,,Q8IWV2,459
460,NLGNX_HUMAN,,,,Q8N0W4,460
461,CADM3_HUMAN,,,,Q8N126,461
462,NLGN1_HUMAN,,,,Q8N2Q7,462
463,CD177_HUMAN,,,,Q8N6Q3,463
464,NLGN2_HUMAN,,,,Q8NFZ4,464
465,LIRB4_HUMAN,,,,Q8NHJ6,465
466,MO2R1_HUMAN,,,,Q8TD46,466
467,SCTM1_HUMAN,,,,Q8WVN6,467
468,NECT2_HUMAN,,,,Q92692,468
469,EDA_HUMAN,,,,Q92838,469
470,SEM4D_HUMAN,,,,Q92854,470
471,HAVR1_HUMAN,,,,Q96D42,471
472,TIMD4_HUMAN,,,,Q96H15,472
473,NECT4_HUMAN,,,,Q96NY8,473
474,SLIK1_HUMAN,,,,Q96PX8,474
475,ADAM2_HUMAN,,,,Q99965,475
476,PD1L2_HUMAN,,,,Q9BQ51,476
477,SEM4C_HUMAN,,,,Q9C0C4,477
478,SLIK2_HUMAN,,,,Q9H156,478
479,ADAM7_HUMAN,,,,Q9H2U9,479
480,SEM6B_HUMAN,,,,Q9H3T3,480
481,SLIK6_HUMAN,,,,Q9H5Y7,481
482,NRX3B_HUMAN,,,,Q9HDB5,482
483,CD209_HUMAN,,,,Q9NNX6,483
484,SEM4B_HUMAN,,,,Q9NPR2,484
485,NECT3_HUMAN,,,,Q9NQS3,485
486,DLL4_HUMAN,,,,Q9NR61,486
487,PDGFC_HUMAN,,,,Q9NRA1,487
488,LRC4B_HUMAN,,,,Q9NT99,488
489,SEM4G_HUMAN,,,,Q9NTN9,489
490,DLL3_HUMAN,,,,Q9NYJ7,490
491,PDXL2_HUMAN,,,,Q9NZ53,491
492,NLGN3_HUMAN,,,,Q9NZ94,492
493,IRPL1_HUMAN,,,,Q9NZN1,493
494,PD1L1_HUMAN,,,,Q9NZQ7,494
495,CLC1B_HUMAN,,,,Q9P126,495
496,SIRPG_HUMAN,,,,Q9P1W8,496
497,SEM5B_HUMAN,,,,Q9P283,497
498,CKLF_HUMAN,,,,Q9UBR5,498
499,KLOT_HUMAN,,,,Q9UEF7,499
500,CLC2D_HUMAN,,,,Q9UHP7,500
501,ADA29_HUMAN,,,,Q9UKF5,501
502,ADA28_HUMAN,,,,Q9UKQ2,502
503,HHLA2_HUMAN,,,,Q9UM44,503
504,ICAM5_HUMAN,,,,Q9UMF0,504
505,TNF18_HUMAN,,,,Q9UNG2,505
506,JAG2_HUMAN,,,,Q9Y219,506
507,TN13B_HUMAN,,,,Q9Y275,507
508,PGBM_HUMAN,,,,P98160,508
509,IFNL4_HUMAN,,,,K9M1U5,509
510,CCL24_HUMAN,,,,O00175,510
511,CORT_HUMAN,,,,O00230,511
512,AGRP_HUMAN,,,,O00253,512
513,LFTY2_HUMAN,,,,O00292,513
514,CCL21_HUMAN,,,,O00585,514
515,CCN1_HUMAN,,,,O00622,515
516,CCL22_HUMAN,,,,O00626,516
517,NET3_HUMAN,,,,O00634,517
518,CXL11_HUMAN,,,,O14625,518
519,SEM3E_HUMAN,,,,O15041,519
520,NPFF_HUMAN,,,,O15130,520
521,VGF_HUMAN,,,,O15240,521
522,DFB4A_HUMAN,,,,O15263,522
523,CCL25_HUMAN,,,,O15444,523
524,CCL16_HUMAN,,,,O15467,524
525,FGF10_HUMAN,,,,O15520,525
526,FGF16_HUMAN,,,,O43320,526
527,OREX_HUMAN,,,,O43612,527
528,ANGL7_HUMAN,,,,O43827,528
529,EDIL3_HUMAN,,,,O43854,529
530,CD5L_HUMAN,,,,O43866,530
531,CXL13_HUMAN,,,,O43927,531
532,FGF17_HUMAN,,,,O60258,532
533,GREM1_HUMAN,,,,O60565,533
534,SLIT1_HUMAN,,,,O75093,534
535,SLIT3_HUMAN,,,,O75094,535
536,PGRP1_HUMAN,,,,O75594,536
537,LFTY1_HUMAN,,,,O75610,537
538,FGF18_HUMAN,,,,O76093,538
539,SLIT2_HUMAN,,,,O94813,539
540,LRIG2_HUMAN,,,,O94898,540
541,NXPH2_HUMAN,,,,O95156,541
542,NXPH3_HUMAN,,,,O95157,542
543,CCN4_HUMAN,,,,O95388,543
544,UTS2_HUMAN,,,,O95399,544
545,NET1_HUMAN,,,,O95631,545
546,CXL14_HUMAN,,,,O95715,546
547,CER1_HUMAN,,,,O95813,547
548,NOE2_HUMAN,,,,O95897,548
549,LGI1_HUMAN,,,,O95970,549
550,HPT_HUMAN,,,,P00738,550
551,ANGT_HUMAN,,,,P01019,551
552,KNG1_HUMAN,,,,P01042,552
553,NGF_HUMAN,,,,P01138,553
554,ANF_HUMAN,,,,P01160,554
555,NEU1_HUMAN,,,,P01178,555
556,NEU2_HUMAN,,,,P01185,556
557,COLI_HUMAN,,,,P01189,557
558,PENK_HUMAN,,,,P01210,558
559,PDYN_HUMAN,,,,P01213,559
560,TSHB_HUMAN,,,,P01222,560
561,FSHB_HUMAN,,,,P01225,561
562,LSHB_HUMAN,,,,P01229,562
563,PRL_HUMAN,,,,P01236,563
564,SOMA_HUMAN,,,,P01241,564
565,SOM2_HUMAN,,,,P01242,565
566,PTHY_HUMAN,,,,P01270,566
567,GLUC_HUMAN,,,,P01275,567
568,VIP_HUMAN,,,,P01282,568
569,SLIB_HUMAN,,,,P01286,569
570,PAHO_HUMAN,,,,P01298,570
571,NPY_HUMAN,,,,P01303,571
572,INS_HUMAN,,,,P01308,572
573,GAST_HUMAN,,,,P01350,573
574,EPO_HUMAN,,,,P01588,574
575,APOC2_HUMAN,,,,P02655,575
576,APOC3_HUMAN,,,,P02656,576
577,A1AG1_HUMAN,,,,P02763,577
578,TTHY_HUMAN,,,,P02766,578
579,VTDB_HUMAN,,,,P02774,579
580,CXCL7_HUMAN,,,,P02775,580
581,PLF4_HUMAN,,,,P02776,581
582,CXL10_HUMAN,,,,P02778,582
583,TRFE_HUMAN,,,,P02787,583
584,HEMO_HUMAN,,,,P02790,584
585,ANGI_HUMAN,,,,P03950,585
586,PDGFA_HUMAN,,,,P04085,586
587,REL2_HUMAN,,,,P04090,587
588,TFF1_HUMAN,,,,P04155,588
589,REL1_HUMAN,,,,P04808,589
590,APOD_HUMAN,,,,P05090,590
591,S10A8_HUMAN,,,,P05109,591
592,EDN1_HUMAN,,,,P05305,592
593,DQB2_HUMAN,,,,P05538,593
594,CCKN_HUMAN,,,,P06307,594
595,S10A9_HUMAN,,,,P06702,595
596,APOA4_HUMAN,,,,P06727,596
597,G6PI_HUMAN,,,,P06744,597
598,CRF_HUMAN,,,,P06850,598
599,TRY1_HUMAN,,,,P07477,599
600,TRY2_HUMAN,,,,P07478,600
601,GRP_HUMAN,,,,P07492,601
602,PGS2_HUMAN,,,,P07585,602
603,APOA_HUMAN,,,,P08519,603
604,FGF4_HUMAN,,,,P08620,604
605,NMB_HUMAN,,,,P08949,605
606,GROA_HUMAN,,,,P09341,606
607,LEG1_HUMAN,,,,P09382,607
608,GIP_HUMAN,,,,P09681,608
609,SECR_HUMAN,,,,P09683,609
610,CSF3_HUMAN,,,,P09919,610
611,NPS_HUMAN,,,,P0C0P6,611
612,SAA1_HUMAN,,,,P0DJI8,612
613,ELA_HUMAN,,,,P0DMC3,613
614,CSH1_HUMAN,,,,P0DML2,614
615,SLUR2_HUMAN,,,,P0DP57,615
616,PYY_HUMAN,,,,P10082,616
617,IL8_HUMAN,,,,P10145,617
618,CCL3_HUMAN,,,,P10147,618
619,PF4V_HUMAN,,,,P10720,619
620,RET3_HUMAN,,,,P10745,620
621,FGF6_HUMAN,,,,P10767,621
622,FGF3_HUMAN,,,,P11487,622
623,UTER_HUMAN,,,,P11684,623
624,FGF5_HUMAN,,,,P12034,624
625,PTHR_HUMAN,,,,P12272,625
626,PIP_HUMAN,,,,P12273,626
627,GRAA_HUMAN,,,,P12544,627
628,MOTI_HUMAN,,,,P12872,628
629,CCL4_HUMAN,,,,P13236,629
630,BMP1_HUMAN,,,,P13497,630
631,CCL2_HUMAN,,,,P13500,631
632,CCL5_HUMAN,,,,P13501,632
633,CSPG2_HUMAN,,,,P13611,633
634,CD59_HUMAN,,,,P13987,634
635,EDN3_HUMAN,,,,P14138,635
636,HGF_HUMAN,,,,P14210,636
637,NID1_HUMAN,,,,P14543,637
638,MUC1_HUMAN,,,,P15941,638
639,CL3L1_HUMAN,,,,P16619,639
640,ANFB_HUMAN,,,,P16860,640
641,LEG3_HUMAN,,,,P17931,641
642,PACA_HUMAN,,,,P18509,642
643,CXCL2_HUMAN,,,,P19875,643
644,CXCL3_HUMAN,,,,P19876,644
645,FST_HUMAN,,,,P19883,645
646,TCO1_HUMAN,,,,P20061,646
647,TKN1_HUMAN,,,,P20366,647
648,MCH_HUMAN,,,,P20382,648
649,TRH_HUMAN,,,,P20396,649
650,NTF3_HUMAN,,,,P20783,650
651,EDN2_HUMAN,,,,P20800,651
652,ZP3_HUMAN,,,,P21754,652
653,FGF7_HUMAN,,,,P21781,653
654,CCL1_HUMAN,,,,P22362,654
655,FGFR4_HUMAN,,,,P22455,655
656,FGFR3_HUMAN,,,,P22607,656
657,FBLN1_HUMAN,,,,P23142,657
658,KALM_HUMAN,,,,P23352,658
659,BDNF_HUMAN,,,,P23560,659
660,ANFC_HUMAN,,,,P23582,660
661,IL32_HUMAN,,,,P24001,661
662,ZA2G_HUMAN,,,,P25311,662
663,S10A4_HUMAN,,,,P26447,663
664,HGFL_HUMAN,,,,P26927,664
665,CALR_HUMAN,,,,P27797,665
666,PROP_HUMAN,,,,P27918,666
667,GRN_HUMAN,,,,P28799,667
668,CCN2_HUMAN,,,,P29279,668
669,NEUT_HUMAN,,,,P30990,669
670,FGF9_HUMAN,,,,P31371,670
671,NTF4_HUMAN,,,,P34130,671
672,TRY3_HUMAN,,,,P35030,672
673,SFTPD_HUMAN,,,,P35247,673
674,PEDF_HUMAN,,,,P36955,674
675,SYUA_HUMAN,,,,P37840,675
676,TPO_HUMAN,,,,P40225,676
677,LEP_HUMAN,,,,P41159,677
678,CXCL5_HUMAN,,,,P42830,678
679,XCL1_HUMAN,,,,P47992,679
680,SDF1_HUMAN,,,,P48061,680
681,NMU_HUMAN,,,,P48645,681
682,CCN3_HUMAN,,,,P48745,682
683,INSL3_HUMAN,,,,P51460,683
684,CCL11_HUMAN,,,,P51671,684
685,LUM_HUMAN,,,,P51884,685
686,COPA_HUMAN,,,,P53621,686
687,SLUR1_HUMAN,,,,P55000,687
688,MFAP2_HUMAN,,,,P55001,688
689,APOC4_HUMAN,,,,P55056,689
690,FGF8_HUMAN,,,,P55075,690
691,UCN1_HUMAN,,,,P55089,691
692,CCL23_HUMAN,,,,P55773,692
693,CCL18_HUMAN,,,,P55774,693
694,PROK1_HUMAN,,,,P58294,694
695,NXPH1_HUMAN,,,,P58417,695
696,FAM3B_HUMAN,,,,P58499,696
697,DEFB1_HUMAN,,,,P60022,697
698,SMS_HUMAN,,,,P61278,698
699,OSTN_HUMAN,,,,P61366,699
700,YBOX1_HUMAN,,,,P67809,700
701,X3CL1_HUMAN,,,,P78423,701
702,CCL20_HUMAN,,,,P78556,702
703,CCL8_HUMAN,,,,P80075,703
704,CCL7_HUMAN,,,,P80098,704
705,CXCL6_HUMAN,,,,P80162,705
706,S10AC_HUMAN,,,,P80511,706
707,PRRP_HUMAN,,,,P81277,707
708,D103A_HUMAN,,,,P81534,708
709,OX26_HUMAN,,,,P83859,709
710,FBLN2_HUMAN,,,,P98095,710
711,GUC2A_HUMAN,,,,Q02747,711
712,TFF2_HUMAN,,,,Q03403,712
713,CXCL9_HUMAN,,,,Q07325,713
714,TFF3_HUMAN,,,,Q07654,714
715,LG3BP_HUMAN,,,,Q08380,715
716,MFGM_HUMAN,,,,Q08431,716
717,FGL1_HUMAN,,,,Q08830,717
718,FBLN3_HUMAN,,,,Q12805,718
719,AIMP1_HUMAN,,,,Q12904,719
720,I15RA_HUMAN,,,,Q13261,720
721,PNOC_HUMAN,,,,Q13519,721
722,IL16_HUMAN,,,,Q14005,722
723,GAS6_HUMAN,,,,Q14393,723
724,CSHL_HUMAN,,,,Q14406,724
725,ANGP1_HUMAN,,,,Q15389,725
726,FCN2_HUMAN,,,,Q15485,726
727,KISS1_HUMAN,,,,Q15726,727
728,ECM1_HUMAN,,,,Q16610,728
729,CCL14_HUMAN,,,,Q16627,729
730,GUC2B_HUMAN,,,,Q16661,730
731,CCL15_HUMAN,,,,Q16663,731
732,MIA_HUMAN,,,,Q16674,732
733,MSMP_HUMAN,,,,Q1L6U9,733
734,ERFE_HUMAN,,,,Q4G0M1,734
735,NMS_HUMAN,,,,Q5H8A3,735
736,SIRB2_HUMAN,,,,Q5JXA9,736
737,IGFL1_HUMAN,,,,Q6UW32,737
738,IGFL2_HUMAN,,,,Q6UWQ7,738
739,ENHO_HUMAN,,,,Q6UWT2,739
740,VSTM1_HUMAN,,,,Q6UX27,740
741,ALKL2_HUMAN,,,,Q6UX46,741
742,IGFL3_HUMAN,,,,Q6UXB1,742
743,CXL17_HUMAN,,,,Q6UXB2,743
744,ALKL1_HUMAN,,,,Q6UXT8,744
745,RSPO2_HUMAN,,,,Q6UXX9,745
746,SOSD1_HUMAN,,,,Q6X4U4,746
747,IL34_HUMAN,,,,Q6ZMJ4,747
748,UTS2B_HUMAN,,,,Q765I0,748
749,TKN4_HUMAN,,,,Q86UU9,749
750,SFTA1_HUMAN,,,,Q8IWL2,750
751,LGI2_HUMAN,,,,Q8N0V4,751
752,D106A_HUMAN,,,,Q8N104,752
753,LGI4_HUMAN,,,,Q8N135,753
754,LGI3_HUMAN,,,,Q8N145,754
755,NPW_HUMAN,,,,Q8N729,755
756,FNDC5_HUMAN,,,,Q8NAU1,756
757,DRAXI_HUMAN,,,,Q8NBI3,757
758,PCSK9_HUMAN,,,,Q8NBP7,758
759,NPB_HUMAN,,,,Q8NG41,759
760,CC4L_HUMAN,,,,Q8NHW4,760
761,REL3_HUMAN,,,,Q8WXF3,761
762,FAM3C_HUMAN,,,,Q92520,762
763,CCL17_HUMAN,,,,Q92583,763
764,FGF13_HUMAN,,,,Q92913,764
765,PRG4_HUMAN,,,,Q92954,765
766,LEAP2_HUMAN,,,,Q969E1,766
767,UCN3_HUMAN,,,,Q969E3,767
768,TIP39_HUMAN,,,,Q96A98,768
769,RGMA_HUMAN,,,,Q96B86,769
770,FAM3D_HUMAN,,,,Q96BQ1,770
771,PGCB_HUMAN,,,,Q96GW7,771
772,SFRP2_HUMAN,,,,Q96HF1,772
773,LRIG1_HUMAN,,,,Q96JA1,773
774,TAFA4_HUMAN,,,,Q96LR4,774
775,SG3A1_HUMAN,,,,Q96QR1,775
776,UCN2_HUMAN,,,,Q96RP3,776
777,GPHA2_HUMAN,,,,Q96T91,777
778,AMELX_HUMAN,,,,Q99217,778
779,AMELY_HUMAN,,,,Q99218,779
780,NELL2_HUMAN,,,,Q99435,780
781,CCL13_HUMAN,,,,Q99616,781
782,CCL19_HUMAN,,,,Q99731,782
783,RARR2_HUMAN,,,,Q99969,783
784,MYOC_HUMAN,,,,Q99972,784
785,GDF15_HUMAN,,,,Q99988,785
786,SOST_HUMAN,,,,Q9BQB4,786
787,SPON2_HUMAN,,,,Q9BUD6,787
788,C1QT1_HUMAN,,,,Q9BXJ1,788
789,RSPO3_HUMAN,,,,Q9BXY4,789
790,LACRT_HUMAN,,,,Q9GZZ8,790
791,MMRN2_HUMAN,,,,Q9H8L6,791
792,NET4_HUMAN,,,,Q9HB63,792
793,PROK2_HUMAN,,,,Q9HC23,793
794,SPON1_HUMAN,,,,Q9HCB6,794
795,NPVF_HUMAN,,,,Q9HCQ7,795
796,FGF22_HUMAN,,,,Q9HCT0,796
797,RETN_HUMAN,,,,Q9HD89,797
798,AMBN_HUMAN,,,,Q9NP70,798
799,FGF20_HUMAN,,,,Q9NP95,799
800,IL23A_HUMAN,,,,Q9NPF7,800
801,CCL28_HUMAN,,,,Q9NRJ3,801
802,ENAM_HUMAN,,,,Q9NRM1,802
803,CYTL1_HUMAN,,,,Q9NRR1,803
804,LTBP3_HUMAN,,,,Q9NS15,804
805,OBP2A_HUMAN,,,,Q9NY56,805
806,CNTN3_HUMAN,,,,Q9P232,806
807,XCL2_HUMAN,,,,Q9UBD3,807
808,DKK3_HUMAN,,,,Q9UBP4,808
809,DKK4_HUMAN,,,,Q9UBT3,809
810,GHRL_HUMAN,,,,Q9UBU3,810
811,TKNK_HUMAN,,,,Q9UHF0,811
812,IL17B_HUMAN,,,,Q9UHF5,812
813,PCS1N_HUMAN,,,,Q9UHG2,813
814,APEL_HUMAN,,,,Q9ULZ1,814
815,CLC11_HUMAN,,,,Q9Y240,815
816,CCL26_HUMAN,,,,Q9Y258,816
817,ANGP4_HUMAN,,,,Q9Y264,817
818,CCL27_HUMAN,,,,Q9Y4X3,818
819,INSL5_HUMAN,,,,Q9Y5Q6,819
820,WIF1_HUMAN,,,,Q9Y5W5,820
821,CD70_HUMAN,,,,P32970,821
822,EFNA2_HUMAN,,,,O43921,822
823,EFNA3_HUMAN,,,,P52797,823
824,CLC2B_HUMAN,,,,Q92478,824
825,CLC2A_HUMAN,,,,Q6UVW9,825
826,CXL16_HUMAN,,,,Q9H2A7,826
827,TNFL8_HUMAN,,,,P32971,827
828,TNFL4_HUMAN,,,,P23510,828
829,UROK_HUMAN,,,,P00749,829
830,CD72_HUMAN,,,,P21854,830
831,HMGB1_HUMAN,,,,P09429,831
832,LCN1_HUMAN,,,,P31025,832
833,TXLNA_HUMAN,,,,P40222,833
834,CD24_HUMAN,,,,P25063,834
835,CLC4G_HUMAN,,,,Q6UXB4,835
836,GNAI2_HUMAN,,,,P04899,836
837,GON1_HUMAN,,,,P01148,837
838,PSN1_HUMAN,,,,P49768,838
839,AFAD_HUMAN,,,,P55196,839
840,PROS_HUMAN,,,,P07225,840
841,CO5_HUMAN,,,,P01031,841
842,RS19_HUMAN,,,,P39019,842
843,CAMP_HUMAN,,,,P49913,843
844,HEBP1_HUMAN,,,,Q9NRV9,844
845,GON2_HUMAN,,,,O43555,845
846,SAP_HUMAN,,,,P07602,846
847,ARF1_HUMAN,,,,P84077,847
848,KMT2E_HUMAN,,,,Q8IZD2,848
849,LIPH_HUMAN,,,,Q8WWY8,849
850,NTNG2_HUMAN,,,,Q96CW9,850
851,RTN4_HUMAN,,,,Q9NQC3,851
852,CNTN6_HUMAN,,,,Q9UQ52,852
853,NTNG1_HUMAN,,,,Q9Y2I2,853
854,PCNA_HUMAN,,,,P12004,854
855,GRAB_HUMAN,,,,P10144,855
856,CD38_HUMAN,,,,P28907,856
857,ANT3_HUMAN,,,,P01008,857
858,A1AT_HUMAN,,,,P01009,858
859,MFNG_HUMAN,,,,O00587,859
860,RENI_HUMAN,,,,P00797,860
861,TFPI1_HUMAN,,,,P10646,861
862,OMGP_HUMAN,,,,P23515,862
863,ASIP_HUMAN,,,,P42127,863
864,FSTL1_HUMAN,,,,Q12841,864
865,RASH_HUMAN,,,,P01112,865
866,FA9_HUMAN,,,,P00740,866
867,TIMP1_HUMAN,,,,P01033,867
868,SFRP1_HUMAN,,,,Q8N474,868
869,TPA_HUMAN,,,,P00750,869
870,PAI1_HUMAN,,,,P05121,870
871,TRFL_HUMAN,,,,P02788,871
872,HRG_HUMAN,,,,P04196,872
873,PROC_HUMAN,,,,P04070,873
874,VASP_HUMAN,,,,P50552,874
875,SNAT_HUMAN,,,,Q16613,875
876,CRP_HUMAN,,,,P02741,876
877,MMP7_HUMAN,,,,P09237,877
878,TIMP2_HUMAN,,,,P16035,878
879,F13A_HUMAN,,,,P00488,879
880,TIMP3_HUMAN,,,,P35625,880
881,IBP4_HUMAN,,,,P22692,881
882,SHAN1_HUMAN,,,,Q9Y566,882
883,SG3A2_HUMAN,,,,Q96PL1,883
884,FIBB_HUMAN,,,,P02675,884
885,PRND_HUMAN,,,,Q9UKY0,885
886,HYAS2_HUMAN,,,,Q92819,886
887,RGMB_HUMAN,,,,Q6NW40,887
888,LIPL_HUMAN,,,,P06858,888
889,PGS1_HUMAN,,,,P21810,889
890,CTHR1_HUMAN,,,,Q96CG8,890
891,FIBG_HUMAN,,,,P02679,891
892,SLPI_HUMAN,,,,P03973,892
893,FA8_HUMAN,,,,P00451,893
894,TGM2_HUMAN,,,,P21980,894
895,C4BPA_HUMAN,,,,P04003,895
896,CFAH_HUMAN,,,,P08603,896
897,RET4_HUMAN,,,,P02753,897
898,MMP9_HUMAN,,,,P14780,898
899,ZG16B_HUMAN,,,,Q96DA0,899
900,TECT1_HUMAN,,,,Q2MV58,900
901,CO4A_HUMAN,,,,P0C0L4,901
902,AMRP_HUMAN,,,,P30533,902
903,HS90A_HUMAN,,,,P07900,903
904,A0A494C0S9_HUMAN,,,,A0A494C0S9,904
905,TNFC_HUMAN,,,,Q06643,905
906,A2MG_HUMAN,,,,P01023,906
907,GDN_HUMAN,,,,P07093,907
908,MMP13_HUMAN,,,,P45452,908
909,C1QB_HUMAN,,,,P02746,909
910,LIPC_HUMAN,,,,P11150,910
911,SFPA2_HUMAN,,,,Q8IWL1,911
912,MBL2_HUMAN,,,,P11226,912
913,C1QA_HUMAN,,,,P02745,913
914,RNAS2_HUMAN,,,,P10153,914
915,CERU_HUMAN,,,,P00450,915
916,GPC3_HUMAN,,,,P51654,916
917,IC1_HUMAN,,,,P05155,917
918,NGAL_HUMAN,,,,P80188,918
919,ISK1_HUMAN,,,,P00995,919
920,LIN7C_HUMAN,,,,Q9NUP9,920
921,MATN1_HUMAN,,,,P21941,921
922,PA2GX_HUMAN,,,,O15496,922
923,LTBP1_HUMAN,,,,Q14766,923
924,MMP1_HUMAN,,,,P03956,924
925,FAT4_HUMAN,,,,Q6V0I7,925
926,FETUA_HUMAN,,,,P02765,926
927,PTMA_HUMAN,,,,P06454,927
928,PGH2_HUMAN,,,,P35354,928
929,FA7_HUMAN,,,,P08709,929
930,MMP12_HUMAN,,,,P39900,930
931,COLQ_HUMAN,,,,Q9Y215,931
932,PLTP_HUMAN,,,,P55058,932
933,MEPE_HUMAN,,,,Q9NQ76,933
934,VIME_HUMAN,,,,P08670,934
935,CEAM5_HUMAN,,,,P06731,935
936,BASI_HUMAN,,,,P35613,936
937,CRTAM_HUMAN,,,,O95727,937
938,CADM1_HUMAN,,,,Q9BY67,938
939,CD52_HUMAN,,,,P31358,939
940,CIRBP_HUMAN,,,,Q14011,940
941,DJB11_HUMAN,,,,Q9UBS4,941
942,LY86_HUMAN,,,,O95711,942
943,MUC2_HUMAN,,,,Q02817,943
944,MYL9_HUMAN,,,,P24844,944
945,PTSS1_HUMAN,,,,P48651,945
946,SRTD1_HUMAN,,,,Q9UHV2,946
947,TOR2A_HUMAN,,,,Q5JU69,947
948,CALM1_HUMAN,,,,P0DP23,948
949,S10AA_HUMAN,,,,P60903,949
950,FADD_HUMAN,,,,Q13158,950
951,MFAP5_HUMAN,,,,Q13361,951
952,MTMR4_HUMAN,,,,Q9NYA4,952
953,Q96HY3_HUMAN,,,,Q96HY3,953
954,IRAK4_HUMAN,,,,Q9NWZ3,954
955,MEG10_HUMAN,,,,Q96KG7,955
956,TLN1_HUMAN,,,,Q9Y490,956
957,GSTP1_HUMAN,,,,P09211,957
958,SRBS1_HUMAN,,,,Q9BX66,958
959,CENPR_HUMAN,,,,Q13352,959
960,VINC_HUMAN,,,,P18206,960
961,TCO2_HUMAN,,,,P20062,961
962,GBB3_HUMAN,,,,P16520,962
963,GSTM2_HUMAN,,,,P28161,963
964,ELAF_HUMAN,,,,P19957,964
965,LYPD3_HUMAN,,,,O95274,965
966,LMAN1_HUMAN,,,,P49257,966
967,NCAN_HUMAN,,,,O14594,967
968,CFC1_HUMAN,,,,P0CG37,968
969,TGS1_HUMAN,,,,Q96RS0,969
970,LYSC_HUMAN,,,,P61626,970
971,RIMS2_HUMAN,,,,Q9UQ26,971
972,FARP2_HUMAN,,,,O94887,972
973,BST1_HUMAN,,,,Q10588,973
974,NPTX2_HUMAN,,,,P47972,974
975,DCHS_HUMAN,,,,P19113,975
976,CING_HUMAN,,,,Q9P2M7,976
977,DHPR_HUMAN,,,,P09417,977
978,PIGF_HUMAN,,,,Q07326,978
979,ATS3_HUMAN,,,,O15072,979
980,S100B_HUMAN,,,,P04271,980
981,S10A1_HUMAN,,,,P23297,981
982,FGF11_HUMAN,,,,Q92914,982
983,ARPC5_HUMAN,,,,O15511,983
984,FABP5_HUMAN,,,,Q01469,984
985,ARF6_HUMAN,,,,P62330,985
986,ENPL_HUMAN,,,,P14625,986
987,HSP74_HUMAN,,,,P34932,987
988,NPTX1_HUMAN,,,,Q15818,988
989,FBLN4_HUMAN,,,,O95967,989
990,ATRAP_HUMAN,,,,Q6RW13,990
991,KPYM_HUMAN,,,,P14618,991
992,IZUM1_HUMAN,,,,Q8IYV9,992
993,PDIA1_HUMAN,,,,P07237,993
994,SEM4F_HUMAN,,,,O95754,994
995,ITIH2_HUMAN,,,,P19823,995
996,SPTN1_HUMAN,,,,Q13813,996
997,FGF14_HUMAN,,,,Q92915,997
998,ARP2_HUMAN,,,,P61160,998
999,SHBG_HUMAN,,,,P04278,999
1000,DSCAM_HUMAN,,,,O60469,1000
1001,PTN6_HUMAN,,,,P29350,1001
1002,C1QT5_HUMAN,,,,Q9BXJ0,1002
1003,HSP7C_HUMAN,,,,P11142,1003
1004,SHAN2_HUMAN,,,,Q9UPX8,1004
1005,LEG8_HUMAN,,,,O00214,1005
1006,CALL3_HUMAN,,,,P27482,1006
1007,RIMS1_HUMAN,,,,Q86UR5,1007
1008,KLK3_HUMAN,,,,P07288,1008
1009,FA12_HUMAN,,,,P00748,1009
1010,CLC3A_HUMAN,,,,O75596,1010
1011,CCN6_HUMAN,,,,O95389,1011
1012,CRIS3_HUMAN,,,,P54108,1012
1013,HS71A_HUMAN,,,,P0DMV8,1013
1014,CUBN_HUMAN,,,,O60494,1014
1015,PTN11_HUMAN,,,,Q06124,1015
1016,SPIT1_HUMAN,,,,O43278,1016
1017,NUCB2_HUMAN,,,,P80303,1017
1018,CRIS2_HUMAN,,,,P16562,1018
1019,PDX1_HUMAN,,,,P52945,1019
1020,PIGA_HUMAN,,,,P37287,1020
1021,GSTO1_HUMAN,,,,P78417,1021
1022,ADA_HUMAN,,,,P00813,1022
1023,CEA16_HUMAN,,,,Q2WEN9,1023
1024,SPTN2_HUMAN,,,,O15020,1024
1025,APOC1_HUMAN,,,,P02654,1025
1026,FGF12_HUMAN,,,,P61328,1026
1027,ENTP1_HUMAN,,,,P49961,1027
1028,TRYB1_HUMAN,,,,Q15661,1028
1029,HAP28_HUMAN,,,,Q13442,1029
1030,THBG_HUMAN,,,,P05543,1030
1031,LRP1B_HUMAN,,,,Q9NZR2,1031
1032,PSG9_HUMAN,,,,Q00887,1032
1033,MXRA5_HUMAN,,,,Q9NR99,1033
1034,AMD_HUMAN,,,,P19021,1034
1035,PSG4_HUMAN,,,,Q00888,1035
1036,HPLN1_HUMAN,,,,P10915,1036
1037,AEDO_HUMAN,,,,Q96SZ5,1037
1038,FSTL5_HUMAN,,,,Q8N475,1038
1039,MIC26_HUMAN,,,,Q9BUR5,1039
1040,IGS10_HUMAN,,,,Q6WRI0,1040
1041,BT1A1_HUMAN,,,,Q13410,1041
1042,CNMD_HUMAN,,,,O75829,1042
1043,WFKN2_HUMAN,,,,Q8TEU8,1043
1044,NR0B2_HUMAN,,,,Q15466,1044
1045,SPRC_HUMAN,,,,P09486,1045
1046,FA11_HUMAN,,,,P03951,1046
1047,PSG6_HUMAN,,,,Q00889,1047
1048,I11RA_HUMAN,,,,Q14626,1048
1049,IMPG2_HUMAN,,,,Q9BZV3,1049
1050,IBPL1_HUMAN,,,,Q8WX77,1050
1051,TIG1_HUMAN,,,,P49788,1051
1052,BPI_HUMAN,,,,P17213,1052
1053,IGSF1_HUMAN,,,,Q8N6C5,1053
1054,FRS3_HUMAN,,,,O43559,1054
1055,SOCS2_HUMAN,,,,O14508,1055
1056,PI16_HUMAN,,,,Q6UXB8,1056
1057,PSG5_HUMAN,,,,Q15238,1057
1058,PSG7_HUMAN,,,,Q13046,1058
1059,ETV5_HUMAN,,,,P41161,1059
1060,SCEL_HUMAN,,,,O95171,1060
1061,SNX14_HUMAN,,,,Q9Y5W7,1061
1062,IBP7_HUMAN,,,,Q16270,1062
1063,TRYB2_HUMAN,,,,P20231,1063
1064,TRML4_HUMAN,,,,Q6UXN2,1064
1065,SCUB2_HUMAN,,,,Q9NQ36,1065
1066,DBP_HUMAN,,,,Q10586,1066
1067,MAML2_HUMAN,,,,Q8IZL2,1067
1068,IL27A_HUMAN,,,,Q8NEV9,1068
1069,SYYC_HUMAN,,,,P54577,1069
1070,NID2_HUMAN,,,,Q14112,1070
1071,PON2_HUMAN,,,,Q15165,1071
1072,RP3A_HUMAN,,,,Q9Y2J0,1072
1073,MUC7_HUMAN,,,,Q8TAX7,1073
1074,NPNT_HUMAN,,,,Q6UXI9,1074
1075,SYTL3_HUMAN,,,,Q4VX76,1075
1076,KR412_HUMAN,,,,Q9BQ66,1076
1077,PLXA1_HUMAN,,,,Q9UIW2,1077
1078,PRS23_HUMAN,,,,O95084,1078
1079,CADH2_HUMAN,,,,P19022,1079
1080,CADH3_HUMAN,,,,P22223,1080
1081,CADH5_HUMAN,,,,P33151,1081
1082,CADH6_HUMAN,,,,P55285,1082
1083,CADH7_HUMAN,,,,Q9ULB5,1083
1084,DAG1_HUMAN,,,,Q14118,1084
1085,CXA1_HUMAN,,,,P17302,1085
1086,CXA3_HUMAN,,,,Q9Y6H8,1086
1087,CXA5_HUMAN,,,,P36382,1087
1088,CXG1_HUMAN,,,,P36383,1088
1089,APLP2_HUMAN,,,,Q06481,1089
1090,C11B2_HUMAN,,,,P19099,1090
1091,S5A1_HUMAN,,,,P18405,1091
1092,S5A2_HUMAN,,,,P31213,1092
1093,PORED_HUMAN,,,,Q9H8P0,1093
1094,CP17A_HUMAN,,,,P05093,1094
1095,H17B6_HUMAN,,,,O14756,1095
1096,CP27B_HUMAN,,,,O15528,1096
1097,C11B1_HUMAN,,,,P15538,1097
1098,CP21A_HUMAN,,,,P08686,1098
1099,CP19A_HUMAN,,,,P11511,1099
1100,CP3A4_HUMAN,,,,P08684,1100
1101,DHB12_HUMAN,,,,Q53GQ0,1101
1102,DHB3_HUMAN,,,,P37058,1102
1103,DGLA_HUMAN,,,,Q9Y4D2,1103
1104,DGLB_HUMAN,,,,Q8NCG7,1104
1105,CSTN1_HUMAN,,,,O94985,1105
1106,CSTN2_HUMAN,,,,Q9H4D0,1106
1107,CSTN3_HUMAN,,,,Q9BQT9,1107
1108,CATG_HUMAN,,,,P08311,1108
1109,LICH_HUMAN,,,,P38571,1109
1110,DHC24_HUMAN,,,,Q15392,1110
1111,DHCR7_HUMAN,,,,Q9UBM7,1111
1112,GP15L_HUMAN,,,,Q6UWK7,1112
1113,C1QRF_HUMAN,,,,O75973,1113
1114,C1QL2_HUMAN,,,,Q7Z5L3,1114
1115,C1QL3_HUMAN,,,,Q5VWW1,1115
1116,C1QL4_HUMAN,,,,Q86Z23,1116
1117,ST1A1_HUMAN,,,,P50225,1117
1118,ST1E1_HUMAN,,,,P49888,1118
1119,ST2A1_HUMAN,,,,Q06520,1119
1120,UBS3B_HUMAN,,,,Q8TF42,1120
1121,DHRS9_HUMAN,,,,Q9BPW9,1121
1122,TYRO_HUMAN,,,,P14679,1122
1123,DHB1_HUMAN,,,,P14061,1123
1124,FLRT2_HUMAN,,,,O43155,1124
1125,IBP3_HUMAN,,,,P17936,1125
1126,IL1AP_HUMAN,,,,Q9NPH3,1126
1127,LRC4C_HUMAN,,,,Q9HCJ2,1127
1128,LRFN4_HUMAN,,,,Q6PJG9,1128
1129,LRFN5_HUMAN,,,,Q96NI6,1129
1130,LRRT1_HUMAN,,,,Q86UE6,1130
1131,LRRT2_HUMAN,,,,O43300,1131
1132,LRRT3_HUMAN,,,,Q86VH5,1132
1133,LRRT4_HUMAN,,,,Q86VH4,1133
1134,DPEP1_HUMAN,,,,P16444,1134
1135,DPEP2_HUMAN,,,,Q9H4A9,1135
1136,DPEP3_HUMAN,,,,Q9H4B8,1136
1137,LKHA4_HUMAN,,,,P09960,1137
1138,LTC4S_HUMAN,,,,Q16873,1138
1139,PTGR1_HUMAN,,,,Q14914,1139
1140,LOX12_HUMAN,,,,P18054,1140
1141,LPAR1_HUMAN,,,,Q92633,1141
1142,LPAR3_HUMAN,,,,Q9UBY5,1142
1143,ASMT_HUMAN,,,,P46597,1143
1144,NLGNY_HUMAN,,,,Q8NFZ3,1144
1145,PVR_HUMAN,,,,P15151,1145
1146,ALDR_HUMAN,,,,P15121,1146
1147,AK1C3_HUMAN,,,,P42330,1147
1148,CBR1_HUMAN,,,,P16152,1148
1149,PTGDS_HUMAN,,,,P41222,1149
1150,PTGES_HUMAN,,,,O14684,1150
1151,PGES2_HUMAN,,,,Q9H7Z7,1151
1152,TEBP_HUMAN,,,,Q15185,1152
1153,SLIK4_HUMAN,,,,Q8IW52,1153
1154,SDC1_HUMAN,,,,P18827,1154
1155,TAFA1_HUMAN,,,,Q7Z5A9,1155
1156,TAFA5_HUMAN,,,,Q7Z5A7,1156
1157,TEN1_HUMAN,,,,Q9UKZ4,1157
1158,TEN3_HUMAN,,,,Q9P273,1158
1159,AK1D1_HUMAN,,,,P51857,1159
1160,TX1B3_HUMAN,,,,O14907,1160
1161,THAS_HUMAN,,,,P24557,1161
1162,BY55_HUMAN,,,,O95971,1162
1163,CD226_HUMAN,,,,Q15762,1163
1164,CD248_HUMAN,,,,Q9HCU0,1164
1165,CD276_HUMAN,,,,Q5ZPR3,1165
1166,CD320_HUMAN,,,,Q9NPF0,1166
1167,CD44_HUMAN,,,,P16070,1167
1168,C1QR1_HUMAN,,,,Q9NPY3,1168
1169,NCHL1_HUMAN,,,,O00533,1169
1170,SUPYN_HUMAN,,,,M5A8F1,1170
1171,ESAM_HUMAN,,,,Q96AP7,1171
1172,FRIH_HUMAN,,,,P02794,1172
1173,FRIL_HUMAN,,,,P02792,1173
1174,HFE_HUMAN,,,,Q30201,1174
1175,KLRB1_HUMAN,,,,Q12918,1175
1176,LAIR1_HUMAN,,,,Q6GTX8,1176
1177,MPZL1_HUMAN,,,,O95297,1177
1178,NSMF_HUMAN,,,,Q6X4W1,1178
1179,PECA1_HUMAN,,,,P16284,1179
1180,PPIA_HUMAN,,,,P62937,1180
1181,PXL2B_HUMAN,,,,Q8TBF2,1181
1182,PTGIS_HUMAN,,,,Q16647,1182
1183,PTPRC_HUMAN,,,,P08575,1183
1184,PTPRD_HUMAN,,,,P23468,1184
1185,PTPRS_HUMAN,,,,Q13332,1185
1186,RNT2_HUMAN,,,,O00584,1186
1187,RTN4R_HUMAN,,,,Q9BZR6,1187
1188,SIG15_HUMAN,,,,Q6ZMC9,1188
1189,PERT_HUMAN,,,,P07202,1189
1190,TULP1_HUMAN,,,,O00294,1190
1191,UNC5A_HUMAN,,,,Q6ZN44,1191
1192,AGRE5_HUMAN,,,,P48960,1192
1193,MCP_HUMAN,,,,P15529,1193
1194,CD6_HUMAN,,,,P30203,1194
1195,CAD15_HUMAN,,,,P55291,1195
1196,CADH4_HUMAN,,,,P55283,1196
1197,CD8A_HUMAN,,,,P01732,1197
1198,CLD11_HUMAN,,,,O75508,1198
1199,CD69_HUMAN,,,,Q07108,1199
1200,CLC2L_HUMAN,,,,P0C7M8,1200
1201,MAG_HUMAN,,,,P20916,1201
1202,DOA_HUMAN,,,,P06340,1202
1203,NCAM2_HUMAN,,,,O15394,1203
1204,NEGR1_HUMAN,,,,Q7Z3B1,1204
1205,LRRC4_HUMAN,,,,Q9HBW1,1205
1206,OCLN_HUMAN,,,,Q16625,1206
1207,PTPRM_HUMAN,,,,P28827,1207
1208,SN_HUMAN,,,,Q9BZZ2,1208
1209,VISTA_HUMAN,,,,Q9H7M9,1209
1210,KLK6_HUMAN,,,,Q92876,1210
1211,KLK5_HUMAN,,,,Q9Y337,1211
1212,KLK4_HUMAN,,,,Q9Y5K2,1212
1213,KLK1_HUMAN,,,,P06870,1213
1214,KLK2_HUMAN,,,,P20151,1214
1215,KLK14_HUMAN,,,,Q9P0G3,1215
1216,KLK7_HUMAN,,,,P49862,1216
1217,KLK8_HUMAN,,,,O60259,1217
1218,TULP2_HUMAN,,,,O00295,1218
1219,TUB_HUMAN,,,,P50607,1219
1220,CLD1_HUMAN,,,,O95832,1220
1221,CLD2_HUMAN,,,,P57739,1221
1222,CLD3_HUMAN,,,,O15551,1222
1223,PCDAA_HUMAN,,,,Q9Y5I2,1223
1224,PCDAB_HUMAN,,,,Q9Y5I1,1224
1225,PCDAC_HUMAN,,,,Q9UN75,1225
1226,PCDAD_HUMAN,,,,Q9Y5I0,1226
1227,PCDA1_HUMAN,,,,Q9Y5I3,1227
1228,PCDA2_HUMAN,,,,Q9Y5H9,1228
1229,PCDA3_HUMAN,,,,Q9Y5H8,1229
1230,PCDA4_HUMAN,,,,Q9UN74,1230
1231,PCDA5_HUMAN,,,,Q9Y5H7,1231
1232,PCDA6_HUMAN,,,,Q9UN73,1232
1233,PCDA7_HUMAN,,,,Q9UN72,1233
1234,PCDA8_HUMAN,,,,Q9Y5H6,1234
1235,PCDA9_HUMAN,,,,Q9Y5H5,1235
1236,PCDC1_HUMAN,,,,Q9H158,1236
1237,PCDC2_HUMAN,,,,Q9Y5I4,1237
1238,PCDB1_HUMAN,,,,Q9Y5F3,1238
1239,PCDBA_HUMAN,,,,Q9UN67,1239
1240,PCDBB_HUMAN,,,,Q9Y5F2,1240
1241,PCDBC_HUMAN,,,,Q9Y5F1,1241
1242,PCDBD_HUMAN,,,,Q9Y5F0,1242
1243,PCDBE_HUMAN,,,,Q9Y5E9,1243
1244,PCDBF_HUMAN,,,,Q9Y5E8,1244
1245,PCDBG_HUMAN,,,,Q9NRJ7,1245
1246,PCDB2_HUMAN,,,,Q9Y5E7,1246
1247,PCDB3_HUMAN,,,,Q9Y5E6,1247
1248,PCDB4_HUMAN,,,,Q9Y5E5,1248
1249,PCDB5_HUMAN,,,,Q9Y5E4,1249
1250,PCDB6_HUMAN,,,,Q9Y5E3,1250
1251,PCDB7_HUMAN,,,,Q9Y5E2,1251
1252,PCDB8_HUMAN,,,,Q9UN66,1252
1253,PCDB9_HUMAN,,,,Q9Y5E1,1253
1254,PCDG1_HUMAN,,,,Q9Y5H4,1254
1255,PCDGA_HUMAN,,,,Q9Y5H3,1255
1256,PCDGB_HUMAN,,,,Q9Y5H2,1256
1257,PCDGC_HUMAN,,,,O60330,1257
1258,PCDG2_HUMAN,,,,Q9Y5H1,1258
1259,PCDG3_HUMAN,,,,Q9Y5H0,1259
1260,PCDG4_HUMAN,,,,Q9Y5G9,1260
1261,PCDG5_HUMAN,,,,Q9Y5G8,1261
1262,PCDG6_HUMAN,,,,Q9Y5G7,1262
1263,PCDG7_HUMAN,,,,Q9Y5G6,1263
1264,PCDG8_HUMAN,,,,Q9Y5G5,1264
1265,PCDG9_HUMAN,,,,Q9Y5G4,1265
1266,PCDGD_HUMAN,,,,Q9Y5G3,1266
1267,PCDGE_HUMAN,,,,Q9Y5G2,1267
1268,PCDGF_HUMAN,,,,Q9Y5G1,1268
1269,PCDGG_HUMAN,,,,Q9UN71,1269
1270,PCDGH_HUMAN,,,,Q9Y5G0,1270
1271,PCDGI_HUMAN,,,,Q9Y5F9,1271
1272,PCDGJ_HUMAN,,,,Q9Y5F8,1272
1273,PCDGK_HUMAN,,,,Q9UN70,1273
1274,PCDGL_HUMAN,,,,Q9Y5F7,1274
1275,PCDGM_HUMAN,,,,Q9Y5F6,1275
1276,AA3R_HUMAN,,,,P0DMS8,1276
1277,ERBB2_HUMAN,,,,P04626,1277
1278,EGFR_HUMAN,,,,P00533,1278
1279,CNTP1_HUMAN,,,,P78357,1279
1280,FPR3_HUMAN,,,,P25089,1280
1281,ACV1B_HUMAN,,,,P36896,1281
1282,TGFR1_HUMAN,,,,P36897,1282
1283,TGFR2_HUMAN,,,,P37173,1283
1284,ITB7_HUMAN,,,,P26010,1284
1285,NKG2A_HUMAN,,,,P26715,1285
1286,NKG2C_HUMAN,,,,P26717,1286
1287,NKG2E_HUMAN,,,,Q07444,1287
1288,AVR2A_HUMAN,,,,P27037,1288
1289,BMR1A_HUMAN,,,,P36894,1289
1290,NKG2D_HUMAN,,,,P26718,1290
1291,ITA10_HUMAN,,,,O75578,1291
1292,TYOBP_HUMAN,,,,O43914,1292
1293,VGFR2_HUMAN,,,,P35968,1293
1294,NRP1_HUMAN,,,,O14786,1294
1295,ITB4_HUMAN,,,,P16144,1295
1296,CNTFR_HUMAN,,,,P26992,1296
1297,TNR3_HUMAN,,,,P36941,1297
1298,FCG3B_HUMAN,,,,O75015,1298
1299,FCG2B_HUMAN,,,,P31994,1299
1300,AVR2B_HUMAN,,,,Q13705,1300
1301,ACVR1_HUMAN,,,,Q04771,1301
1302,CSF1R_HUMAN,,,,P07333,1302
1303,I12R1_HUMAN,,,,P42701,1303
1304,IL6RB_HUMAN,,,,P40189,1304
1305,I27RA_HUMAN,,,,Q6UWB1,1305
1306,I17RC_HUMAN,,,,Q8NAC3,1306
1307,FZD9_HUMAN,,,,O00144,1307
1308,FZD6_HUMAN,,,,O60353,1308
1309,FZD7_HUMAN,,,,O75084,1309
1310,LRP5_HUMAN,,,,O75197,1310
1311,LRP6_HUMAN,,,,O75581,1311
1312,PTC1_HUMAN,,,,Q13635,1312
1313,SMO_HUMAN,,,,Q99835,1313
1314,VGFR3_HUMAN,,,,P35916,1314
1315,RET_HUMAN,,,,P07949,1315
1316,NRP2_HUMAN,,,,O60462,1316
1317,ACVL1_HUMAN,,,,P37023,1317
1318,ILRL1_HUMAN,,,,Q01638,1318
1319,PGFRB_HUMAN,,,,P09619,1319
1320,INAR1_HUMAN,,,,P17181,1320
1321,INGR1_HUMAN,,,,P15260,1321
1322,IL1R1_HUMAN,,,,P14778,1322
1323,IL1R2_HUMAN,,,,P27930,1323
1324,CSF2R_HUMAN,,,,P15509,1324
1325,IL4RA_HUMAN,,,,P24394,1325
1326,IL3RB_HUMAN,,,,P32927,1326
1327,IL6RA_HUMAN,,,,P08887,1327
1328,RAMP1_HUMAN,,,,O60894,1328
1329,RAMP2_HUMAN,,,,O60895,1329
1330,RAMP3_HUMAN,,,,O60896,1330
1331,IL3RA_HUMAN,,,,P26951,1331
1332,IL7RA_HUMAN,,,,P16871,1332
1333,HG2A_HUMAN,,,,P04233,1333
1334,IL2RG_HUMAN,,,,P31785,1334
1335,VGFR1_HUMAN,,,,P17948,1335
1336,I10R2_HUMAN,,,,Q08334,1336
1337,GFRA2_HUMAN,,,,O00451,1337
1338,IL2RB_HUMAN,,,,P14784,1338
1339,IL2RA_HUMAN,,,,P01589,1339
1340,I20RB_HUMAN,,,,Q6UXL0,1340
1341,I18RA_HUMAN,,,,O95256,1341
1342,LGR5_HUMAN,,,,O75473,1342
1343,GFRA3_HUMAN,,,,O60609,1343
1344,IL31R_HUMAN,,,,Q8NI17,1344
1345,ILRL2_HUMAN,,,,Q9HB29,1345
1346,I22R1_HUMAN,,,,Q8N6P7,1346
1347,I17RA_HUMAN,,,,Q96F46,1347
1348,IL18R_HUMAN,,,,Q13478,1348
1349,I17RE_HUMAN,,,,Q8NFR9,1349
1350,FCGRN_HUMAN,,,,P55899,1350
1351,CR1_HUMAN,,,,P17927,1351
1352,EZRI_HUMAN,,,,P15311,1352
1353,ACHB3_HUMAN,,,,Q05901,1353
1354,ACHB2_HUMAN,,,,P17787,1354
1355,ACHA5_HUMAN,,,,P30532,1355
1356,ACHA4_HUMAN,,,,P43681,1356
1357,ACHB4_HUMAN,,,,P30926,1357
1358,AA1R_HUMAN,,,,P30542,1358
1359,AA2AR_HUMAN,,,,P29274,1359
1360,AA2BR_HUMAN,,,,P29275,1360
1361,ADA1A_HUMAN,,,,P35348,1361
1362,ADA1B_HUMAN,,,,P35368,1362
1363,ADA1D_HUMAN,,,,P25100,1363
1364,ADA2A_HUMAN,,,,P08913,1364
1365,ADA2B_HUMAN,,,,P18089,1365
1366,ADA2C_HUMAN,,,,P18825,1366
1367,ADRB1_HUMAN,,,,P08588,1367
1368,ADRB2_HUMAN,,,,P07550,1368
1369,ADRB3_HUMAN,,,,P13945,1369
1370,MUSK_HUMAN,,,,O15146,1370
1371,NR1I2_HUMAN,,,,O75469,1371
1372,ACM1_HUMAN,,,,P11229,1372
1373,ACM2_HUMAN,,,,P08172,1373
1374,ACM3_HUMAN,,,,P20309,1374
1375,ACM4_HUMAN,,,,P08173,1375
1376,ACM5_HUMAN,,,,P08912,1376
1377,ACHA_HUMAN,,,,P02708,1377
1378,ACHA7_HUMAN,,,,P36544,1378
1379,LSHR_HUMAN,,,,P22888,1379
1380,FSHR_HUMAN,,,,P23945,1380
1381,TSHR_HUMAN,,,,P16473,1381
1382,GAS1_HUMAN,,,,P54826,1382
1383,FGFR1_HUMAN,,,,P11362,1383
1384,AGRL1_HUMAN,,,,O94910,1384
1385,AGRL3_HUMAN,,,,Q9HAR2,1385
1386,AGRL2_HUMAN,,,,O95490,1386
1387,GABR1_HUMAN,,,,Q9UBS5,1387
1388,GABR2_HUMAN,,,,O75899,1388
1389,GBRA1_HUMAN,,,,P14867,1389
1390,GBRD_HUMAN,,,,O14764,1390
1391,GBRG2_HUMAN,,,,P18507,1391
1392,GBRB3_HUMAN,,,,P28472,1392
1393,GALR1_HUMAN,,,,P47211,1393
1394,GALR2_HUMAN,,,,O43603,1394
1395,GALR3_HUMAN,,,,O60755,1395
1396,GRIA1_HUMAN,,,,P42261,1396
1397,GRIA2_HUMAN,,,,P42262,1397
1398,GRIA3_HUMAN,,,,P42263,1398
1399,GRIA4_HUMAN,,,,P48058,1399
1400,GRIK1_HUMAN,,,,P39086,1400
1401,GRIK2_HUMAN,,,,Q13002,1401
1402,GRIK3_HUMAN,,,,Q13003,1402
1403,NMDZ1_HUMAN,,,,Q05586,1403
1404,NMDE4_HUMAN,,,,O15399,1404
1405,GRM1_HUMAN,,,,Q13255,1405
1406,GRM2_HUMAN,,,,Q14416,1406
1407,GRM3_HUMAN,,,,Q14832,1407
1408,GRM4_HUMAN,,,,Q14833,1408
1409,GRM5_HUMAN,,,,P41594,1409
1410,GRM6_HUMAN,,,,O15303,1410
1411,GRM7_HUMAN,,,,Q14831,1411
1412,GRM8_HUMAN,,,,O00222,1412
1413,GLRA1_HUMAN,,,,P23415,1413
1414,GLRA2_HUMAN,,,,P23416,1414
1415,IGF1R_HUMAN,,,,P08069,1415
1416,CLTR1_HUMAN,,,,Q9Y271,1416
1417,CLTR2_HUMAN,,,,Q9NS75,1417
1418,GPR17_HUMAN,,,,Q13304,1418
1419,FPR2_HUMAN,,,,P25090,1419
1420,OXER1_HUMAN,,,,Q8TDS5,1420
1421,CTSR1_HUMAN,,,,Q8NEC5,1421
1422,CTSRD_HUMAN,,,,Q86XM0,1422
1423,CTSR2_HUMAN,,,,Q96P56,1423
1424,CTSR3_HUMAN,,,,Q86XQ3,1424
1425,CTSR4_HUMAN,,,,Q7RTX7,1425
1426,RARA_HUMAN,,,,P10276,1426
1427,RARB_HUMAN,,,,P10826,1427
1428,RARG_HUMAN,,,,P13631,1428
1429,RXRA_HUMAN,,,,P19793,1429
1430,RXRB_HUMAN,,,,P28702,1430
1431,RABP2_HUMAN,,,,P29373,1431
1432,5HT1A_HUMAN,,,,P08908,1432
1433,5HT1B_HUMAN,,,,P28222,1433
1434,5HT1D_HUMAN,,,,P28221,1434
1435,5HT1E_HUMAN,,,,P28566,1435
1436,5HT1F_HUMAN,,,,P30939,1436
1437,5HT2A_HUMAN,,,,P28223,1437
1438,5HT2B_HUMAN,,,,P41595,1438
1439,5HT2C_HUMAN,,,,P28335,1439
1440,5HT3A_HUMAN,,,,P46098,1440
1441,5HT4R_HUMAN,,,,Q13639,1441
1442,5HT5A_HUMAN,,,,P47898,1442
1443,5HT6R_HUMAN,,,,P50406,1443
1444,5HT7R_HUMAN,,,,P34969,1444
1445,DRD1_HUMAN,,,,P21728,1445
1446,DRD2_HUMAN,,,,P14416,1446
1447,DRD3_HUMAN,,,,P35462,1447
1448,DRD4_HUMAN,,,,P21917,1448
1449,DRD5_HUMAN,,,,P21918,1449
1450,BOC_HUMAN,,,,Q9BWV1,1450
1451,CDON_HUMAN,,,,Q4KMG0,1451
1452,THA_HUMAN,,,,P10827,1452
1453,THB_HUMAN,,,,P10828,1453
1454,RYK_HUMAN,,,,P34925,1454
1455,AGRE2_HUMAN,,,,Q9UHX3,1455
1456,AGRA2_HUMAN,,,,Q96PE1,1456
1457,PAQR2_HUMAN,,,,Q86V24,1457
1458,GRID2_HUMAN,,,,O43424,1458
1459,SIRB1_HUMAN,,,,O00241,1459
1460,MET_HUMAN,,,,P08581,1460
1461,LRP1_HUMAN,,,,Q07954,1461
1462,PTPRK_HUMAN,,,,Q15262,1462
1463,COL12_HUMAN,,,,Q5KU26,1463
1464,HAVR2_HUMAN,,,,Q8TDQ0,1464
1465,MRC2_HUMAN,,,,Q9UBG0,1465
1466,NOTC1_HUMAN,,,,P46531,1466
1467,NOTC2_HUMAN,,,,Q04721,1467
1468,NOTC4_HUMAN,,,,Q99466,1468
1469,NOTC3_HUMAN,,,,Q9UM47,1469
1470,TSN15_HUMAN,,,,O95858,1470
1471,TSN12_HUMAN,,,,O95859,1471
1472,EPHA3_HUMAN,,,,P29320,1472
1473,UFO_HUMAN,,,,P30530,1473
1474,NRCAM_HUMAN,,,,Q92823,1474
1475,TSN17_HUMAN,,,,Q96FV3,1475
1476,TSN10_HUMAN,,,,Q9H1Z9,1476
1477,TREM2_HUMAN,,,,Q9NZC2,1477
1478,TR11B_HUMAN,,,,O00300,1478
1479,LGR4_HUMAN,,,,Q9BXB1,1479
1480,TNR11_HUMAN,,,,Q9Y6Q6,1480
1481,ERBB3_HUMAN,,,,P21860,1481
1482,ITA9_HUMAN,,,,Q13797,1482
1483,TNR8_HUMAN,,,,P28908,1483
1484,C163A_HUMAN,,,,Q86VB7,1484
1485,TNR25_HUMAN,,,,Q93038,1485
1486,TNR12_HUMAN,,,,Q9NP84,1486
1487,TNF6B_HUMAN,,,,O95407,1487
1488,TNR14_HUMAN,,,,Q92956,1488
1489,ITA5_HUMAN,,,,P08648,1489
1490,CTLA4_HUMAN,,,,P16410,1490
1491,ICOS_HUMAN,,,,Q9Y6W8,1491
1492,PLXC1_HUMAN,,,,O60486,1492
1493,TR13B_HUMAN,,,,O14836,1493
1494,TNR1A_HUMAN,,,,P19438,1494
1495,TNR6_HUMAN,,,,P25445,1495
1496,TNR17_HUMAN,,,,Q02223,1496
1497,ERBB4_HUMAN,,,,Q15303,1497
1498,FFAR2_HUMAN,,,,O15552,1498
1499,TNR21_HUMAN,,,,O75509,1499
1500,TNR1B_HUMAN,,,,P20333,1500
1501,CELR2_HUMAN,,,,Q9HCU4,1501
1502,LIRA1_HUMAN,,,,O75019,1502
1503,CD3D_HUMAN,,,,P04234,1503
1504,CD3G_HUMAN,,,,P09693,1504
1505,CD8B_HUMAN,,,,P10966,1505
1506,KI2L3_HUMAN,,,,P43628,1506
1507,KI3L1_HUMAN,,,,P43629,1507
1508,KI3L2_HUMAN,,,,P43630,1508
1509,KLRD1_HUMAN,,,,Q13241,1509
1510,LIRB2_HUMAN,,,,Q8N423,1510
1511,LIRB1_HUMAN,,,,Q8NHL6,1511
1512,CD4_HUMAN,,,,P01730,1512
1513,LAG3_HUMAN,,,,P18627,1513
1514,FPR1_HUMAN,,,,P21462,1514
1515,MTR1A_HUMAN,,,,P48039,1515
1516,KI2L1_HUMAN,,,,P43626,1516
1517,TNR16_HUMAN,,,,P08138,1517
1518,RSSA_HUMAN,,,,P08865,1518
1519,GPC1_HUMAN,,,,P35052,1519
1520,PE2R2_HUMAN,,,,P43116,1520
1521,DCC_HUMAN,,,,P43146,1521
1522,APLP1_HUMAN,,,,P51693,1522
1523,VLDLR_HUMAN,,,,P98155,1523
1524,RAGE_HUMAN,,,,Q15109,1524
1525,LRP10_HUMAN,,,,Q7Z4F1,1525
1526,NICA_HUMAN,,,,Q92542,1526
1527,CR2_HUMAN,,,,P20023,1527
1528,TLR2_HUMAN,,,,O60603,1528
1529,ROBO4_HUMAN,,,,Q8WZ75,1529
1530,CD36_HUMAN,,,,P16671,1530
1531,ITA6_HUMAN,,,,P23229,1531
1532,PTPRJ_HUMAN,,,,Q12913,1532
1533,SCRB1_HUMAN,,,,Q8WTV0,1533
1534,TLR4_HUMAN,,,,O00206,1534
1535,TLR1_HUMAN,,,,Q15399,1535
1536,TLR9_HUMAN,,,,Q9NR96,1536
1537,TLR6_HUMAN,,,,Q9Y2C9,1537
1538,TFR1_HUMAN,,,,P02786,1538
1539,CD2_HUMAN,,,,P06729,1539
1540,CD244_HUMAN,,,,Q9BZW8,1540
1541,CELR3_HUMAN,,,,Q9NYQ7,1541
1542,KI2L2_HUMAN,,,,P43627,1542
1543,KI2S4_HUMAN,,,,P43632,1543
1544,KI2S1_HUMAN,,,,Q14954,1544
1545,LIRA3_HUMAN,,,,Q8N6C8,1545
1546,A0A8I5QEB2_HUMAN,,,,A0A8I5QEB2,1546
1547,ITB5_HUMAN,,,,P18084,1547
1548,ITB6_HUMAN,,,,P18564,1548
1549,TGBR3_HUMAN,,,,Q03167,1549
1550,BKRB2_HUMAN,,,,P30411,1550
1551,AGTR2_HUMAN,,,,P50052,1551
1552,PTPRF_HUMAN,,,,P10586,1552
1553,KLRG1_HUMAN,,,,Q96E93,1553
1554,ACV1C_HUMAN,,,,Q8NER5,1554
1555,FGFR2_HUMAN,,,,P21802,1555
1556,PTPRZ_HUMAN,,,,P23471,1556
1557,GFRA1_HUMAN,,,,P56159,1557
1558,ROBO3_HUMAN,,,,Q96MS0,1558
1559,ROBO1_HUMAN,,,,Q9Y6N7,1559
1560,CD81_HUMAN,,,,P60033,1560
1561,C99L2_HUMAN,,,,Q8TCZ2,1561
1562,PILRB_HUMAN,,,,Q9UKJ0,1562
1563,PILRA_HUMAN,,,,Q9UKJ1,1563
1564,GSLG1_HUMAN,,,,Q92896,1564
1565,KI2L4_HUMAN,,,,Q99706,1565
1566,EPHB6_HUMAN,,,,O15197,1566
1567,EPHA1_HUMAN,,,,P21709,1567
1568,EPHA2_HUMAN,,,,P29317,1568
1569,EPHA8_HUMAN,,,,P29322,1569
1570,EPHA5_HUMAN,,,,P54756,1570
1571,EPHB1_HUMAN,,,,P54762,1571
1572,EPHA4_HUMAN,,,,P54764,1572
1573,EPHA7_HUMAN,,,,Q15375,1573
1574,EPHAA_HUMAN,,,,Q5JZY3,1574
1575,EPHA6_HUMAN,,,,Q9UF33,1575
1576,KIT_HUMAN,,,,P10721,1576
1577,EPOR_HUMAN,,,,P19235,1577
1578,LYAM3_HUMAN,,,,P16109,1578
1579,TNR5_HUMAN,,,,P25942,1579
1580,KI3S1_HUMAN,,,,Q14943,1580
1581,EPHB2_HUMAN,,,,P29323,1581
1582,ITAL_HUMAN,,,,P20701,1582
1583,CLC4M_HUMAN,,,,Q9H2X3,1583
1584,MO2R2_HUMAN,,,,Q6Q8B3,1584
1585,TNR9_HUMAN,,,,Q07011,1585
1586,I13R2_HUMAN,,,,Q14627,1586
1587,AGRG5_HUMAN,,,,Q8IZF4,1587
1588,ROR2_HUMAN,,,,Q01974,1588
1589,NCTR3_HUMAN,,,,O14931,1589
1590,TR10B_HUMAN,,,,O14763,1590
1591,FLT3_HUMAN,,,,P36888,1591
1592,TR10A_HUMAN,,,,O00220,1592
1593,TR10D_HUMAN,,,,Q9UBN6,1593
1594,EPHB3_HUMAN,,,,P54753,1594
1595,EPHB4_HUMAN,,,,P54760,1595
1596,CD1A_HUMAN,,,,P06126,1596
1597,CD3Z_HUMAN,,,,P20963,1597
1598,RHDF2_HUMAN,,,,Q6PJF5,1598
1599,LSR_HUMAN,,,,Q86X29,1599
1600,NETO2_HUMAN,,,,Q8NC67,1600
1601,DSG3_HUMAN,,,,P32926,1601
1602,DSG4_HUMAN,,,,Q86SJ6,1602
1603,LIRA4_HUMAN,,,,P59901,1603
1604,ITA3_HUMAN,,,,P26006,1604
1605,PLXA3_HUMAN,,,,P51805,1605
1606,PLXB3_HUMAN,,,,Q9ULL4,1606
1607,SIGL5_HUMAN,,,,O15389,1607
1608,ITAM_HUMAN,,,,P11215,1608
1609,ITA2B_HUMAN,,,,P08514,1609
1610,CD79A_HUMAN,,,,P11912,1610
1611,PTPRG_HUMAN,,,,P23470,1611
1612,CD7_HUMAN,,,,P09564,1612
1613,TNR27_HUMAN,,,,Q9HAV5,1613
1614,EDAR_HUMAN,,,,Q9UNE0,1614
1615,PLXB2_HUMAN,,,,O15031,1615
1616,PLXB1_HUMAN,,,,O43157,1616
1617,CLM7_HUMAN,,,,A8K4G0,1617
1618,PDCD1_HUMAN,,,,Q15116,1618
1619,PLXA2_HUMAN,,,,O75051,1619
1620,PLXA4_HUMAN,,,,Q9HCM2,1620
1621,PLXD1_HUMAN,,,,Q9Y4D7,1621
1622,DCBD2_HUMAN,,,,Q96PD2,1622
1623,PGFRA_HUMAN,,,,P16234,1623
1624,CCR4_HUMAN,,,,P51679,1624
1625,TMIG2_HUMAN,,,,Q96BF3,1625
1626,TNR18_HUMAN,,,,Q9Y5U5,1626
1627,TR13C_HUMAN,,,,Q96RJ3,1627
1628,GPVI_HUMAN,,,,Q9HCN6,1628
1629,LRP4_HUMAN,,,,O75096,1629
1630,LRP2_HUMAN,,,,P98164,1630
1631,BCAM_HUMAN,,,,P50895,1631
1632,DDR1_HUMAN,,,,Q08345,1632
1633,DDR2_HUMAN,,,,Q16832,1633
1634,ITA2_HUMAN,,,,P17301,1634
1635,C5AR1_HUMAN,,,,P21730,1635
1636,SCAR5_HUMAN,,,,Q6ZMJ2,1636
1637,STAB2_HUMAN,,,,Q8WWQ8,1637
1638,ITA1_HUMAN,,,,P56199,1638
1639,PTPRB_HUMAN,,,,P23467,1639
1640,ITA7_HUMAN,,,,Q13683,1640
1641,LRP8_HUMAN,,,,Q14114,1641
1642,INLR1_HUMAN,,,,Q8IU57,1642
1643,CCR2_HUMAN,,,,P41597,1643
1644,CCR3_HUMAN,,,,P51677,1644
1645,SSR1_HUMAN,,,,P30872,1645
1646,SSR2_HUMAN,,,,P30874,1646
1647,SSR4_HUMAN,,,,P31391,1647
1648,SSR3_HUMAN,,,,P32745,1648
1649,SSR5_HUMAN,,,,P35346,1649
1650,GHSR_HUMAN,,,,Q92847,1650
1651,MRGX2_HUMAN,,,,Q96LB1,1651
1652,SDC3_HUMAN,,,,O75056,1652
1653,MC4R_HUMAN,,,,P32245,1653
1654,MC5R_HUMAN,,,,P33032,1654
1655,MC3R_HUMAN,,,,P41968,1655
1656,CCR7_HUMAN,,,,P32248,1656
1657,CCR10_HUMAN,,,,P46092,1657
1658,CXCR3_HUMAN,,,,P49682,1658
1659,ACKR4_HUMAN,,,,Q9NPB9,1659
1660,NEO1_HUMAN,,,,Q92859,1660
1661,RECK_HUMAN,,,,O95980,1661
1662,LDLR_HUMAN,,,,P01130,1662
1663,ACKR3_HUMAN,,,,P25106,1663
1664,CCR5_HUMAN,,,,P51681,1664
1665,ACKR1_HUMAN,,,,Q16570,1665
1666,TIE1_HUMAN,,,,P35590,1666
1667,TIE2_HUMAN,,,,Q02763,1667
1668,NPFF1_HUMAN,,,,Q9GZQ6,1668
1669,NPFF2_HUMAN,,,,Q9Y5X5,1669
1670,NTRK1_HUMAN,,,,P04629,1670
1671,CCR6_HUMAN,,,,P51684,1671
1672,CCR9_HUMAN,,,,P51686,1672
1673,CCR1_HUMAN,,,,P32246,1673
1674,CCR8_HUMAN,,,,P51685,1674
1675,HRH4_HUMAN,,,,Q9H3N8,1675
1676,FGRL1_HUMAN,,,,Q8N441,1676
1677,OX1R_HUMAN,,,,O43613,1677
1678,OX2R_HUMAN,,,,O43614,1678
1679,C9JWL8_HUMAN,,,,C9JWL8,1679
1680,CD5_HUMAN,,,,P06127,1680
1681,CXCR5_HUMAN,,,,P32302,1681
1682,ROBO2_HUMAN,,,,Q9HCK4,1682
1683,TREM1_HUMAN,,,,Q9NP99,1683
1684,KREM2_HUMAN,,,,Q8NCW0,1684
1685,KREM1_HUMAN,,,,Q96MU8,1685
1686,BMPR2_HUMAN,,,,Q13873,1686
1687,ANTR1_HUMAN,,,,Q9H6X2,1687
1688,GP152_HUMAN,,,,Q8TDT2,1688
1689,UR2R_HUMAN,,,,Q9UKP6,1689
1690,UNC5C_HUMAN,,,,O95185,1690
1691,MUC18_HUMAN,,,,P43121,1691
1692,UNC5D_HUMAN,,,,Q6UXZ4,1692
1693,UNC5B_HUMAN,,,,Q8IZJ1,1693
1694,CXCR4_HUMAN,,,,P61073,1694
1695,KLOTB_HUMAN,,,,Q86Z14,1695
1696,FZD5_HUMAN,,,,Q13467,1696
1697,FZD2_HUMAN,,,,Q14332,1697
1698,FZD8_HUMAN,,,,Q9H461,1698
1699,FZD3_HUMAN,,,,Q9NPG1,1699
1700,FZD4_HUMAN,,,,Q9ULV1,1700
1701,FZD10_HUMAN,,,,Q9ULW2,1701
1702,ASGR1_HUMAN,,,,P07306,1702
1703,ASGR2_HUMAN,,,,P07307,1703
1704,PAR3_HUMAN,,,,O00254,1704
1705,MPRI_HUMAN,,,,P11717,1705
1706,TF_HUMAN,,,,P13726,1706
1707,PAR1_HUMAN,,,,P25116,1707
1708,PAR2_HUMAN,,,,P55085,1708
1709,PARD3_HUMAN,,,,Q8TEW0,1709
1710,PAR4_HUMAN,,,,Q96RI0,1710
1711,MAS_HUMAN,,,,P04201,1711
1712,AGTR1_HUMAN,,,,P30556,1712
1713,BKRB1_HUMAN,,,,P46663,1713
1714,GP135_HUMAN,,,,Q8IZ08,1714
1715,RL3R2_HUMAN,,,,Q8TDU9,1715
1716,S1PR1_HUMAN,,,,P21453,1716
1717,AGRV1_HUMAN,,,,Q8WXG9,1717
1718,ITB8_HUMAN,,,,P26012,1718
1719,VASN_HUMAN,,,,Q6EMK4,1719
1720,SORC2_HUMAN,,,,Q96PQ0,1720
1721,ANPRA_HUMAN,,,,P16066,1721
1722,ANPRC_HUMAN,,,,P17342,1722
1723,ANPRB_HUMAN,,,,P20594,1723
1724,V2R_HUMAN,,,,P30518,1724
1725,OXYR_HUMAN,,,,P30559,1725
1726,V1AR_HUMAN,,,,P37288,1726
1727,V1BR_HUMAN,,,,P47901,1727
1728,VIPR1_HUMAN,,,,P32241,1728
1729,PACR_HUMAN,,,,P41586,1729
1730,PTH1R_HUMAN,,,,Q03431,1730
1731,GPR20_HUMAN,,,,Q99678,1731
1732,GPR84_HUMAN,,,,Q9NQS5,1732
1733,OPRM_HUMAN,,,,P35372,1733
1734,OPRK_HUMAN,,,,P41145,1734
1735,OPRX_HUMAN,,,,P41146,1735
1736,ACTHR_HUMAN,,,,Q01718,1736
1737,MSHR_HUMAN,,,,Q01726,1737
1738,MRGX1_HUMAN,,,,Q96LB2,1738
1739,OGFR_HUMAN,,,,Q9NZT2,1739
1740,PRLR_HUMAN,,,,P16471,1740
1741,GHR_HUMAN,,,,P10912,1741
1742,PTH2R_HUMAN,,,,P49190,1742
1743,GLP2R_HUMAN,,,,O95838,1743
1744,GLP1R_HUMAN,,,,P43220,1744
1745,GLR_HUMAN,,,,P47871,1745
1746,GIPR_HUMAN,,,,P48546,1746
1747,VIPR2_HUMAN,,,,P41587,1747
1748,SCTR_HUMAN,,,,P47872,1748
1749,GHRHR_HUMAN,,,,Q02643,1749
1750,NPY1R_HUMAN,,,,P25929,1750
1751,NPY2R_HUMAN,,,,P49146,1751
1752,NPY4R_HUMAN,,,,P50391,1752
1753,NPY5R_HUMAN,,,,Q15761,1753
1754,GPR83_HUMAN,,,,Q9NYM4,1754
1755,PRLHR_HUMAN,,,,P49683,1755
1756,INSR_HUMAN,,,,P06213,1756
1757,GASR_HUMAN,,,,P32239,1757
1758,SIGIR_HUMAN,,,,Q6IA17,1758
1759,CXCR1_HUMAN,,,,P25024,1759
1760,CXCR2_HUMAN,,,,P25025,1760
1761,TRBM_HUMAN,,,,P07204,1761
1762,EPCR_HUMAN,,,,Q9UNN8,1762
1763,TFR2_HUMAN,,,,Q9UP52,1763
1764,RXFP2_HUMAN,,,,Q8WXD0,1764
1765,RXFP1_HUMAN,,,,Q9HBX9,1765
1766,RL3R1_HUMAN,,,,Q9NSD7,1766
1767,OLR1_HUMAN,,,,P78380,1767
1768,CSF3R_HUMAN,,,,Q99062,1768
1769,FCRL4_HUMAN,,,,Q96PJ5,1769
1770,LEPR_HUMAN,,,,P48357,1770
1771,CD68_HUMAN,,,,P34810,1771
1772,CD53_HUMAN,,,,P19397,1772
1773,HRH1_HUMAN,,,,P35367,1773
1774,EDNRB_HUMAN,,,,P24530,1774
1775,EDNRA_HUMAN,,,,P25101,1775
1776,AGRL4_HUMAN,,,,Q9HBW9,1776
1777,CCKAR_HUMAN,,,,P32238,1777
1778,CRFR1_HUMAN,,,,P34998,1778
1779,CRFR2_HUMAN,,,,Q13324,1779
1780,NMBR_HUMAN,,,,P28336,1780
1781,GRPR_HUMAN,,,,P30550,1781
1782,BRS3_HUMAN,,,,P32247,1782
1783,BAMBI_HUMAN,,,,Q13145,1783
1784,LPAR4_HUMAN,,,,Q99677,1784
1785,GPC4_HUMAN,,,,O75487,1785
1786,NPSR1_HUMAN,,,,Q6W5P4,1786
1787,APJ_HUMAN,,,,P35414,1787
1788,ACHA3_HUMAN,,,,P32297,1788
1789,CALRL_HUMAN,,,,Q16602,1789
1790,PE2R4_HUMAN,,,,P35408,1790
1791,NPTN_HUMAN,,,,Q9Y639,1791
1792,MTLR_HUMAN,,,,O43193,1792
1793,CNR2_HUMAN,,,,P34972,1793
1794,GPC5D_HUMAN,,,,Q9NZD1,1794
1795,CCRL2_HUMAN,,,,O00421,1795
1796,GPR75_HUMAN,,,,O95800,1796
1797,TYRO3_HUMAN,,,,Q06418,1797
1798,SIGL9_HUMAN,,,,Q9Y336,1798
1799,XCR1_HUMAN,,,,P46094,1799
1800,NK2R_HUMAN,,,,P21452,1800
1801,MERTK_HUMAN,,,,Q12866,1801
1802,MCHR2_HUMAN,,,,Q969V1,1802
1803,MCHR1_HUMAN,,,,Q99705,1803
1804,TRFR_HUMAN,,,,P34981,1804
1805,NTRK2_HUMAN,,,,Q16620,1805
1806,ALK_HUMAN,,,,Q9UM73,1806
1807,TSN1_HUMAN,,,,O60635,1807
1808,PTPRR_HUMAN,,,,Q15256,1808
1809,GP151_HUMAN,,,,Q8TDV0,1809
1810,RON_HUMAN,,,,Q04912,1810
1811,TPOR_HUMAN,,,,P40238,1811
1812,SREC_HUMAN,,,,Q14162,1812
1813,NTR2_HUMAN,,,,O95665,1813
1814,NTR1_HUMAN,,,,P30989,1814
1815,TM219_HUMAN,,,,Q86XT9,1815
1816,GP182_HUMAN,,,,O15218,1816
1817,PXDC2_HUMAN,,,,Q6UX71,1817
1818,ROR1_HUMAN,,,,Q01973,1818
1819,PTK7_HUMAN,,,,Q13308,1819
1820,NMUR2_HUMAN,,,,Q9GZQ4,1820
1821,NMUR1_HUMAN,,,,Q9HB89,1821
1822,LYVE1_HUMAN,,,,Q9Y5Y7,1822
1823,MTR1B_HUMAN,,,,P49286,1823
1824,P2RY6_HUMAN,,,,Q15077,1824
1825,RENR_HUMAN,,,,O75787,1825
1826,APCD1_HUMAN,,,,Q8J025,1826
1827,PKR2_HUMAN,,,,Q8NFJ6,1827
1828,PKR1_HUMAN,,,,Q8TCW9,1828
1829,CX3C1_HUMAN,,,,P49238,1829
1830,P2Y14_HUMAN,,,,Q15391,1830
1831,QRFPR_HUMAN,,,,Q96P65,1831
1832,GUC2C_HUMAN,,,,P25092,1832
1833,FCG2A_HUMAN,,,,P12318,1833
1834,CD33_HUMAN,,,,P20138,1834
1835,GPC5_HUMAN,,,,P78333,1835
1836,KISSR_HUMAN,,,,Q969F8,1836
1837,GPR42_HUMAN,,,,O15529,1837
1838,PAQR1_HUMAN,,,,Q96A54,1838
1839,LGR6_HUMAN,,,,Q9HBX8,1839
1840,IGFR1_HUMAN,,,,Q9H665,1840
1841,GPR19_HUMAN,,,,Q15760,1841
1842,LAMP1_HUMAN,,,,P11279,1842
1843,AGRG3_HUMAN,,,,Q86Y34,1843
1844,LTK_HUMAN,,,,P29376,1844
1845,GPR35_HUMAN,,,,Q9HC97,1845
1846,RNF43_HUMAN,,,,Q68DV7,1846
1847,NPBW1_HUMAN,,,,P48145,1847
1848,NPBW2_HUMAN,,,,P48146,1848
1849,GP101_HUMAN,,,,Q96P66,1849
1850,IRPL2_HUMAN,,,,Q9NP60,1850
1851,LIFR_HUMAN,,,,P42702,1851
1852,CD63_HUMAN,,,,P08962,1852
1853,LAMP2_HUMAN,,,,P13473,1853
1854,CML1_HUMAN,,,,Q99788,1854
1855,GFRAL_HUMAN,,,,Q6UXV0,1855
1856,CAD11_HUMAN,,,,P55287,1856
1857,I10R1_HUMAN,,,,Q13651,1857
1858,I22R2_HUMAN,,,,Q969J5,1858
1859,IL21R_HUMAN,,,,Q9HBE5,1859
1860,CLC14_HUMAN,,,,Q86T13,1860
1861,GPR25_HUMAN,,,,O00155,1861
1862,I12R2_HUMAN,,,,Q99665,1862
1863,OR1G1_HUMAN,,,,P47890,1863
1864,GPR39_HUMAN,,,,O43194,1864
1865,TA2R_HUMAN,,,,P21731,1865
1866,PE2R3_HUMAN,,,,P43115,1866
1867,PI2R_HUMAN,,,,P43119,1867
1868,I17RB_HUMAN,,,,Q9NRM6,1868
1869,GP171_HUMAN,,,,O14626,1869
1870,ITA11_HUMAN,,,,Q9UKX5,1870
1871,CD27_HUMAN,,,,P26842,1871
1872,ACKR2_HUMAN,,,,O00590,1872
1873,DPP4_HUMAN,,,,P27487,1873
1874,KLRF1_HUMAN,,,,Q9NZS2,1874
1875,FZD1_HUMAN,,,,Q9UP38,1875
1876,KLRF2_HUMAN,,,,D3W0D1,1876
1877,CXCR6_HUMAN,,,,O00574,1877
1878,TR10C_HUMAN,,,,O14798,1878
1879,CALCR_HUMAN,,,,P30988,1879
1880,C3AR_HUMAN,,,,Q16581,1880
1881,TNR4_HUMAN,,,,P43489,1881
1882,PITM3_HUMAN,,,,Q9BZ71,1882
1883,CD9_HUMAN,,,,P21926,1883
1884,LMBRL_HUMAN,,,,Q6UX01,1884
1885,STX3_HUMAN,,,,Q13277,1885
1886,STX4_HUMAN,,,,Q12846,1886
1887,STX1A_HUMAN,,,,Q16623,1887
1888,SIG10_HUMAN,,,,Q96LC7,1888
1889,GNRHR_HUMAN,,,,P30968,1889
1890,HHIP_HUMAN,,,,Q96QV1,1890
1891,C5AR2_HUMAN,,,,Q9P296,1891
1892,CML2_HUMAN,,,,P46091,1892
1893,OPRD_HUMAN,,,,P41143,1893
1894,GPR37_HUMAN,,,,O15354,1894
1895,G37L1_HUMAN,,,,O60883,1895
1896,NK1R_HUMAN,,,,P25103,1896
1897,NK3R_HUMAN,,,,P29371,1897
1898,PLD2_HUMAN,,,,O14939,1898
1899,ZNRF3_HUMAN,,,,Q9ULT6,1899
1900,NCTR2_HUMAN,,,,O95944,1900
1901,SCN5A_HUMAN,,,,Q14524,1901
1902,SCN8A_HUMAN,,,,Q9UQD0,1902
1903,SDC4_HUMAN,,,,P31431,1903
1904,LIGO1_HUMAN,,,,Q96FE5,1904
1905,ADCY1_HUMAN,,,,Q08828,1905
1906,ITAX_HUMAN,,,,P20702,1906
1907,AMFR_HUMAN,,,,Q9UKV5,1907
1908,SORL_HUMAN,,,,Q92673,1908
1909,KELL_HUMAN,,,,P23276,1909
1910,ATRN_HUMAN,,,,O75882,1910
1911,DIP2A_HUMAN,,,,Q14689,1911
1912,PD2R_HUMAN,,,,Q13258,1912
1913,CAV1_HUMAN,,,,Q03135,1913
1914,SORT_HUMAN,,,,Q99523,1914
1915,EGLN_HUMAN,,,,P17813,1915
1916,ST14_HUMAN,,,,Q9Y5Y6,1916
1917,RHBL2_HUMAN,,,,Q9NX52,1917
1918,FCGR1_HUMAN,,,,P12314,1918
1919,CD19_HUMAN,,,,P15391,1919
1920,R4RL1_HUMAN,,,,Q86UN2,1920
1921,CD151_HUMAN,,,,P48509,1921
1922,RGMC_HUMAN,,,,Q6ZVN8,1922
1923,MARCO_HUMAN,,,,Q9UEW3,1923
1924,KCJ15_HUMAN,,,,Q99712,1924
1925,KCJ10_HUMAN,,,,P78508,1925
1926,HMMR_HUMAN,,,,O75330,1926
1927,HDBP1_HUMAN,,,,Q8IV16,1927
1928,CNR1_HUMAN,,,,P21554,1928
1929,TNR19_HUMAN,,,,Q9NS68,1929
1930,PLS4_HUMAN,,,,Q9NRQ2,1930
1931,AGRG1_HUMAN,,,,Q9Y653,1931
1932,SORC3_HUMAN,,,,Q9UPU3,1932
1933,STRA6_HUMAN,,,,Q9BX79,1933
1934,DYSF_HUMAN,,,,O75923,1934
1935,AT1A3_HUMAN,,,,P13637,1935
1936,TLR5_HUMAN,,,,O60602,1936
1937,MKS3_HUMAN,,,,Q5HYA8,1937
1938,CFTR_HUMAN,,,,P13569,1938
1939,SEPR_HUMAN,,,,Q12884,1939
1940,PLRKT_HUMAN,,,,Q9HBL7,1940
1941,CD82_HUMAN,,,,P27701,1941
1942,MMP24_HUMAN,,,,Q9Y5R2,1942
1943,CALX_HUMAN,,,,P27824,1943
1944,NAR1_HUMAN,,,,P52961,1944
1945,GUC2D_HUMAN,,,,Q02846,1945
1946,S40A1_HUMAN,,,,Q9NP59,1946
1947,PLA2R_HUMAN,,,,Q13018,1947
1948,PCD16_HUMAN,,,,Q96JQ0,1948
1949,GPIX_HUMAN,,,,P14770,1949
1950,P2Y12_HUMAN,,,,Q9H244,1950
1951,PD2R2_HUMAN,,,,Q9Y5Y4,1951
1952,BEX3_HUMAN,,,,Q00994,1952
1953,ABCA1_HUMAN,,,,O95477,1953
1954,PHEX_HUMAN,,,,P78562,1954
1955,R4RL2_HUMAN,,,,Q86UN3,1955
1956,ENOA_HUMAN,,,,P06733,1956
1957,MOT1_HUMAN,,,,P53985,1957
1958,MOT2_HUMAN,,,,O60669,1958
1959,PRTG_HUMAN,,,,Q2VWP7,1959
1960,CRLF3_HUMAN,,,,Q8IUI8,1960
1961,CFC1B_HUMAN,,,,P0CG36,1961
1962,ADA22_HUMAN,,,,Q9P0K1,1962
1963,FLOT1_HUMAN,,,,O75955,1963
1964,LRP11_HUMAN,,,,Q86VZ4,1964
1965,CD180_HUMAN,,,,Q99467,1965
1966,AGR2_HUMAN,,,,O95994,1966
1967,JMJD6_HUMAN,,,,Q6NYC1,1967
1968,S1PR2_HUMAN,,,,O95136,1968
1969,PLDX1_HUMAN,,,,Q8IUK5,1969
1970,ANDR_HUMAN,,,,P10275,1970
1971,PLS1_HUMAN,,,,O15162,1971
1972,ATPB_HUMAN,,,,P06576,1972
1973,TRPC3_HUMAN,,,,Q13507,1973
1974,TRPV6_HUMAN,,,,Q9H1D0,1974
1975,TRADD_HUMAN,,,,Q15628,1975
1976,SMAD3_HUMAN,,,,P84022,1976
1977,MYLK_HUMAN,,,,Q15746,1977
1978,MYLK2_HUMAN,,,,Q9H1R3,1978
1979,PDE1A_HUMAN,,,,P54750,1979
1980,PDE1B_HUMAN,,,,Q01064,1980
1981,PDE1C_HUMAN,,,,Q14123,1981
1982,C1QBP_HUMAN,,,,Q07021,1982
1983,MTP_HUMAN,,,,P55157,1983
1984,RIPK1_HUMAN,,,,Q13546,1984
1985,RYR2_HUMAN,,,,Q92736,1985
1986,TRAF2_HUMAN,,,,Q12933,1986
1987,IFM1_HUMAN,,,,P13164,1987
1988,MCFD2_HUMAN,,,,Q8NI22,1988
1989,GPNMB_HUMAN,,,,Q14956,1989
1990,TSN5_HUMAN,,,,P62079,1990
1991,TSN14_HUMAN,,,,Q8NG11,1991
1992,VANG2_HUMAN,,,,Q9ULK5,1992
1993,NPTXR_HUMAN,,,,O95502,1993
1994,HRH2_HUMAN,,,,P25021,1994
1995,HRH3_HUMAN,,,,Q9Y5N1,1995
1996,KCNQ3_HUMAN,,,,O43525,1996
1997,KCNQ5_HUMAN,,,,Q9NR82,1997
1998,ADCY8_HUMAN,,,,P40145,1998
1999,SCNAA_HUMAN,,,,Q9Y5Y9,1999
2000,PLPP6_HUMAN,,,,Q8IY26,2000
2001,AQP6_HUMAN,,,,Q13520,2001
2002,AQP1_HUMAN,,,,P29972,2002
2003,SCN4A_HUMAN,,,,P35499,2003
2004,KCNJ4_HUMAN,,,,P48050,2004
2005,I18BP_HUMAN,,,,O95998,2005
2006,CCBE1_HUMAN,,,,Q6UXH8,2006
2007,AQP5_HUMAN,,,,P55064,2007
2008,ESR1_HUMAN,,,,P03372,2008
2009,MUC6_HUMAN,,,,Q6W4X9,2009
2010,MUC5A_HUMAN,,,,P98088,2010
2011,TRPM3_HUMAN,,,,Q9HCF6,2011
2012,RYR1_HUMAN,,,,P21817,2012
2013,P2RX7_HUMAN,,,,Q99572,2013
2014,NRSN1_HUMAN,,,,Q8IZ57,2014
2015,PLD1_HUMAN,,,,Q13393,2015
2016,SMAP1_HUMAN,,,,Q8IYB5,2016
2017,TLR7_HUMAN,,,,Q9NYK1,2017
2018,NMDE2_HUMAN,,,,Q13224,2018
2019,NMDE1_HUMAN,,,,Q12879,2019
2020,ITAD_HUMAN,,,,Q13349,2020
2021,GP1BB_HUMAN,,,,P13224,2021
2022,S1PR5_HUMAN,,,,Q9H228,2022
2023,S1PR3_HUMAN,,,,Q99500,2023
2024,PTPRU_HUMAN,,,,Q92729,2024
2025,ADCY7_HUMAN,,,,P51828,2025
2026,RACK1_HUMAN,,,,P63244,2026
2027,KLRG2_HUMAN,,,,A4D1S0,2027
2028,JUNO_HUMAN,,,,A6ND01,2028
2029,CXB2_HUMAN,,,,P29033,2029
2030,TMED5_HUMAN,,,,Q9Y3A6,2030
2031,RHAG_HUMAN,,,,Q02094,2031
2032,PTPRA_HUMAN,,,,P18433,2032
2033,FCERA_HUMAN,,,,P12319,2033
2034,TRPV1_HUMAN,,,,Q8NER1,2034
2035,MAGD1_HUMAN,,,,Q9Y5V3,2035
2036,TRAF3_HUMAN,,,,Q13114,2036
2037,CLD4_HUMAN,,,,O14493,2037
2038,AAAT_HUMAN,,,,Q15758,2038
2039,PDCD2_HUMAN,,,,Q16342,2039
2040,CLM1_HUMAN,,,,Q8TDQ1,2040
2041,MFRP_HUMAN,,,,Q9BY79,2041
2042,KCNQ1_HUMAN,,,,P51787,2042
2043,S1PR4_HUMAN,,,,O95977,2043
2044,CLC10_HUMAN,,,,Q8IUN9,2044
2045,KDIS_HUMAN,,,,Q9ULH0,2045
2046,MIP_HUMAN,,,,P30301,2046
2047,MGRN1_HUMAN,,,,O60291,2047
2048,TRPC5_HUMAN,,,,Q9UL62,2048
2049,KCNN4_HUMAN,,,,O15554,2049
2050,A1BG_HUMAN,,,,P04217,2050
2051,AMPE_HUMAN,,,,Q07075,2051
2052,CAC1C_HUMAN,,,,Q13936,2052
2053,LY96_HUMAN,,,,Q9Y6Y9,2053
2054,GPC2_HUMAN,,,,Q8N158,2054
2055,ADCY9_HUMAN,,,,O60503,2055
2056,ERAP1_HUMAN,,,,Q9NZ08,2056
2057,GPC6A_HUMAN,,,,Q5T6X5,2057
2058,GTR2_HUMAN,,,,P11168,2058
2059,CNGA2_HUMAN,,,,Q16280,2059
2060,M4A4A_HUMAN,,,,Q96JQ5,2060
2061,G6PT2_HUMAN,,,,P57057,2061
2062,CL12A_HUMAN,,,,Q5QGZ9,2062
2063,PIGR_HUMAN,,,,P01833,2063
2064,TECTB_HUMAN,,,,Q96PL2,2064
2065,VACHT_HUMAN,,,,Q16572,2065
2066,S4A11_HUMAN,,,,Q8NBS3,2066
2067,TECTA_HUMAN,,,,O75443,2067
2068,TRPM2_HUMAN,,,,O94759,2068
2069,KCNA3_HUMAN,,,,P22001,2069
2070,KCND2_HUMAN,,,,Q9NZV8,2070
2071,MOT8_HUMAN,,,,P36021,2071
2072,KCND1_HUMAN,,,,Q9NSA2,2072
2073,NMDE3_HUMAN,,,,Q14957,2073
2074,CAP1_HUMAN,,,,Q01518,2074
2075,NUCL_HUMAN,,,,P19338,2075
2076,ACHA9_HUMAN,,,,Q9UGM1,2076
2077,ACH10_HUMAN,,,,Q9GZZ6,2077
2078,FXYD6_HUMAN,,,,Q9H0Q3,2078
2079,ORAI2_HUMAN,,,,Q96SN7,2079
2080,CELR1_HUMAN,,,,Q9NYQ6,2080
2081,CAD10_HUMAN,,,,Q9Y6N8,2081
2082,TRML2_HUMAN,,,,Q5T2D2,2082
2083,IGDC4_HUMAN,,,,Q8TDY8,2083
2084,ILDR1_HUMAN,,,,Q86SU0,2084
2085,BT3A3_HUMAN,,,,O00478,2085
2086,CD1C_HUMAN,,,,P29017,2086
2087,ISLR2_HUMAN,,,,Q6UXK2,2087
2088,MOG_HUMAN,,,,Q16653,2088
2089,SCN2B_HUMAN,,,,O60939,2089
2090,CEA19_HUMAN,,,,Q7Z692,2090
2091,GREM2_HUMAN,,,,Q9H772,2091
2092,SIGL6_HUMAN,,,,O43699,2092
2093,TARM1_HUMAN,,,,B6A8C7,2093
2094,GPV_HUMAN,,,,P40197,2094
2095,DCLK3_HUMAN,,,,Q9C098,2095
2096,FCRL1_HUMAN,,,,Q96LA6,2096
2097,FCAMR_HUMAN,,,,Q8WWV6,2097
2098,G6B_HUMAN,,,,O95866,2098
2099,IGDC3_HUMAN,,,,Q8IVU1,2099
2100,MFA3L_HUMAN,,,,O75121,2100
2101,BT3A2_HUMAN,,,,P78410,2101
2102,STAB1_HUMAN,,,,Q9NY15,2102
2103,CNTN5_HUMAN,,,,O94779,2103
2104,LRRN3_HUMAN,,,,Q9H3W5,2104
2105,SLAF9_HUMAN,,,,Q96A28,2105
2106,LPP_HUMAN,,,,Q93052,2106
2107,SIGL7_HUMAN,,,,Q9Y286,2107
2108,AMPQ_HUMAN,,,,Q6Q4G3,2108
2109,VS10L_HUMAN,,,,Q86VR7,2109
2110,SIGL8_HUMAN,,,,Q9NYZ4,2110
2111,MILR1_HUMAN,,,,Q7Z6M3,2111
2112,MRAP_HUMAN,,,,Q8TCY5,2112
2113,SDK2_HUMAN,,,,Q58EX2,2113
2114,CLC4A_HUMAN,,,,Q9UMR7,2114
2115,TMIG3_HUMAN,,,,P0DMS9,2115
2116,I20RA_HUMAN,,,,Q9UHF4,2116
2117,AMHR2_HUMAN,,,,Q16671,2117
2118,INAR2_HUMAN,,,,P48551,2118
2119,I13R1_HUMAN,,,,P78552,2119
2120,INGR2_HUMAN,,,,P38484,2120
2121,PTC2_HUMAN,,,,Q9Y6C5,2121
2122,IL23R_HUMAN,,,,Q5VWK5,2122
2123,OSMR_HUMAN,,,,Q99650,2123
2124,IL5RA_HUMAN,,,,Q01344,2124
2125,IL9R_HUMAN,,,,Q01113,2125
2126,GFRA4_HUMAN,,,,Q9GZZ7,2126
2127,VTCN1_HUMAN,,,,Q7Z7D3,2127
2128,TMPS6_HUMAN,,,,Q8IU80,2128
2129,ITA8_HUMAN,,,,P53708,2129
2130,ITAE_HUMAN,,,,P38570,2130
2131,AGRB2_HUMAN,,,,O60241,2131
2132,CNTP2_HUMAN,,,,Q9UHC6,2132
2133,TM222_HUMAN,,,,Q9H0R3,2133
2134,ERG28_HUMAN,,,,Q9UKR5,2134
2135,CADM4_HUMAN,,,,Q8NFZ8,2135
2136,E41L1_HUMAN,,,,Q9H4G0,2136
2137,AGRG6_HUMAN,,,,Q86SQ4,2137
2138,GCR_HUMAN,,,,P04150,2138
2139,MCR_HUMAN,,,,P08235,2139
2140,NR1H4_HUMAN,,,,Q96RI1,2140
2141,VDR_HUMAN,,,,P11473,2141
2142,ESR2_HUMAN,,,,Q92731,2142
2143,GPER1_HUMAN,,,,Q99527,2143
2144,APOBR_HUMAN,,,,Q0VD83,2144
2145,GPR55_HUMAN,,,,Q9Y2T6,2145
2146,RORA_HUMAN,,,,P35398,2146
2147,RORG_HUMAN,,,,P51449,2147
2148,NR1H2_HUMAN,,,,P55055,2148
2149,NR1H3_HUMAN,,,,Q13133,2149
2150,GPR15_HUMAN,,,,P49685,2150
2151,SUSD2_HUMAN,,,,Q9UGT4,2151
2152,AGRB3_HUMAN,,,,O60242,2152
2153,PPARA_HUMAN,,,,Q07869,2153
2154,PPARD_HUMAN,,,,Q03181,2154
2155,PPARG_HUMAN,,,,P37231,2155
2156,PRGR_HUMAN,,,,P06401,2156
2157,GP143_HUMAN,,,,P51810,2157
2158,LT4R1_HUMAN,,,,Q15722,2158
2159,LT4R2_HUMAN,,,,Q9NPC1,2159
2160,PF2R_HUMAN,,,,P43088,2160
2161,PE2R1_HUMAN,,,,P34995,2161
2162,Q58EY0_HUMAN,,,,Q58EY0,2162
2163,G137B_HUMAN,,,,O60478,2163
2164,5HT3B_HUMAN,,,,O95264,2164
2165,5HT3C_HUMAN,,,,Q8WXA8,2165
2166,5HT3D_HUMAN,,,,Q70Z44,2166
2167,5HT3E_HUMAN,,,,A5X5Y0,2167
2168,TAAR1_HUMAN,,,,Q96RJ0,2168
2169,SFRP3_HUMAN,,,,Q92765,2169
2170,SFRP4_HUMAN,,,,Q6FHJ7,2170
2171,SFRP5_HUMAN,,,,Q5T4F7,2171
2172,S22AH_HUMAN,,,,Q8WUG5,2172
2173,TLR8_HUMAN,,,,Q9NR97,2173
2174,KI2LA_HUMAN,,,,Q8N109,2174
2175,ACHB_HUMAN,,,,P11230,2175
2176,ACHA2_HUMAN,,,,Q15822,2176
2177,ACHA6_HUMAN,,,,Q15825,2177
2178,ACHD_HUMAN,,,,Q07001,2178
2179,ACHE_HUMAN,,,,Q04844,2179
2180,ACHG_HUMAN,,,,P07510,2180
2181,SV2A_HUMAN,,,,Q7L0J3,2181
2182,SV2B_HUMAN,,,,Q7L1I2,2182
2183,SV2C_HUMAN,,,,Q496J9,2183
2184,S29A1_HUMAN,,,,Q99808,2184
2185,S29A2_HUMAN,,,,Q14542,2185
2186,S29A3_HUMAN,,,,Q9BZD2,2186
2187,S29A4_HUMAN,,,,Q7RTT9,2187
2188,ADX_HUMAN,,,,P10109,2188
2189,NTCP4_HUMAN,,,,Q96EP9,2189
2190,SC5A7_HUMAN,,,,Q9GZV3,2190
2191,CGB2_HUMAN,,,,Q6NT52,2191
2192,CGB7_HUMAN,,,,P0DN87,2192
2193,VIAAT_HUMAN,,,,Q9H598,2193
2194,S6A13_HUMAN,,,,Q9NSD5,2194
2195,GLSL_HUMAN,,,,Q9UI32,2195
2196,SC6A5_HUMAN,,,,Q9Y345,2196
2197,SC6A9_HUMAN,,,,P48067,2197
2198,GGT5_HUMAN,,,,P36269,2198
2199,AL5AP_HUMAN,,,,P20292,2199
2200,SC6A2_HUMAN,,,,P23975,2200
2201,TPH2_HUMAN,,,,Q8IWU9,2201
2202,SC6A3_HUMAN,,,,Q01959,2202
2203,IOD3_HUMAN,,,,P55073,2203
2204,HCST_HUMAN,,,,Q9UBK5,2204
2205,AMNLS_HUMAN,,,,Q9BXJ7,2205
2206,GBRB2_HUMAN,,,,P47870,2206
2207,GBRA3_HUMAN,,,,P34903,2207
2208,BCR_HUMAN,,,,P11274,2208
2209,GRIK4_HUMAN,,,,Q16099,2209
2210,GRIK5_HUMAN,,,,Q16478,2210
2211,GLRB_HUMAN,,,,P48167,2211
2212,CTSRB_HUMAN,,,,Q9H7T0,2212
2213,RXRG_HUMAN,,,,P48443,2213
2214,FRAS1_HUMAN,,,,Q86XX4,2214
2215,ADRO_HUMAN,,,,P22570,2215
2216,GBRA2_HUMAN,,,,P47869,2216
2217,GBRE_HUMAN,,,,P78334,2217
2218,GBRT_HUMAN,,,,Q9UN88,2218
2219,GBRA4_HUMAN,,,,P48169,2219
2220,GBRA5_HUMAN,,,,P31644,2220
2221,GBRA6_HUMAN,,,,Q16445,2221
2222,FDX2_HUMAN,,,,Q6P4F2,2222
