Gene Synonym,Gene Name
HEL-S-172mP,ADCY8
lpl,LPL
FOLR4,IZUMO1R
JUNO,IZUMO1R
NR1B3,RARG
CD300B,CD300LB
CLM7,CD300LB
CMRF35A2,CD300LB
IREM3,CD300LB
LMIR5,CD300LB
TREM5,CD300LB
COL29A1,COL6A5
VWA4,COL6A5
CALM3,CALM2
HEL-S-72,CALM1
FGF2A,FGF2
PPARG5,PPARG
NR1C1,PPARA
FZD3,FZD9
FZD9,FZD3
MPIF2,CCL24
SCYA24,CCL24
APO2,TNFRSF10A
DR4,TNFRSF10A
TRAILR1,TNFRSF10A
GPRC1H,GRM8
MGLUR8,GRM8
AGRT,AGRP
ART,AGRP
PAR3,PARD3
EBAF,LEFTY2
LEFTA,LEFTY2
LEFTYA,LEFTY2
TGFB4,LEFTY2
TUBL1,TULP1
OCIF,TNFRSF11B
OPG,TNFRSF11B
PDHX,PDX1
EAAT5,SLC1A7
CCR11,ACKR4
CKRX,CCRL2
CRAM,CCRL2
HCR,CCRL2
CCRL2,CCR6
CCR6,CCRL2
GDNFRB,GFRA2
RETL2,GFRA2
TRNR2,GFRA2
AGRIN,AGRN
BTF3,BTN3A2
CALL,CHL1
BONZO,CXCR6
STRL33,CXCR6
TYMSTR,CXCR6
RNASE6PL,RNASET2
SCYA21,CCL21
CCBP2,ACKR4
CMKBR9,ACKR2
D6,ACKR2
ACKR2,CCR10
CCR10,ACKR2
PCLP,PODXL
PCLP1,PODXL
CYR61,CCN1
GIG1,CCN1
IGFBP10,CCN1
MDC,ADAM11
SCYA22,CCL22
WNT12,WNT10B
CPER,CLDN4
CPETR1,CLDN4
WBSCR8,CLDN4
CIS2,SOCS2
SSI2,SOCS2
STATI2,SOCS2
NTAK,NRG2
BAI1,ADGRB1
CSPG3,NCAN
NEUR,NCAN
ITAC,CXCL11
SCYB11,CXCL11
SCYB9B,CXCL11
KUZ,ADAM10
MADM,ADAM10
MGST1L1,PTGES
MPGES1,PTGES
PGES,PTGES
PIG12,PTGES
RODH,HSD17B6
SDR9C6,HSD17B6
DR5,TNFRSF10B
KILLER,TNFRSF10B
TRAILR2,TNFRSF10B
TRICK2,TNFRSF10B
ZTNFR9,TNFRSF10B
NRP,NRP1
VEGF165R,NRP1
OPGL,TNFSF11
RANKL,TNFSF11
TRANCE,TNFSF11
GDF8,MSTN
DCR1,TNFRSF10C
LIT,TNFRSF10C
TRAILR3,TNFRSF10C
TRID,TNFRSF10C
TACI,TNFRSF13B
WNT14,WNT9A
WNT14B,WNT9B
WNT15,WNT9B
TIP1,TAX1BP3
1C7,NCR3
LY117,NCR3
KIAA0302,SPTBN2
SCA5,SPTBN2
KIAA0315,PLXNB2
KIAA0331,SEMA3E
SEMAH,SEMA3E
KIAA0366,ADAMTS3
KIAA0533,LAMA5
KIAA1907,LAMA5
OBR,LEPR
LEPROT,LEPR
GPRC1F,GRM6
MGLUR6,GRM6
CD33L2,SIGLEC5
OBBP2,SIGLEC5
NCAM21,NCAM2
GluN2D,GRIN2D
NMDAR2D,GRIN2D
SCYA25,CCL25
TECK,CCL25
ILINCK,CCL16
NCC4,CCL16
SCYA16,CCL16
ARC16,ARPC5
CYP1ALPHA,CYP27B1
CYP27B,CYP27B1
GPR42P,GPR42
C7orf1,CLDN3
CPETR2,CLDN3
FFA2,FFAR2
GPCR43,FFAR2
GPR43,FFAR2
IK1,KCNN4
IKCA1,KCNN4
KCA4,KCNN4
SK4,KCNN4
KIAA0405,FLRT2
KIAA0407,PLXNB1
PLXN5,PLXNB1
SEP,PLXNB1
MLTN,ADAM12
GPR38,MLNR
MTLR,MLNR
MTLR1,MLNR
HAI1,SPINT1
KIAA0416,LRRTM2
LRRN2,LRRTM2
GLURD2,GRID2
APO3L,TNFSF12
DR3LG,TNFSF12
HVEML,TNFSF14
LIGHT,TNFSF14
GALNR2,GALR2
OX,HCRT
PPORX,HCRT
PPOX,HCRT
CD33L,SIGLEC6
CD33L1,SIGLEC6
OBBP1,SIGLEC6
CDT6,ANGPTL7
DEL1,EDIL3
API6,CD5L
DAP12,TYROBP
KARAP,TYROBP
FIGF,VEGFD
EPLG6,EFNA2
LERK6,EFNA2
BCA1,CXCL13
BLC,CXCL13
SCYB13,CXCL13
BAI2,ADGRB2
BAI3,ADGRB3
KIAA0550,ADGRB3
NRPN,KLK8
PRSS19,KLK8
TADG14,KLK8
KIAA0544,MGRN1
RNF156,MGRN1
VEGF165R2,NRP2
VESPR,PLXNC1
IFCR,CUBN
KIAA0520,ADCY9
CKTSF1B1,GREM1
DAND2,GREM1
DRM,GREM1
TIL3,TLR5
TIL4,TLR2
MCT2,SLC16A7
GALNR3,GALR3
ETBRLP2,GPR37L1
CD16B,FCGR3B
FCG3,FCGR3B
FCGR3,FCGR3B
IGFR3,FCGR3B
LIR6,LILRA1
ILT5,LILRB3
LIR3,LILRB3
KIAA0463,PLXNA2
OCT,PLXNA2
PLXN2,PLXNA2
KIAA0468,SDC3
MDC3,ADAM23
KIAA0813,SLIT1
MEGF4,SLIT1
SLIL1,SLIT1
KIAA0814,SLIT3
MEGF5,SLIT3
SLIL2,SLIT3
KIAA0816,LRP4
MEGF7,LRP4
LRP4,LRP10
LRP10,LRP4
KIAA0626,MFAP3L
B7H2,ICOSLG
B7RP1,ICOSLG
ICOSL,ICOSLG
KIAA0653,ICOSLG
LR3,LRP5
LRP7,LRP5
CD108,SEMA7A
SEMAL,SEMA7A
IHABP,HMMR
RHAMM,HMMR
ZMYND5,SPN
DEAF1,SPN
PXR,NR1I2
GPR49,LGR5
GPR67,LGR5
OSP,CLDN11
OTM,CLDN11
DR6,TNFRSF21
KIAA0916,PAM
MYCBP2,PAM
PGLYRP,PGLYRP1
PGRP,PGLYRP1
TNFSF3L,PGLYRP1
LEFTB,LEFTY1
LEFTYB,LEFTY1
ATP6IP2,ATP6AP2
CAPER,ATP6AP2
ELDF10,ATP6AP2
CHMI,CNMD
LECT1,CNMD
MYETS1,CNMD
KIAA0548,ATRN
MGCA,ATRN
APRIL,TNFSF13
TALL2,TNFSF13
ZTNF2,TNFSF13
GPR51,GABBR2
GPRC3B,GABBR2
FER1L1,DYSF
EREG1,TRPM2
KNP3,TRPM2
LTRPC2,TRPM2
TRPC7,TRPM2
RALDH2,ALDH1A2
SLIL3,SLIT2
KIAA0756,NFASC
KIAA0793,FARP2
PLEKHC3,FARP2
KIAA0806,LRIG2
LIG2,LRIG2
KIAA0821,ADGRL1
LEC2,ADGRL1
LPHN1,ADGRL1
GLS1,GLS
KIAA0838,GLS
KIAA0848,SLITRK3
CS1,CLSTN1
KIAA0911,CLSTN1
KIAA0918,SLITRK5
LRRC11,SLITRK5
EDG5,S1PR2
TL1,TNFSF15
VEGI,TNFSF15
UNC5H3,UNC5C
IL1R7,IL18RAP
C4.4A,LYPD3
PZR,MPZL1
WISP1,CCN4
WISP3,CCN6
BMP11,GDF11
DCR3,TNFRSF6B
TR6,TNFRSF6B
ABC1,ABCA1
CERP,ABCA1
KIAA0786,ADGRL2
LEC1,ADGRL2
LPHH1,ADGRL2
LPHN2,ADGRL2
NTN1L,NTN1
MD1,LY86
MIP2G,CXCL14
NJAC,CXCL14
SCYB14,CXCL14
SEMAM,SEMA4F
SEMAW,SEMA4F
C9orf26,IL33
IL1F11,IL33
NFHEV,IL33
DAND4,CER1
CLD1,CLDN1
SEMP1,CLDN1
NET7,TSPAN15
TM4SF15,TSPAN15
NET2,TSPAN12
TM4SF12,TSPAN12
C6orf25,MPIG6B
G6B,MPIG6B
G6B-B,MPIG6B
NOE2,OLFM2
LY95,NCR2
FBLN4,EFEMP2
EPT,LGI1
BY55,CD160
GDF9B,BMP15
EDG6,S1PR4
ST15,RECK
AG2,AGR2
ALDC,ALDH1A1
ALDH1,ALDH1A1
PUMB1,ALDH1A1
F8C,F8
F13A,F13A1
ERBB,EGFR
ERBB1,EGFR
HER1,EGFR
ADA1,ADA
PSTI,SPINK1
AT3,SERPINC1
AAT,SERPINA1
PI,SERPINA1
SERPINA8,AGT
CPAMD5,A2M
CPAMD1,C3
CPAMD4,C5
CLGI,TIMP1
TIMP,TIMP1
BDK,KNG1
KNG,KNG1
HRAS1,HRAS
PDGF2,PDGFB
SIS,PDGFB
TGFB,TGFB1
NGFB,NGF
GNRH,GNRH1
GRH,GNRH1
LHRH,GNRH1
ANP,NPPA
PND,NPPA
OT,OXT
ARVP,AVP
VP,AVP
CALC1,CALCA
GHRF,GHRH
PNP,PPY
GAS,GAST
TNFB,LTA
TNFSF1,LTA
TNFA,TNF
TNFSF2,TNF
,CGB3
IFNA13,IFNA1
IFNA2A,IFNA2
IFNA2B,IFNA2
IFNA2C,IFNA2
IFB,IFNB1
IFNB,IFNB1
IL1F1,IL1A
IL1F2,IL1B
MAL,CD8A
HLAB,HLA-B
HLA-DRA1,HLA-DRA
HLA-DQB,HLA-DQB1
APC2,APOC2
ACHRA,CHRNA1
CHNRA,CHRNA1
PTX1,CRP
FN,FN1
AGP1,ORM1
FETUA,AHSG
PALB,TTR
CTAP3,PPBP
CXCL7,PPBP
SCYB7,PPBP
TGB1,PPBP
THBGB1,PPBP
CXCL4,PF4
SCYB4,PF4
INP10,CXCL10
SCYB10,CXCL10
GIG12,LTF
LF,LTF
FTH,FTH1
FTHL6,FTH1
ESR,ESR1
NR3A1,ESR1
RNASE5,ANG
KLKB1,KLK3
CLG,MMP1
MIF,AMH
AMH,MIF
WAP4,SLPI
WFDC4,SLPI
C4BP,C4BPA
GBA,GC
GLUC,GC
GBA1,GC
ANX1,ANXA1
LPC1,ANXA1
PDGF1,PDGFA
GMCSF,CSF2
GRL,NR3C1
BCEI,TFF1
PS2,TFF1
MAS,MAS1
DHLAG,CD74
T3D,CD3D
F8VWF,VWF
HLAA,HLA-A
HLA-DP1B,HLA-DPB1
HER2,ERBB2
MLN19,ERBB2
NEU,ERBB2
NGL,ERBB2
INT1,WNT1
MTC,NTRK1
TRK,NTRK1
TRKA,NTRK1
GNAI2B,GNAI2
IBP1,IGF1
A4,APP
AD1,APP
CYP17,CYP17A1
S17AH,CYP17A1
GP3A,ITGB3
CD18,ITGB2
MFI7,ITGB2
CYP11A,CYP11A1
CAGA,S100A8
CFAG,S100A9
MRP8,S100A8
PAI1,SERPINE1
PLANH1,SERPINE1
C1IN,SERPING1
C1NH,SERPING1
FGFA,FGF1
IFNB2,IL6
HLA-DXB,HLA-DQB2
TBG,SERPINA7
FNRB,ITGB1
MDF2,ITGB1
MSK12,ITGB1
LEU1,CD5
HLA-DNA,HLA-DOA
HLA-DZA,HLA-DOA
NR3C3,PGR
TMSA,PTMA
ATP5B,ATP5F1B
ATPMB,ATP5F1B
ATPSB,ATP5F1B
CAGB,S100A9
MRP14,S100A9
SRBC,CD2
CEA,CEACAM5
ENO1L1,ENO1
MBPB1,ENO1
MPB1,ENO1
CD23A,FCER2
CLEC4J,FCER2
FCE2,FCER2
IGEBF,FCER2
MSK8,ITGAV
VNRA,ITGAV
VTNR,ITGAV
LIPD,LPL
PI7,SERPINE2
PN1,SERPINE2
THRM,THBD
PROS,PROS1
ERBA2L,P4HB
PDI,P4HB
PDIA1,P4HB
PO4DB,P4HB
APS,KLK3
CLEC4H1,ASGR1
CLEC4H2,ASGR2
FMS,CSF1R
ANX2,ANXA2
ANX2L4,ANXA2
CAL1H,ANXA2
LPC2D,ANXA2
TRP1,PRSS1
TRY1,PRSS1
TRYP1,PRSS1
TRY2,PRSS2
TRYP2,PRSS2
ACHRG,CHRNG
ADRB2R,ADRB2
B2AR,ADRB2
SLRR1B,DCN
GLBA,PSAP
SAP1,PSAP
HSP90A,HSP90AA1
HSPC1,HSP90AA1
HSPCA,HSP90AA1
CDHF12,RET
CDHR16,RET
PTC,RET
RET51,RET
TSP,THBS1
TSP1,THBS1
TNFRSF16,NGFR
CR,CD55
DAF,CD55
MCR,NR3C2
MLR,NR3C2
CLG4A,MMP2
GP2B,ITGA2B
ITGAB,ITGA2B
CD45,PTPRC
MAP97,MELTF
MFI2,MELTF
ADRB1R,ADRB1
B1AR,ADRB1
HF,CFH
HF1,CFH
HF2,CFH
HST,SULT2A1
HSTF1,FGF4
KS3,FGF4
FNRA,ITGA5
CYP3A3,CYP3A4
CYP21,CYP21A2
CYP21B,CYP21A2
LAMBR,RPSA
LAMR1,RPSA
ADRB2RL1,HTR1A
ADRBRL1,HTR1A
ADRA2R,ADRA2A
ADRAR,ADRA2A
MLA1,CD63
TSPAN30,CD63
FGFB,FGF2
FAEES3,GSTP1
GST3,GSTP1
MPSL1,MMP7
PUMP1,MMP7
BCM1,CD48
BLAST1,CD48
GRO,CXCL1
GRO1,CXCL1
GROA,CXCL1
MGSA,CXCL1
SCYB1,CXCL1
DHPR,QDPR
SDR33C1,QDPR
HMG1,HMGB1
ON,SPARC
INT1L1,WNT2
IRP,WNT2
PDGFR,PDGFRB
PDGFR1,PDGFRB
T3G,CD3G
LOG5,ALOX5
C17orf33,CSF3
GCSF,CSF3
LTA4,LTA4H
CO4,C4B
CPAMD2,C4A
CPAMD3,C4B
C4B_2,C4B
ELA,APELA
TDL,APELA
HSP72,HSPA1A
HSPA1,HSPA1A
HSX70,HSPA1A
CGB,CGB3
CGB5,CGB3
CGB8,CGB3
CALM,CALM1
CAM,CALM1
CAM1,CALM1
CAM2,CALM2
CAMB,CALM2
CALC2,CALCB
ADX,FDX1
CGL1,GZMB
CSPB,GZMB
CTLA1,GZMB
GRB,GZMB
IL8,CXCL8
G0S19-1,CCL3
MIP1A,CCL3
SCYA3,CCL3
EDN,RNASE2
RNS2,RNASE2
DHTR,AR
NR3C4,AR
NR1B1,RARA
HLAC,HLA-C
BNSP,IBSP
OPN,SPP1
LAR,PTPRF
LACI,TFPI
TFPI1,TFPI
CXCL4V1,PF4V1
SCYB4V1,PF4V1
SCFR,KIT
HST2,FGF6
HSTF2,FGF6
HAP,RARB
NR1B2,RARB
EAR7,THRA
ERBA1,THRA
NR1A1,THRA
THRA1,THRA
THRA2,THRA
ERBA2,THRB
NR1A2,THRB
THR1,THRB
APOJ,CLU
CLI,CLU
KUB1,CLU
CD8B1,CD8B
LAMB2,LAMC1
LAMC1,LAMB2
PENT,PNMT
HSC70,HSPA8
HSP73,HSPA8
HSPA10,HSPA8
HTGL,LIPC
GLUT2,SLC2A2
CD11B,ITGAM
CR3A,ITGAM
COLEC1,MBL2
MBL,MBL2
ACHRB,CHRNB1
CHRNB,CHRNB1
BCR1,BCR
D22S11,BCR
BFGFR,FGFR1
CEK,FGFR1
FGFBR,FGFR1
FLG,FGFR1
FLT2,FGFR1
HBGFR,FGFR1
NR1I1,VDR
INT2,FGF3
ARO1,CYP19A1
CYAR,CYP19A1
CYP19,CYP19A1
EPER,EPO
EPP,EPO
EPX,EPO
CC10,SCGB1A1
CCSP,SCGB1A1
UGB,SCGB1A1
MPRI,IGF2R
IGA,CD79A
MB1,CD79A
COLL6,COL11A1
PTHRP,PTHLH
GCDFP15,PIP
GPIP4,PIP
FCG1,FCGR1A
FCGR1,FCGR1A
IGFR1,FCGR1A
CD32,FCGR2B
FCG2,FCGR2B
FCGR2A1,FCGR2A
IGFR2,FCGR2B
FCE1A,FCER1A
CTLA3,GZMA
HFSP,GZMA
BMP2A,BMP2
BMP2B,BMP4
DVR4,BMP4
BMP3A,BMP3
DCP,ACE
DCP1,ACE
CDHE,CDH1
UVO,CDH1
CD225,IFITM1
IFI17,IFITM1
LAG1,CCL4L1
MIP1B,CCL4
SCYA4,CCL4
PCOLC,BMP1
MCP1,CCL2
SCYA2,CCL2
D17S136E,CCL5
SCYA5,CCL5
ABCC7,CFTR
NCAM,NCAM1
CSPG2,VCAN
CD49D,ITGA4
BGP,CEACAM1
BGP1,CEACAM1
HLA-6.2,HLA-E
HLAE,HLA-E
ADRB3R,ADRB3
B3AR,ADRB3
MIC11,CD59
MIN1,CD59
MIN2,CD59
MIN3,CD59
MSK21,CD59
3BH,HSD3B1
HSDB3A,HSD3B1
E17KSR,HSD17B1
EDH17B1,HSD17B1
EDH17B2,HSD17B1
EDHB17,HSD17B1
SDR28C1,HSD17B1
LNHR,SELL
LYAM1,SELL
GLIF,MIF
MMIF,MIF
MIC2,CD99
MIC2X,CD99
MIC2Y,CD99
HPTA,HGF
NID,NID1
PLA2B,PLA2G2A
PLA2L,PLA2G2A
RASF-A,PLA2G2A
OIP3,PKM
PK2,PKM
PK3,PKM
PKM2,PKM
GRP94,HSP90B1
TRA1,HSP90B1
IL1R,IL1R1
IL1RA,IL1RN
IL1RT1,IL1R1
CLG4B,MMP9
IL15RB,IL2RB
HILDA,LIF
ALDR1,AKR1B1
ALR2,AKR1B1
PVS,PVR
VIL2,EZR
CSF2R,CSF2RA
CSF2RY,CSF2RA
AREGB,AREG
SDGF,AREG
MCP,CD46
MIC10,CD46
S11BH,CYP11B1
VEGF,VEGFA
SIAT1,ST6GAL1
PUM,MUC1
ANPRA,NPR1
LHR,CD44
MDU2,CD44
MDU3,CD44
MIC4,CD44
GMRP,SELP
GRMP,SELP
CD43,SPN
CBR,CBR1
CRN,CBR1
SDR21C1,CBR1
PDGFR2,PDGFRA
RHEPDGFRA,PDGFRA
CD152,CTLA4
MDP,DPEP1
RDP,DPEP1
LGR3,TSHR
ELAM1,SELE
D17S1718,CCL3L1
G0S19-2,CCL3L1
SCYA3L1,CCL3L1
CCL3L3,CCL3L1
GP3B,CD36
GP4,CD36
IFNAR,IFNAR1
CD49B,ITGA2
GJAL,GJA1
ANPRC,NPR3
C5orf23,NPR3
NPRC,NPR3
HLA-6.0,HLA-G
HLAG,HLA-G
TPH,TPH1
TPRH,TPH1
TRPH,TPH1
END,ENG
C3BR,CR1
MAC2,LGALS3
IBP3,IGFBP3
FLT,FLT1
FRT,FLT1
VEGFR1,FLT1
12LO,ALOX12
LOG12,ALOX12
OP1,BMP7
ADRA2L1,ADRA2B
ADRA2RL1,ADRA2B
PTPA,PTPRA
PTPRL2,PTPRA
IL1F3,IL1RN
FDC,LAG3
ADRA2L2,ADRA2C
ADRA2RL2,ADRA2C
SDC,SDC1
CDHN,CDH2
NCAD,CDH2
LFA3,CD58
MOX44,CD53
TSPAN25,CD53
TNFAR,TNFRSF1A
TNFR1,TNFRSF1A
GGT,GGT1
NR2B1,RXRA
IGHEP2,ITIH2
GRO2,CXCL2
GROB,CXCL2
MIP2A,CXCL2
SCYB2,CXCL2
GRO3,CXCL3
GROG,CXCL3
SCYB3,CXCL3
WAP3,PI3
WFDC14,PI3
C3DR,CR2
HLA-DP1A,HLA-DPA1
HLASB,HLA-DPA1
TC1,TCN1
TC2,TCN2
SIGLEC3,CD33
TPS2,TPSAB1
CCNA,CCN1
CCNA2,CCN1
SIGLEC2,CD22
FLAP,ALOX5AP
TNFBR,TNFRSF1B
TNFR2,TNFRSF1B
NKA,TAC1
NKNA,TAC1
TAC2,TAC1
ANPRB,NPR2
CD11A,ITGAL
CD11C,ITGAX
AADC,DDC
EPLG1,EFNA1
LERK1,EFNA1
TNFAIP4,EFNA1
GMA,MAG
CD3Z,CD247
T3Z,CD247
TCRZ,CD247
HBNF1,PTN
NEGF1,PTN
NK2R,TACR2
NKNAR,TACR2
TAC2R,TACR2
CHEDG1,S1PR1
EDG1,S1PR1
CNR,CNR1
MGF,KITLG
SCF,KITLG
NT5,NT5E
NTE,NT5E
EPH,EPHA1
EPHT,EPHA1
EPHT1,EPHA1
C5AR,C5AR1
C5R1,C5AR1
MK1,MDK
NEGF2,MDK
ZP3A,ZP3
ZP3B,ZP3
ZPC,ZP3
KGF,FGF7
BEK,FGFR2
KGFR,FGFR2
KSAM,FGFR2
SLRR1A,BGN
RYDR,RYR1
HER3,ERBB3
DRD1B,DRD5
DRD1L2,DRD5
MIC3,CD9
TSPAN29,CD9
CMP,MATN1
CRTM,MATN1
HGK5,KCNA3
VGR,BMP6
HXBL,TNXB
TNX,TNXB
TNXB1,TNXB
TNXB2,TNXB
XB,TNXB
CDHP,CDH3
SCYA1,CCL1
JTK2,FGFR4
TKF,FGFR4
GAL1,GAL
GALN,GAL
GLNN,GAL
ADXR,FDXR
JTK4,FGFR3
IBP4,IGFBP4
LCGR,LHCGR
LGR2,LHCGR
LHRHR,LHCGR
CLEC13D,MRC1
CLEC13DL,MRC1
MRC1L1,MRC1
S100A,S100A1
ADMLX,ANOS1
KAL,ANOS1
KAL1,ANOS1
KALIG1,ANOS1
PTPB,PTPRB
PTPG,PTPRG
HTPZP2,PTPRZ1
PTPRZ,PTPRZ1
PTPRZ2,PTPRZ1
PTPZ,PTPRZ1
TXGP1,TNFSF4
OMGP,OMG
CNP2,NPPC
LGR1,FSHR
NAT1,SLC6A2
NET1,SLC6A5
SLC6A2,SLC6A5
SLC6A5,SLC6A2
NK4,IL32
TAIF,IL32
LAMM,LAMA2
IL4RA,IL4R
ETRB,EDNRB
CYP5,TBXAS1
CYP5A1,TBXAS1
TXAS,TBXAS1
HXB,TNC
MLC2,MYL9
MRLC1,MYL9
MYRL2,MYL9
CMKAR1,CXCR1
IL8RA,CXCR1
IL8RB,CXCR2
CD24A,CD24
FPRH1,FPR2
FPRL2,FPR3
FPRL1,FPR2
LXA4R,FPR2
GUC2C,GUCY2C
STAR,GUCY2C
ADRA1D,ADRA1A
ADRA1A,ADRA1D
ETA,EDNRA
ETRA,EDNRA
NK1R,TACR1
TAC1R,TACR1
CMKOR1,ACKR3
CXCR7,ACKR3
GPR159,ACKR3
RDC1,ACKR3
CF2R,F2R
PAR1,F2R
TR,F2R
ZAG,AZGP1
ZNGP1,AZGP1
LAMA,LAMA1
APT1,FAS
FAS1,FAS
TNFRSF6,FAS
NPYR,NPY1R
NPYY1,NPY1R
TNFRSF5,CD40
MSK18,ITGA3
CAPL,S100A4
MTS1,S100A4
NKG2A,KLRC1
NKG2C,KLRC2
D12S2489E,KLRK1
NKG2D,KLRK1
TNFRSF7,CD27
D3F15S2,MST1
DNF15S2,MST1
HGFL,MST1
IL3R,IL3RA
ACVR2,ACVR2A
ADCP2,DPP4
CD26,DPP4
C3orf7,COL8A1
KAI1,CD82
SAR2,CD82
ST6,CD82
TSPAN27,CD82
CRTC,CALR
PFC,CFP
IL1RB,IL1R2
DMA,HLA-DMA
RING6,HLA-DMA
DMB,HLA-DMB
RING7,HLA-DMB
GST4,GSTM2
HTR1DA,HTR1D
HTRL,HTR1D
HTR1DB,HTR1B
HTR2,HTR2A
HTR1C,HTR2C
NR2B2,RXRB
PTPRL1,PTPRM
CD30,TNFRSF8
D1S166E,TNFRSF8
ADORA2,ADORA2A
CTGF,CCN2
HCS24,CCN2
IGFBP8,CCN2
ECK,EPHA2
ETK,EPHA3
ETK1,EPHA3
HEK,EPHA3
TYRO4,EPHA5
EEK,EPHA8
HEK3,EPHA8
KIAA1459,EPHA8
DRT,EPHB2
EPHT3,EPHB2
EPTH3,EPHB2
ERK,EPHB2
HEK5,EPHB2
TYRO5,EPHB2
HCP,PTPN6
PTP1C,PTPN6
NK3R,TACR3
TAC3R,TACR3
TYK1,LTK
NKSF1,IL12A
NKSF2,IL12B
CD40L,CD40LG
TNFSF5,CD40LG
TRAP,CD40LG
CHIP28,AQP1
AQP0,MIP
BKR2,BDKRB2
HLA-5.4,HLA-F
HLAF,HLA-F
ADHR,AVPR2
DIR,AVPR2
DIR3,AVPR2
V2R,AVPR2
UFO,AXL
GABATR,SLC6A1
GABT1,SLC6A1
GAT1,SLC6A1
NACHRA5,CHRNA5
A2MRAP,LRPAP1
AGTR1A,AGTR1
AGTR1B,AGTR1
AT2R1,AGTR1
AT2R1B,AGTR1
HTR1EL,HTR1F
GRHR,GNRHR
NTRR,NTSR1
VEGP,LCN1
CDW52,CD52
HE5,CD52
HTT,SLC6A4
SERT,SLC6A4
CGM6,CEACAM8
CAML1,L1CAM
MIC5,L1CAM
CCKRA,CCKAR
CCKRB,CCKBR
CMKBR1,CCR1
CMKR1,CCR1
SCYAR1,CCR1
CMKBR7,CCR7
EBI1,CCR7
EVI1,CCR7
NACHRA3,CHRNA3
BLR1,CXCR5
MDR15,CXCR5
CDHF6,DSG3
IL3RB,CSF2RB
IL5RB,CSF2RB
CD27L,CD70
CD27LG,CD70
TNFSF7,CD70
CD30L,TNFSF8
CD30LG,TNFSF8
CD28LG,CD80
CD28LG1,CD80
LAB7,CD80
NTF5,NTF4
HSPG1,SDC2
JTK5A,RYK
APG2,HSPA4
CB2A,CNR2
CB2B,CNR2
CRFR,CRHR1
CRFR1,CRHR1
CRHR,CRHR1
PRSS4,PRSS3
TRY3,PRSS3
TRY4,PRSS3
NC30,IL13
COLEC7,SFTPD
PSPD,SFTPD
SFTP4,SFTPD
AM,ADM
ADRA1C,ADRA1A
COX2,PTGS2
MOR1,OPRM1
NR1F1,RORA
RZRA,RORA
PTGER4,PTGER2
PTGER2,PTGER4
AGTRL1,APLNR
APJ,APLNR
TSP2,THBS2
TSP4,THBS4
FBN,FBN1
TIE,TIE1
VEGFR3,FLT4
FLK1,KDR
VEGFR2,KDR
MCT7,SLC16A2
MCT8,SLC16A2
XPCT,SLC16A2
GGTLA1,GGT5
GJA7,GJC1
NACHRA7,CHRNA7
CD135,FLT3
FLK2,FLT3
STK1,FLT3
ACVRLK3,BMPR1A
ALK3,BMPR1A
ACVRLK4,ACVR1B
ALK4,ACVR1B
ALK5,TGFBR1
SKR4,TGFBR1
D12S370,LTBR
TNFCR,LTBR
TNFR3,LTBR
TNFRSF3,LTBR
PEDF,SERPINF1
ACVRLK1,ACVRL1
ALK1,ACVRL1
EDH17B3,HSD17B3
SDR12C2,HSD17B3
NR1C3,PPARG
AVPR1,AVPR1A
NACP,SNCA
PARK1,SNCA
GGCX,GC
IFNGT1,IFNGR2
GLUR5,GRIK1
HME,MMP12
NCA,CEACAM6
TXLN,TXLNA
MGDF,THPO
TPOR,MPL
PBX1,PRL
OPRD,OPRD1
OPRK,OPRK1
OOR,OPRL1
ORL1,OPRL1
OB,LEP
OBS,LEP
ERM,ETV5
MOX1,CD200
MOX2,CD200
PDS,PTGDS
RFC1,FLOT1
SLC19A1,FLOT1
VIP2R,VIPR2
GPRC1E,GRM5
MGLUR5,GRM5
CMKBR2,CCR2
CD28LG2,CD86
AGTI,ASIP
AGTIL,ASIP
ASP,ASIP
GLUH1,GRIA1
GLUR1,GRIA1
GLUR2,GRIA2
GLUR3,GRIA3
GLURC,GRIA3
DDH1,AKR1C3
HSD17B5,AKR1C3
KIAA0119,AKR1C3
PGFS,AKR1C3
IL12R,IL12RB1
IL12RB,IL12RB1
ENA78,CXCL5
SCYB5,CXCL5
EAAT1,SLC1A3
GLAST,SLC1A3
GLAST1,SLC1A3
EAAT2,SLC1A2
GLT1,SLC1A2
EAAC1,SLC1A1
EAAT3,SLC1A1
HEAAC1,SLC1A1
BMP14,GDF5
CDMP1,GDF5
PRIPR,PTGIR
MUC18,MCAM
IGDCC1,DCC
TXGP1L,TNFRSF4
PBEF,NAMPT
PBEF1,NAMPT
CD158A,KIR2DL1
NKAT1,KIR2DL1
CD158B2,KIR2DL3
KIRCL23,KIR2DL3
NKAT2,KIR2DL3
CD158E,KIR3DL1
NKAT3,KIR3DL1
NKB1,KIR3DL1
CD158K,KIR3DL2
NKAT4,KIR3DL2
CD158I,KIR2DS4
KKA3,KIR2DS4
NKAT8,KIR2DS4
NACRA4,CHRNA4
GPR1,CMKLR2
GPR2,CCR10
CCXCR1,XCR1
GPR5,XCR1
5HT3R,HTR3A
HTR3,HTR3A
BAT3,BAG6
G3,BAG6
TAN1,NOTCH1
BRADYB1,BDKRB1
GALNR,GALR1
GALNR1,GALR1
ALDH6,ALDH1A3
AVPR3,AVPR1B
VPR3,AVPR1B
LTN,XCL1
SCYC1,XCL1
APT1LG1,FASLG
CD95L,FASLG
FASL,FASLG
TNFSF6,FASLG
IRK3,KCNJ4
GLUR4,GRIA4
SDF1,CXCL12
SDF1A,CXCL12
SDF1B,CXCL12
GABT3,SLC6A11
GAT3,SLC6A11
GPR7,NPBWR1
GPR8,NPBWR2
DB,LEPR
NR2B3,RXRG
TSPAN24,CD151
IFNABR,IFNAR2
IFNARB,IFNAR2
KIAA0024,PTDSS1
PSSA,PTDSS1
EAAT4,SLC1A6
IGFBP9,CCN3
NOV,PLXNA1
NOVH,CCN3
CD97,ADGRE5
CMKBRL1,CX3CR1
GPR13,CX3CR1
ERGIC53,LMAN1
F5F8D,LMAN1
FASN,FAS
GPR9,CXCR3
GPR10,PRLHR
GR3,PRLHR
TSP3,THBS3
PGFL,PGF
PLGF,PGF
VRF,VEGFB
AD3,PSEN1
PS1,PSEN1
PSNL1,PSEN1
PEIG1,RARRES1
TIG1,RARRES1
PRSS6,KLK7
SCCE,KLK7
STE,SULT1E1
SEPP1,SELP
SELENOP,SELP
CAP18,CAMP
FALL39,CAMP
CD39,ENTPD1
STP,SULT1A1
STP1,SULT1A1
PPYR1,NPY4R
APO2L,TNFSF10
TRAIL,TNFSF10
LU,BCAM
MSK19,BCAM
NR1F3,RORC
RORG,RORC
RZRG,RORC
RLF,INSL3
RLNL,INSL3
OCI5,GPC3
SCYA11,CCL11
CMKBR3,CCR3
CMKBR4,CCR4
CMKBR5,CCR5
CKRL3,CCR6
CMKBR6,CCR6
GPR29,CCR6
STRL22,CCR6
CKRL1,CCR8
CMKBR8,CCR8
CMKBRL2,CCR8
GPR28,CCR9
KCNA8,KCNQ1
KCNA9,KCNQ1
KVLQT1,KCNQ1
PLXN4,PLXNA3
SEX,PLXNA3
OA1,GPR143
KIAA0037,ADCY7
SRD5B1,AKR1D1
LDC,LUM
SLRR2D,LUM
EFL2,EFNA3
EPLG3,EFNA3
LERK3,EFNA3
EPLG4,EFNA4
LERK4,EFNA4
EPLG5,EFNB2
HTKL,EFNB2
LERK5,EFNB2
EPLG7,EFNA5
LERK7,EFNA5
IPF1,PDX1
STF1,PDX1
ADAPT78,DSC1
CSP1,DSC1
DSCR1,DSC1
RCAN1,DSC1
MCT1,SLC16A1
VAT1,SLC18A1
VMAT1,SLC18A1
YARS,YARS1
ETK2,EPHB3
HEK2,EPHB3
TYRO6,EPHB3
BSK,EPHA5
EHK1,EPHA5
HEK7,EPHA5
HTK,EPHB4
MYK1,EPHB4
TYRO11,EPHB4
ELK,EPHB1
EPHT2,EPHB1
HEK6,EPHB1
NET,EPHB1
HEK8,EPHA4
SEK,EPHA4
TYRO1,EPHA4
ARS,SLURP1
MAGP1,MFAP2
LXRB,NR1H2
NER,NR1H2
UNR,NR1H2
ITDI3,DIO3
TXDI3,DIO3
AIGF,FGF8
GPR11,F2RL1
PAR2,F2RL1
BMP3B,GDF10
MTP,MTTP
AF6,AFDN
MLLT4,AFDN
LAMS,LAMB2
CDH14,CDH15
CDH15,CDH3
CDH3,CDH15
MIP3,CCL23
MPIF1,CCL23
SCYA23,CCL23
AMAC1,CCL18
DCCK1,CCL18
MIP4,CCL18
PARC,CCL18
SCYA18,CCL18
FCRN,FCGRT
GDNFRA,GFRA1
RETL1,GFRA1
TRNR1,GFRA1
INT4,WNT3
G3PP,SLC37A1
C21orf43,JAM2
VEJAM,JAM2
C21orf11,FAM3B
C21orf76,FAM3B
ILT7,LILRA4
BD1,DEFB1
HBD1,DEFB1
TAPA1,CD81
TSPAN28,CD81
ANX2LG,S100A10
CAL1L,S100A10
CLP11,S100A10
ARP2,ANGPTL2
FGF12B,FGF12
FHF1,FGF12
LZM,LYZ
TM4SF9,TSPAN5
CYPA,PPIA
GNB2L1,RACK1
NSEP1,YBX1
YB1,YBX1
CAR,CXADR
BIT,SIRPA
MFR,SIRPA
MYD1,SIRPA
PTPNS1,SIRPA
SHPS1,SIRPA
SIRP,SIRPA
CASPR,CNTNAP1
NRXN4,CNTNAP1
CLEC8A,OLR1
LOX1,OLR1
BT3.2,BTN3A2
BTF4,BTN3A2
GSTTLP28,GSTO1
FKN,CX3CL1
NTT,CX3CL1
SCYD1,CX3CL1
JAGL1,JAG1
CSVP,ADAM17
TACE,ADAM17
IL13R,IL13RA2
IL13RA,IL13RA1
LARC,CCL20
MIP3A,CCL20
SCYA20,CCL20
PEX,PHEX
MCP2,CCL8
SCYA10,CCL8
SCYA8,CCL8
MCP3,CCL7
SCYA6,CCL7
SCYA7,CCL7
GCP2,CXCL6
SCYB6,CXCL6
HNL,LCN2
NGAL,LCN2
NEFA,NUCB2
DLK,DLK1
PRH,PRLH
BD3,DEFB103A
DEFB103,DEFB103A
DEFB3,DEFB103A
DEFB103B,DEFB103A
MADH3,SMAD3
MUC5,MUC5AC
EFL3,EFNB1
EPLG2,EFNB1
LERK2,EFNB1
EVR2,NDP
PSG11,PSG9
CGM4,PSG4
PSG4,PSG9
PSG9,PSG4
CGM3,PSG6
PSG10,PSG6
PSG12,PSG6
PSGGB,PSG6
DXS6984E,BEX3
NADE,BEX3
NGFRAP1,BEX3
PDES1B,PDE1B
IL5R,IL5RA
CAP,CAP1
DER4,IL1RL1
ST2,IL1RL1
T1,IL1RL1
ACTHR,MC2R
MSHR,MC1R
DAT1,SLC6A3
NTRKR1,ROR1
NTRKR2,ROR2
RH50,RHAG
BCM,TNFRSF17
BCMA,TNFRSF17
AXT,CNTN2
TAG1,CNTN2
TAX1,CNTN2
GGF,NRG1
HGL,NRG1
HRGA,NRG1
NDF,NRG1
SMDF,NRG1
CDHF4,DSG1
CDHF2,DSC3
DSC3,DSC2
DSC2,DSC3
GUCA2,GUCA2A
TIE2,TEK
VMCM,TEK
VMCM1,TEK
SMUC,MUC2
CORD6,GUCY2D
GUC1A4,GUCY2D
GUC2D,GUCY2D
RETGC,GUCY2D
RETGC1,GUCY2D
CAV,CAV1
NR1C2,PPARD
PPARB,PPARD
SML1,TFF2
MO3,PLAUR
UPAR,PLAUR
PTHR,PTH1R
PTHR1,PTH1R
ACVRLK2,ACVR1
ACHRE,CHRNE
PTK8,MST1R
RON,MST1R
GAD65,GAD2
NMDAR1,GRIN1
UND,COL14A1
SVMT,SLC18A2
VMAT2,SLC18A2
PTP2C,PTPN11
SHPTP2,PTPN11
BYK,TYRO3
DTK,TYRO3
RSE,TYRO3
SKY,TYRO3
TIF,TYRO3
APPL2,APLP2
STD,SULT2A1
TNFC,LTB
TNFSF3,LTB
ACHRD,CHRND
CD137,TNFRSF9
ILA,TNFRSF9
GC1QBP,C1QBP
HABP1,C1QBP
SF2P32,C1QBP
CLEC2C,CD69
CMK,CXCL9
MIG,CXCL9
SCYB9,CXCL9
NKG2E,KLRC3
ITF,TFF3
TFI,TFF3
PPAR,PPARG
A2MR,LRP1
APR,LRP1
CRFB4,IL10RB
D21S58,IL10RB
D21S66,IL10RB
CAK,DDR1
EDDR1,DDR1
NEP,DDR1
NTRK4,DDR1
PTK3A,DDR1
RTK6,DDR1
TRKE,DDR1
M2BP,LGALS3BP
CDHF1,DSC1
MER6,CD47
HFREP1,FGL1
APOB48R,APOBR
FBLN3,EFEMP1
FBNL,EFEMP1
FRP,FRZB
STX4A,STX4
MER,MERTK
NMDAR2A,GRIN2A
EMAP2,AIMP1
SCYE1,AIMP1
DEP1,PTPRJ
CLEC5B,KLRB1
NKRP1A,KLRB1
TRAP3,TRAF2
GLUR6,GRIK2
GLUR7,GRIK3
MDA7,IL24
ST16,IL24
CLEC13C,PLA2R1
KRS2,MST1
STK4,MST1
CAP-1,TRAF3
CRAF1,TRAF3
TRAFAMN,TRAF3
LXRA,NR1H3
NMA,BAMBI
MORT1,FADD
SEMA5,SEMA3B
SEMAA,SEMA3B
NMDAR2B,GRIN2B
CD94,KLRD1
GPRC1A,GRM1
MGLUR1,GRM1
STX3A,STX3
CCK4,PTK7
CRF2R,CRHR2
CRH2R,CRHR2
CENPR,ITGB3BP
NRIF3,ITGB3BP
MAGP2,MFAP5
BTN,BTN1A1
KIAA0021,ADAM9
MCMP,ADAM9
MDC9,ADAM9
MLTNG,ADAM9
MDC15,ADAM15
C2orf31,FZD5
IL1RRP,IL18R1
TRP3,TRPC3
OFQ,PNOC
AQP2L,AQP6
RIP,RIPK1
RIP1,RIPK1
SEMAF,SEMA5A
PTCH,PTCH1
IL10R,IL10RA
MEMD,ALCAM
LAMNB1,LAMB3
LAMB2T,LAMC2
LAMNB2,LAMC2
NEAS,SPTAN1
SPTA2,SPTAN1
PPH1,BMPR2
BTEB2,CKLF
IKLF,CKLF
KLF5,CKLF
CACH2,CACNA1C
CACN2,CACNA1C
CACNL1A1,CACNA1C
CCHL1A1,CACNA1C
A18HNRNP,CIRBP
CIRP,CIRBP
APOER2,LRP8
IGIF,IL18
IL1F4,IL18
CDHF5,DSG2
KIAA0149,SCARF1
SREC,SCARF1
IL27B,EBI3
AXLLG,GAS6
CSHP1,CSHL1
CSL,CSHL1
GPRC1B,GRM2
MGLUR2,GRM2
DER12,SLC29A2
ENT2,SLC29A2
HNP36,SLC29A2
SEMAD,SEMA3A
CDHF3,DSC3
DSC4,DSC3
C21orf106,DIP2A
DIP2,DIP2A
KIAA0184,DIP2A
C14orf141,LTBP3
LTBP2,LTBP3
LW,ICAM4
GPRC1G,GRM7
MGLUR7,GRM7
GPRC1C,GRM3
MGLUR3,GRM3
GPRC1D,GRM4
MGLUR4,GRM4
LTB4DH,PTGR1
NKAT10,KIR3DS1
CD158H,KIR2DS1
HGFIN,GPNMB
GPNMB,NMB
NMB,GPNMB
NMDAR2C,GRIN2C
OSF2,POSTN
RAGE,AGER
PD1,PDCD1
P23,PTGES3
TEBP,PTGES3
HVEC,NECTIN1
PRR1,NECTIN1
PVRL1,NECTIN1
ECPTP,PTPRR
PTPRQ,PTPRR
PTPK,PTPRK
HER4,ERBB4
EHK3,EPHA7
HEK11,EPHA7
KIAA0003,ANGPT1
KIAA0018,DHCR24
KIAA0012,TLR1
SHP,NR0B2
FCNL,FCN2
TPS1,TPSAB1
TPSB1,TPSAB1
BLT,LTB4R
BLT1,LTB4R
BLTR,LTB4R
CMKRL1,LTB4R
GPR16,LTB4R
P2RY7,LTB4R
MLCK,MYLK
MLCK1,MYLK
MYLK1,MYLK
ASCT2,SLC1A5
M7V1,SLC1A5
RDR,SLC1A5
RDRC,SLC1A5
NPYR5,NPY5R
DNAM1,CD226
EPLG8,EFNB3
LERK8,EFNB3
ACDC,ADIPOQ
ACRP30,ADIPOQ
APM1,ADIPOQ
GBP28,ADIPOQ
GRIK,GRIK4
MAC25,IGFBP7
PSF,IGFBP7
CNCA,CNGA2
CNCA1,CNGA2
CNCG2,CNGA2
TRKC,NTRK3
RP8,PDCD2
ZMYND7,PDCD2
GRIK5,GRIK2
GRIK2,GRIK5
CTLA8,IL17A
IL17,IL17A
DARC,ACKR1
FY,ACKR1
GPD,ACKR1
VACHT,SLC18A3
AZ3B,C3AR1
C3R1,C3AR1
HNFAG09,C3AR1
CGRPR,CALCRL
SNAT,AANAT
TRKB,NTRK2
STX1,STX1A
NCC2,CCL14
SCYA14,CCL14
CYP8,PTGIS
CYP8A1,PTGIS
MIP5,CCL15
NCC3,CCL15
SCYA15,CCL15
AMHR,AMHR2
MISR2,AMHR2
LAMNA,LAMA3
NTRKR3,DDR2
TKT,DDR2
TYRO10,DDR2
PERB11.2,MICB
C20orf182,RSPO4
TECT1,TCTN1
COL28,COL28A1
CEAL2,CEACAM16
HLAH,HFE
VSIG9,TIGIT
VSTM3,TIGIT
KIAA1054,SV2C
CDO,CDON
SDR12C1,HSD17B12
TNLG1A,FASLG
NR2A,GRIN2A
KIAA1514,SDK2
BTIGSF,IGSF11
CXADRL1,IGSF11
VSIG3,IGSF11
C9orf143,FREM1
C9orf145,FREM1
C9orf154,FREM1
MKS3,TMEM67
CLP1,COLEC12
NSR2,COLEC12
SCARA4,COLEC12
SRCL,COLEC12
CLL1,CLEC12A
DCAL2,CLEC12A
MICL,CLEC12A
TNF-alpha,TNF
TNLG1F,TNF
C6orf76,TREML2
TLT2,TREML2
FRP1B,SFRP5
SARP3,SFRP5
EVN,ARTN
TNLG6B,TNFSF11
ULBP6,RAET1L
B7H3,CD276
B7H6,NCR3LG1
C17orf36,REN
KCTD11,REN
SLITL2,VASN
IF2A,IL10
FRPHE,SFRP4
CD305,LAIR1
ULBP5,RAET1G
BMP13,GDF6
GDF16,GDF6
KIAA1302,TENM4
ODZ4,TENM4
TNM4,TENM4
KIAA0585,JMJD6
PSR,JMJD6
PTDSR,JMJD6
FDX1L,FDX2
IRHOM2,RHBDF2
RHBDL5,RHBDF2
RHBDL6,RHBDF2
SALM3,LRFN4
AQPEP,LVRN
ATRAP,AGTRAP
MCSP,CSPG4
KACL,CLEC2A
CRL1,IL27RA
TCCR,IL27RA
WSX1,IL27RA
KIAA1174,LMBR1L
LIMR,LMBR1L
FAM150B,ALKAL2
TEM7R,PLXDC2
VCC1,CXCL17
CRISP9,PI16
PSPBP,PI16
KIAA1983,CCBE1
EGFL6L,NPNT
POEM,NPNT
KIAA1465,ISLR2
LINX,ISLR2
DIRS1,IL20RB
FAM150A,ALKAL1
C6orf144,GFRAL
KIAA1777,UNC5D
UNC5H4,UNC5D
CDHF14,FAT4
FATJ,FAT4
GPR154,NPSR1
GPRA,NPSR1
PGR14,NPSR1
CMF608,IGSF10
USAG1,SOSTDC1
NELF,NSMF
CD33L3,SIGLEC15
C16orf77,IL34
KIAA1976,UNC5A
UNC5H1,UNC5A
HFE2,HJV
RGMC,HJV
COX-2,PTGS2
KIAA0736,SV2A
KIAA0735,SV2B
FCRL,FCRL1
FCRLM1,FCRL1
FCRX,FCRL1
FREB,FCRL1
FCRLA,FCRL1
ENT4,SLC29A4
PMAT,SLC29A4
IGLON4,NEGR1
AM2,ADM2
FAM19A5,TAFA5
C17orf60,MILR1
MCA32,MILR1
B7H4,VTCN1
CDHF13,DSG4
DREG,ADGRG6
GPR126,ADGRG6
VIGR,ADGRG6
C14orf27,CLEC14A
EGFR5,CLEC14A
NGRH2,RTN4RL1
NGRL2,RTN4RL1
NGRH1,RTN4RL2
NGRL3,RTN4RL2
KIAA0340,RIMS1
RAB3IP2,RIMS1
RIM1,RIMS1
PAQR2,ADIPOR2
M130,CD163
ILDR3,LSR
LISCH,LSR
TMEM146,CATSPERD
KIAA1500,FRAS1
GPR97,ADGRG3
PGR26,ADGRG3
GP36,PDPN
AMICA1,JAML
GPB5,GPHB5
ZLUT1,GPHB5
CTRP11,C1QL4
IL29,IFNL1
ZCYTO21,IFNL1
IL28RA,IFNLR1
LICR2,IFNLR1
CREME9,CRLF3
CRLM9,CRLF3
CYTOR4,CRLF3
P48,CRLF3
TEM3,PLXDC1
TEM7,PLXDC1
CLECSF13,CLEC10A
CLECSF14,CLEC10A
HML,CLEC10A
HBP1,GPIHBP1
COLEC5,SFTPA2
SFTP1,PSAP
SFTPA,PSAP
SFTPA2B,SFTPA2
SFTPA2,PSAP
PSAP,SFTPA1
COLEC4,PSAP
SFTPA1B,PSAP
SFTPA1,PSAP
NTPH,TPH2
PDP1,PLPP6
PPAPDC2,PLPP6
KIAA1870,COL27A1
MLL5,KMT2E
IL28B,IFNL3
IL28C,IFNL3
ZCYTO22,IFNL3
P53RDL1,UNC5B
UNC5H2,UNC5B
KIAA1283,CPAMD8
KIAA1819,MAML2
DRAPC1,APCDD1
KIAA1260,NLGN4X
NLGN4,NLGN4X
IGSF4B,CADM3
NECL1,CADM3
SYNCAM3,CADM3
TSLL1,CADM3
LGIL3,LGI4
GJA11,GJC1
GJD3,GJC1
KIAA1070,NLGN1
ILT4,LILRB2
LIR2,LILRB2
MIR10,LILRB2
FGFR5,FGFRL1
FHFR,FGFRL1
FRP1,SFRP1
SARP2,SFRP1
IGDC1,IGSF1
KIAA0364,IGSF1
PGSF2,IGSF1
ILT6,LILRA3
LIR4,LILRA3
GCET2,GAL
GCSAM,GAL
IL22R,IL22RA1
NB1,CD177
PRV1,CD177
CD158Z,KIR3DL3
KIR3DL7,KIR3DL3
KIRC1,KIR3DL3
FRCP2,FNDC5
C1orf187,DRAXIN
NARC1,PCSK9
BTR1,SLC4A11
BTCL2,NETO2
KRM2,KREMEN2
VGLUT3,SLC17A8
VR1,TRPV1
ALK7,ACVR1C
IL27A,IL27
IL30,IL27
GPR73L1,PROKR2
PKR2,PROKR2
KIAA1479,SEMA6D
KIAA0951,NLGN4Y
KIAA1366,NLGN2
IGSF4C,CADM4
NECL4,CADM4
TSLL2,CADM4
TM4SF14,TSPAN14
ILT3,LILRB4
LIR5,LILRB4
ILT2,LILRB1
LIR1,LILRB1
MIR7,LILRB1
CCL4L,CCL4L1
SCYA4L1,CCL4L1
SCYA4L2,CCL4L1
CCL4L2,CCL4L1
CRL3,IL31RA
GPL,IL31RA
SDNSF,MCFD2
MG2,MUC7
C1orf93,PRXL2B
FAM213B,PRXL2B
C21orf61,MRAP
FALP,MRAP
MIC2L1,CD99L2
LETAL,RAET1E
N2DL4,RAET1E
ULBP4,RAET1E
CD200R,CD200R1
CRTR2,CD200R1
MOX2R,CD200R1
OX2R,CD200R1
TIM3,HAVCR2
TIMD3,HAVCR2
CD300F,CD300LF
CLM1,CD300LF
IGSF13,CD300LF
IREM1,CD300LF
NKIR,CD300LF
GPR170,OXER1
TG1019,OXER1
PGR5,GPR152
GALR4,GPR151
GALRL,GPR151
PGR7,GPR151
KIAA1863,ALB
FBF1,ALB
GASP1,WFIKKN2
WFIKKNRP,WFIKKN2
PAR3A,PARD3
KIAA1959,UBASH3B
STS1,UBASH3B
CD36L1,SCARB1
CLA1,SCARB1
BOCT,SLC22A17
BOIT,SLC22A17
K12,SECTM1
FEEL2,STAB2
FELL,STAB2
FEX2,STAB2
HARE,STAB2
LPDLR,LIPH
MPAPLA1,LIPH
PLA1B,LIPH
FIL1T,IL1F10
IL1HY2,IL1F10
IL38,IL1F10
GPR106,RXFP2
GREAT,RXFP2
LGR8,RXFP2
INSL7,RLN3
RXN3,RLN3
ZINS4,RLN3
GPR98,ADGRV1
KIAA0686,ADGRV1
KIAA1943,ADGRV1
MASS1,ADGRV1
VLGR1,ADGRV1
ILEI,FAM3C
KIAA0253,NCSTN
SCYA17,CCL17
TARC,CCL17
EDG2,LPAR1
LPA1,LPAR1
C11orf32,SORL1
HVEB,NECTIN2
PRR2,NECTIN2
PVRL2,NECTIN2
FMI,PTPRU
PCP2,PTPRU
PTPRO,PTPRU
ESTRB,ESR2
NR3A2,ESR2
NR1F2,RORB
RZRB,RORB
FIZ,FRZB
FRE,FRZB
FRZB1,FRZB
SFRP3,FRZB
KIAA0343,NRCAM
NELL1,NRP1
ED1,EDA
EDA2,EDA
ITRAF,TRAF2
TANK,TRAF2
C9orf164,SEMA4D
CD100,SEMA4D
SEMAJ,SEMA4D
IGDCC2,NEO1
NGN,NEO1
PRSS18,KLK6
PRSS9,KLK6
CFR1,GLG1
ESL1,GLG1
MG160,GLG1
FHF2,FGF13
FHF4,FGF14
MSF,PRG4
SZP,PRG4
HVEA,TNFRSF14
HVEM,TNFRSF14
APO3,TNFRSF25
DDR3,TNFRSF25
DR3,TNFRSF25
TNFRSF12,TNFRSF25
WSL,TNFRSF25
WSL1,TNFRSF25
WNT13,WNT2B
SPC,UCN3
AXOR12,KISS1R
GPR54,KISS1R
PAQR1,ADIPOR1
TESBP1A,ADIPOR1
EMID2,COL26A1
EMU2,COL26A1
RGM,RGMA
CD28H,TMIGD2
IGPR1,TMIGD2
KIAA1857,NTNG2
LMNT2,NTNG2
KIM1,HAVCR1
TIM1,HAVCR1
TIMD1,HAVCR1
CLEC15A,KLRG1
MAFA,KLRG1
MAFAL,KLRG1
IL17R,IL17RA
CHLR1,CHL1
KRG2,CHL1
DDX11,CHL1
LERN1,LINGO1
LRRN6A,LINGO1
FBXO23,TSPAN17
TM4SF17,TSPAN17
LPPR2,PRG4
PLPPR2,PRG4
BEHAB,BCAN
CSPG7,BCAN
TIM4,TIMD4
FRP2,SFRP2
SARP1,SFRP2
LIG1,LRIG1
C13orf8,CAMP
CHAMP,CAMP
KIAA1802,CAMP
ZNF828,CAMP
CHAMP1,CAMP
CDH19,DCHS1
CDH25,DCHS1
FIB1,DCHS1
KIAA1773,DCHS1
PCDH16,DCHS1
4SPAN1,MS4A4A
CD20L1,MS4A4A
MS4A4,MS4A4A
KIAA1780,MEGF10
FCRH1,FCRL1
IFGP1,FCRL1
IRTA5,FCRL1
MRGX2,MRGPRX2
MRGX1,MRGPRX1
SNSR3,MRGPRX1
SNSR4,MRGPRX1
SLG2,SIGLEC10
KREMEN,KREMEN1
KRM1,KREMEN1
C14orf146,LRFN5
SALM5,LRFN5
LNIR,NECTIN4
PRR4,NECTIN4
PVRL4,NECTIN4
COL1AL,COL21A1
GPR103,QRFPR
CLCP1,DCBLD2
ESDN,DCBLD2
GPR124,ADGRA2
KIAA1531,ADGRA2
TEM5,ADGRA2
FCRH4,FCRL4
IFGP2,FCRL4
IRTA1,FCRL4
KIAA1329,SORCS2
KIAA1910,SLITRK1
LRRC12,SLITRK1
HIP,HHIP
PAR4,F2RL3
BAR,NR1H4
FXR,NR1H4
HRR1,NR1H4
RIP14,NR1H4
BAFFR,TNFRSF13C
BR3,TNFRSF13C
SRP,UCN2
URP,UTS2B
HCA137,TGS1
NCOA6IP,TGS1
PIMT,TGS1
C10orf22,ADO
GPA2,GPHA2
ZSIG51,GPHA2
GCSFR,CSF3R
DTR,HBEGF
DTS,HBEGF
HEGFL,HBEGF
AMG,AMELX
AMGX,AMELX
GAD,GAD1
GAD67,GAD1
NRP2,NELL2
NELL2,NRP2
INT3,NOTCH4
LY64,CD180
RP105,CD180
C9orf108,S1PR3
C9orf47,S1PR3
EDG3,S1PR3
CEPR,GPER1
CMKRL2,GPER1
DRY12,GPER1
GPER,GPER1
GPR30,GPER1
MCP4,CCL13
NCC1,CCL13
SCYA13,CCL13
OSMRB,OSMR
GPR23,LPAR4
LPA4,LPAR4
P2RY9,LPAR4
GPR24,MCHR1
SLC1,MCHR1
CD158D,KIR2DL4
KIR103AS,KIR2DL4
KCNJ14,KCNJ15
COL12A1L,COL12A1
ELC,CCL19
MIP3B,CCL19
SCYA19,CCL19
CHEMR23,CMKLR1
DEZ,CMKLR1
MIPEP,MIP
ENT1,SLC29A1
SMOH,SMO
FTNB,ADAM2
TIG2,RARRES2
GLC1A,MYOC
TIGR,MYOC
SLRR2C,OMD
SEMAE,SEMA3C
MIC1,GDF15
PDF,GDF15
PLAB,GDF15
PTGFB,GDF15
RDH15,DHRS9
SDR9C4,DHRS9
B7DC,PDCD1LG2
CD273,PDCD1LG2
PDCD1L2,PDCD1LG2
PDL2,PDCD1LG2
KAP4.12,KRTAP4-12
KRTAP4.12,KRTAP4-12
C20orf55,F10
FAM110A,F10
CS3,CLSTN3
KIAA0726,CLSTN3
C12orf39,SPX
DIL1,SPON2
FAM121B,APOO
MIC23,APOO
MIC26,APOO
KIAA0894,SORBS1
KIAA1296,SORBS1
SH3D5,SORBS1
SGPP1,SPP1
GPR48,LGR4
CTRP5,C1QTNF5
CTRP1,C1QTNF1
PWTSR,RSPO3
THSD2,RSPO3
IGSF4,CADM1
IGSF4A,CADM1
NECL2,CADM1
SYNCAM,CADM1
TSLC1,CADM1
ARP4,ANGPTL4
HFARP,ANGPTL4
PGAR,ANGPTL4
NIR1,PITPNM3
ENT3,SLC29A3
N2DL3,ULBP3
RAET1N,ULBP3
N2DL2,ULBP2
RAET1H,RAET1L
N2DL1,ULBP1
RAET1I,ULBP1
NOGOR,RTN4R
IPM200,IMPG2
2B4,CD244
SN,SIGLEC1
DCAMKL3,DCLK3
DCDC3C,DCLK3
KIAA1765,DCLK3
KIAA1739,SEMA4C
SEMAI,SEMA4C
IEGF,PDGFD
SCDGFB,PDGFD
NMU2R,NMUR2
TGR1,NMUR2
GPR147,NPFFR1
NPFF1,NPFFR1
CHT1,SLC5A7
HYPF,FGF23
ILTIF,IL22
ZCYTO18,IL22
NACHRA10,CHRNA10
C1orf160,TMEM222
CXorf2,SLITRK2
KIAA1854,SLITRK2
SLITL1,SLITRK2
ECAC2,TRPV6
WNT8D,WNT8A
EDG8,S1PR5
HORK3,P2RY12
IL17E,IL25
SCYB16,CXCL16
SRPSOX,CXCL16
KIAA1368,SEMA6A
SEMAQ,SEMA6A
GP83,ADAM7
CD209L,CLEC4M
CD209L1,CLEC4M
CD299,CLEC4M
GPCR105,HRH4
SEMAB,SEMA4A
SEMB,SEMA4A
SEMAN,SEMA6B
SEMAZ,SEMA6B
UNC45A,SMAP1
CS2,CLSTN2
KIAA0338,EPB41L1
VGAT,SLC32A1
VIAAT,SLC32A1
ATR,ANTXR1
TEM8,ANTXR1
CKTSF1B2,GREM2
DAND3,GREM2
PRDC,GREM2
C10orf54,VSIR
SISP1,VSIR
VISTA,VSIR
C9orf15,PTGES2
PGES2,PTGES2
EMILIN3,MMRN2
SRD5A2L,SRD5A3
KIAA0768,ADGRL3
LEC3,ADGRL3
LPHN3,ADGRL3
TNFRSF27,EDA2R
XEDAR,EDA2R
IL1RRP2,IL1RL2
GPR66,NMUR1
NILR,IL21R
BAG,LRRC4
ELTD1,ADGRL4
ETL,ADGRL4
LGR7,RXFP1
BV8,PROK2
CRL2,CRLF2
ILXR,CRLF2
TSLPR,CRLF2
KIAA0762,SPON1
VSGP,SPON1
KIAA1616,TRPM3
LTRPC3,TRPM3
KIAA1580,LRRC4C
NGL1,LRRC4C
KIAA1568,ROBO2
KIAA1550,PLXNA4
PLXNA4A,PLXNA4
PLXNA4B,PLXNA4
C7orf9,NPVF
RFRP,NPVF
CD164L1,CD248
TEM1,CD248
CDHF10,CELSR2
EGFL2,CELSR2
KIAA0279,CELSR2
MEGF3,CELSR2
FIZZ3,RETN
HXCP1,RETN
RSTN,RETN
KIAA0743,NRXN3
CLEC4L,CD209
FPN1,SLC40A1
IREG1,SLC40A1
SLC11A3,SLC40A1
IL1R9,IL1RAPL2
FN14,TNFRSF12A
CCRL1,ACKR4
VSHK1,ACKR4
BLT2R,LTB4R2
BLTR2,LTB4R2
8D6A,CD320
SGRF,IL23A
C3orf13,IL1RAP
IL1R3,IL1RAP
AK155,IL26
KIAA1745,SEMA4B
SEMAC,SEMA4B
C1QR1,CD93
MXRA4,CD93
CEGP1,SCUBE2
KIAA0886,RTN4
NOGO,RTN4
PRR3,NECTIN3
PVRL3,NECTIN3
EX33,GPR84
SCDGF,PDGFC
SCYA28,CCL28
KIAA1621,PCDHB16
PCDH3X,PCDHB16
CRL4,IL17RB
EVI27,IL17RB
IL17BR,IL17RB
TAJ,TNFRSF19
TROY,TNFRSF19
CYSLT2,CYSLTR2
CYSLT2R,CYSLTR2
GAT2,SLC6A13
KIAA1127,TENM2
ODZ2,TENM2
TNM2,TENM2
LRIG4,LRRC4B
KIAA1619,SEMA4G
MALS3,LIN7C
VELI3,LIN7C
SLTM,MET
C20orf16,SMO
SMOX,SMO
FEEL1,STAB1
KIAA0246,STAB1
KIAA0647,MTMR4
ZFYVE11,MTMR4
GPR72,GPR83
JP05,GPR83
KIAA1540,GPR83
CDHF9,CELSR1
FMI2,CELSR1
CDHF11,CELSR3
EGFL1,CELSR3
FMI1,CELSR3
KIAA0812,CELSR3
MEGF2,CELSR3
ZCYTO10,IL20
SAF2,SIGLEC8
APPILS,ERAP1
ARTS1,ERAP1
KIAA0525,ERAP1
KIAA1480,NLGN3
NL3,NLGN3
FIL1Z,IL37
IL1F7,IL37
IL1H4,IL37
IL1RP1,IL37
IL1F8,IL36B
IL1H2,IL36B
IL1E,IL36A
IL1F9,IL36G
IL1H1,IL36G
IL1RP2,IL36G
MTCH1,PSAP
OPHN4,IL1RAPL1
B7H1,CD274
PDCD1L1,CD274
PDCD1LG1,CD274
PDL1,CD274
LRPDIT,LRP1B
CLEC5C,KLRF1
ML,KLRF1
KIAA1469,FLRT3
KIAA1044,KCND2
KLKL6,KLK14
MDC2,ADAM22
CLEC2,CLEC1B
SIRPB2,SIRPG
SIRPG,SIRPB2
KIAA1510,COL20A1
KIAA1496,CNTN3
PANG,CNTN3
KIAA1455,TENM3
ODZ3,TENM3
TNM3,TENM3
KIAA1445,SEMA5B
SEMAG,SEMA5B
C5L2,C5AR2
GPR77,C5AR2
KIAA1319,CGN
KIAA0921,NRXN2
BNPI,SLC17A7
VGLUT1,SLC17A7
DNPI,SLC17A6
VGLUT2,SLC17A6
SCYC2,XCL2
BSF3,CLCF1
CLC,CLCF1
NNT1,CLCF1
CLEC13E,MRC2
ENDO180,MRC2
KIAA0709,MRC2
UPARAP,MRC2
FIL1D,IL36RN
IL1F5,IL36RN
IL1HY1,IL36RN
IL1L1,IL36RN
IL1RP3,IL36RN
DAP10,HCST
KAP10,HCST
PIK3AP,HCST
PEMPT,PNMT
PEMT,PNMT
D7SR,DHCR7
DCR2,TNFRSF10D
TRAILR4,TNFRSF10D
TRUNDD,TNFRSF10D
REIC,DKK3
CKLF1,CKLF
EDJ,DNAJB11
ERJ3,DNAJB11
HDJ9,DNAJB11
GPRC3A,GABBR1
MTLRP,GHRL
EDG7,LPAR3
LPA3,LPAR3
SCARA2,MARCO
EHK2,EPHA6
HEK12,EPHA6
NACHRA9,CHRNA9
FIL1E,IL36A
IL1F6,IL36A
CASPR2,CNTNAP2
KIAA0868,CNTNAP2
ZMDA1,IL19
NKNB,TAC3
CLAX,CLEC2D
LLT1,CLEC2D
OCIL,CLEC2D
SEI1,SERTAD1
TRIPBR1,SERTAD1
EMR2,ADGRE2
GA,GLS2
PLXN1,PLXNA1
BMP9,GDF2
CCRN4L,CCR4
NOC,CCR4
NOCT,CCR4
GPR14,UTS2R
MDCL,ADAM28
ADAM28,ADAM23
ADAM23,ADAM28
C14orf1,ERG28
RNF45,AMFR
DPL,PRND
ODZ1,TENM1
TNM1,TENM1
TRP5,TRPC5
KIAA0578,NRXN1
ARMS,KIDINS220
KIAA1250,KIDINS220
KIAA1215,VANGL2
STB1,VANGL2
KIAA1206,PLXNB3
PLXN6,PLXNB3
CCR4a,CCR4
KIAA1194,CCR4
CNOT6,CCR4
KIAA1133,ZNRF3
RNF203,ZNRF3
APEL,APLN
FYR,CDH1
FZR,CDH1
KIAA1242,CDH1
FZR1,CDH1
BP180,COL17A1
BPAG2,COL17A1
TLCN,ICAM5
TLN,TLN1
CLECSF6,CLEC4A
DCIR,CLEC4A
LLIR,CLEC4A
CNRS4,PCDHA7
CNRS2,PCDHA6
DL,EDAR
AITRL,TNFSF18
GITRL,TNFSF18
TL6,TNFSF18
EPCR,PROCR
CORTBP1,SHANK2
KIAA1022,SHANK2
PROSAP1,SHANK2
KIAA0751,RIMS2
RAB3IP3,RIMS2
RIM2,RIMS2
MED,SCN8A
TNW,TNN
DMTF1,DMP1
CLECSF3,CLEC11A
LSLCL,CLEC11A
SCGF,CLEC11A
SCYA26,CCL26
ANG3,ANGPTL1
ANG4,ANGPT4
CYSLT1,CYSLTR1
BAFF,TNFSF13B
BLYS,TNFSF13B
TALL1,TNFSF13B
TNFSF20,TNFSF13B
ZTNF4,TNFSF13B
AIRM1,SIGLEC7
KIAA0976,NTNG1
LMNT1,NTNG1
KIAA0985,RPH3A
SCTE,KLK5
GLYT2,SLC6A5
BIT1,PTH2
PTRH2,PTH2
KIAA1027,TLN1
C14orf60,NRXN3
C11orf11,DAGLA
KIAA0659,DAGLA
NSDDR,DAGLA
KIAA0620,PLXND1
ILC,CCL27
SCYA27,CCL27
ANGPT5,ANGPTL3
KIAA0345,PCDHA9
CNRS8,PCDHA10
EMSP1,KLK4
PRSS17,KLK4
PSTS,KLK4
GPCR97,HRH3
MT5MMP,MMP24
AITR,TNFRSF18
GITR,TNFRSF18
NRAGE,MAGED1
GPR74,NPFFR2
NPFF2,NPFFR2
NPGPR,NPFFR2
CRTH2,PTGDR2
DL1R,PTGDR2
GPR44,PTGDR2
PRSS14,ST14
SNC19,ST14
TADG15,ST14
CRSBP1,LYVE1
HAR,LYVE1
XLKD1,LYVE1
JAM1,F11R
JCAM,F11R
SDFR1,NPTN
SDR1,NPTN
GPR56,ADGRG1
TM7LN4,ADGRG1
TM7XN1,ADGRG1
DUTT1,ROBO1
RANK,TNFRSF11A
AILIM,ICOS
ESOP1,LY96
MD2,LY96
HEL-S-99n,CALR
RPSAP58,RPSA
FGF1C,FGF13
NR1i1,VDR
CX26,GJB2
CXNE,GJB2
HEL-S-65p,HSP90AA1
EL52,HSP90AA1
C21orf105,ERVH48-1
HERV-Fb1,ERVH48-1
NDUFV3-AS1,ERVH48-1
TUBL2,TULP2
NTN2L,NTN3
H963,GPR171
ADMR,GPR182
SLRR4A,CHAD
CDH21,PCDHGA12
FIB3,PCDHGA12
KIAA0588,PCDHGA12
CLECSF1,CLEC3A
C1QRF,C1QL1
CRF,C1QL1
CTRP14,C1QL1
ZSIG13,PRSS23
ANGPT3,ANGPTL1
ARP1,ANGPTL1
CRTL1,HAPLN1
MCH,PMCH
BMP8,BMP8B
CD158B1,KIR2DL2
NKAT6,KIR2DL2
PTHR2,PTH2R
HASPP28,PDAP1
GPR105,P2RY14
KIAA0001,P2RY14
PSMP,MSMP
C1QTNF15,ERFE
CTRP15,ERFE
FAM132B,ERFE
SLP3,SYTL3
TORP1,TOR2A
PTPN1L,SIRPB2
PTPNS1L3,SIRPB2
TNLG1E,LTA
CTRP13,C1QL3
CD200R2,CD200R1L
TLT4,TREML4
EGFL9,DLK2
CEAL1,CEACAM19
IFNE1,IFNE
VMP,NRSN1
GPR114,ADGRG5
PGR27,ADGRG5
IL28A,IFNL2
ZCYTO20,IFNL2
CD158F,KIR2DL5A
CD158F1,KIR2DL5A
KIR2DL5,KIR2DL5A
LGIL4,LGI3
PPL8,NPW
PPNPW,NPW
GPR73,PROKR1
PKR1,PROKR1
GPCR142,RXFP4
GPR100,RXFP4
RLN3R2,RXFP4
DDM36,IGDCC4
KIAA1628,IGDCC4
NOPE,IGDCC4
IGFBPRP4,IGFBPL1
MAFIP,MIP
AICL,CLEC2B
CLECSF2,CLEC2B
IFNRG1,CLEC2B
FHF3,FGF11
GPR145,MCHR2
SLT,MCHR2
CD2F10,SLAMF9
TXNL6,NXNL1
PNSP1,SCGB3A2
UGRP1,SCGB3A2
HIN1,SCGB3A1
PNSP2,SCGB3A1
UGRP2,SCGB3A1
TA1,TAAR1
TAR1,TAAR1
TRAR1,TAAR1
C7orf19,ORAI2
CBCIP2,ORAI2
TMEM142B,ORAI2
AMGL,AMELY
AMGY,AMELY
TMEM149,IGFLR1
U2AF1L4,IGFLR1
C4orf4,CYTL1
HBP,HEBP1
GPCR135,RXFP3
RLN3R1,RXFP3
SALPR,RXFP3
NIRF,IL17B
ZCYTO7,IL17B
IL17B,IL20
IL20,IL17B
FDFACT,PILRB
CDH7L1,CDH7
PCDH3I,PCDHB8
PCDH2,PCDHGC3
CDH20,PCDHGB4
FIB2,PCDHGB4
KIAA1059,SORCS3
PCDH3H,PCDHB9
KIAA0327,PCDHGA8
CNRS6,PCDHA5
CNRS5,PCDHA13
CNRS7,PCDHA11
HEL-S-51e,SHMT2
HEL113,VIM
CXNI,GJA5
HEL-S-17,ENO1
ADIC,C1QA
STRN,ALK
fusion,RET
PPARG3D5,PPARG
PPARG1D5,PPARG
GCR,NR3C1
GR,NR3C1
HLA-H,HLA-A
FGF7A,FGF4
FGF8A,FGF19
CLEC15B,KLRG2
LYZF1,LYZ
ADAM18,ADAM17
HLA,HLA-B
C,HLA-C
HLA-Cw,HLA-C
AgRP,AGRP
gamma,PPARG
HEL111,TTR
IL1b,IL1B
NPH2,NXPH2
KIAA1159,NXPH3
NPH3,NXPH3
MRLN,MLN
GAPDL5,CRISP2
TPX1,CRISP2
OR1G2,OR1G1
HLA-B*4403,HLA-B
HLA-B*44031,HLA-B
HLA-B*44032,HLA-B
LGALSL,GRP
HLA-A*0101,HLA-A
5HT1A,HTR1A
DKFZp686J19238,DCN
FSHA,CGA
GPA1,CGA
C9orf165,ENHO
UTS2D,UTS2B
FAM19A1,TAFA1
CTRP10,C1QL2
PUNC,IGDCC3
KIAA1916,LGI2
LGIL2,LGI2
KIAA1263,FSTL5
PPL7,NPB
PPNPB,NPB
PR,PGR
HLA-A*24,HLA-A
:02,HLA-A
variant,HLA-C
HLA-A*24:02,HLA-A
VARIANT,HLA-A
TIP39,PTH2
TIPF39,PTH2
FAM19A4,TAFA4
OCSP,TSPAN10
C14orf161,CATSPERB
C9orf46,PLGRKT
HECA,HDC
HER-2,ERBB2
HEL-33,HSPA8
HEL-S-72p,HSPA8
HEL-S-22,GSTP1
HEL-S-21,GSTO1
HEL114,VCL
HEL35,HSP90B1
HEL-S-125m,HSP90B1
ADIE,C1QTNF5
CD317,BST2
TNLG2B,TNFSF4
hla-A,HLA-A
UCMA,GRP
BDKRB1,BDKRB2
BDKRB2,BDKRB1
CSH2,CSH1
HLA-A*2903,HLA-A
KLNB1,KLK4
DQA1,HLA-DQA1
CGB4,CGB3
FSHR1,FSHR
FFAR3,GPR42
FOS,VIM
DPB1,HLA-DPB1
TNLG4A,TNFSF12
TNLG5A,TNFSF9
DPA1,HLA-DPA1
HLA-B*5108,HLA-B
HLA-B39,HLA-B
HLA-B-5602,HLA-B
HLA-A10-B38,HLA-B
HLA-Cw*18GB,HLA-C
HLA-B*39GB,HLA-B
HLA-B*4008,HLA-B
HLA-B*2702,HLA-B
HLA-B27K,HLA-B
ROR-BETA,RORB
HLA-B*08:01NEW,HLA-B
HLA-C,HLA-B
HLA-B,HLA-DRB1
HLA-A*02:01NEW,HLA-A
HLA-C*16:01NEW,HLA-C
HLA-B*18NEW,HLA-B
HLA-A-32,HLA-A
IL-21,IL21
HLA-A25,HLA-A
HNP,KLK8
NP,KLK8
DQB2,HLA-DQB2
Bssp,KLK6
hK6,KLK6
Klk7,KLK6
SP59,KLK6
HLA-B*5504,HLA-B
RI-PRLR,PRLR
CPSF6,RARG
HLA-A26,HLA-A
DOP,OPRD1
DOR,OPRD1
DOR1,OPRD1
hla-b,HLA-B
HLA-B*5002,HLA-B
KIR2DS5,KIR2DL5A
LOC102725023,KIR2DL5A
KIR2DL5B,KIR2DL5A
ADII,C1QL2
ADIK,C1QL4
ADIJ,C1QL3
PPARG2D5,PPARG
HLA-B*4407,HLA-B
HLA-A*68,HLA-A
HLA-Cw*12042,HLA-C
LOC112268354,KIR2DL4
CXNJ1,GJA3
HLA-B*,HLA-B
KOR3,OPRL1
NOP,OPRL1
OPRL,OPRL1
KOP,OPRK1
KOR,OPRK1
KOR1,OPRK1
MOP,OPRM1
MOR,OPRM1
OPRM,OPRM1
IF1AA9,IFNA5
IF2D,IL20
IF1FA,IFNK
IF2G,IL26
FGF5C,FGF3
FGF6B,FGF17
FGF1B,FGF14
FGF7B,FGF6
HLA-DPA,HLA-DPA1
GHB3,CSH1
hFLT1,AGT
GHB5,GH1
HLA_A,HLA-A
ALP,CCL27
CTACK,CCL27
CTAK,CCL27
ESKINE,CCL27
PESKY,CCL27
HLA-Cw-0303,HLA-C
HLA-Cw*07GB,HLA-C
HLA-A-02,HLA-A
HLA-Cw*0403,HLA-C
B-1519,HLA-B
HLA-B18,HLA-B
HLA-B-3905,HLA-B
HLA-B*5603,HLA-B
HLA-B59,HLA-B
HLA-B*51022,HLA-B
HLA-B-5502,HLA-B
HLA-Cw*1203,HLA-C
Cw*1701,HLA-C
HLA-DPB,HLA-DPB1
A1102,HLA-A
DRB1,HLA-DRB1
HLA-A30,HLA-A
HLA-DRB1,HLA-DRB5
NR1i2,NR1I2
HLA-A*,HLA-A
HLA-B7_L79,HLA-B
HLA-B*5703GB,HLA-B
HLA-A*01,HLA-A
DQB1,HLA-DQB1
il15ra,IL15RA
HLA-B*3512,HLA-B
NPH1,NXPH1
HLA-A*02,HLA-A
HLA-DRB5,HLA-DRB1
IL-2,IL2
P450-CYP21B,CYP21A2
HLA-A-6802,HLA-A
HLA-B35,HLA-B
HLA-A24AK,HLA-A
HLA-B*1513,HLA-B
HLA-A-0203,HLA-A
HLA-A*3303,HLA-A
opn,SPP1
Nbla00697,NXPH1
TWEAK,TNFSF12
HEL-S-116,AGR2
TNLG3A,TNFSF8
PTMAP7,PTMA
B,HLA-B
hEMMPRIN,BSG
EP3-I,PTGER3
EP3f,PTGER3
HLA-C*04,HLA-C
BAFF-R,TNFRSF13C
DKFZp686P0738,GJC1
GHA1,PRL
HLA-D,HLA-DRB1
HLA_DOB,HLA-DOB
HLA-A11,HLA-A
MICA,HLA-B
KIR3DL13DL1*00402_extension_1,KIR3DL1
HLA-DQA2,HLA-DQA1
HBXBP,ASGR2
MCP-3,CCL7
KIR-2DL4,KIR2DL4
KIR3DL13DL1*009_extension_1,KIR3DL1
KIR3DL13DL1*009_extension_2,KIR3DL1
KIR3DL13DL1*009_extension_3,KIR3DL1
KIR3DL13DL1*009_extension_4,KIR3DL1
HLA-CW,HLA-C
kir3d,KIR3DL2
HLA-B57,HLA-B
ZFAB,TRPV6
HLA-A2,HLA-A
HEL-S-83,HLA-B
HEL12,ALDH1A1
HEL-S-53e,ALDH1A1
HEL-S-51,GC
HEL-S-171mP,CD52
HLA-B*4102,HLA-B
SEC31A,ALK
KLND,KLK7
KLNA3,KLK2
ADIA,C1QB
PCDHB3,PCDHB2
PCDHB2,PCDHB3
LOC102723996,ICOSLG
KIR-2DS4,KIR2DS4
LOC112268355,KIR3DS1
3DL2,KIR2DL1
KIR-3DL2,KIR3DL2
KIR2DL32DL3*00501_extension_1,KIR2DL3
hK1,KLK1
Klk6,KLK1
KLKR,KLK1
KLNA1,KLK1
KLNM,KLK14
hGK-1,KLK2
hK2,KLK2
KLK2A2,KLK2
hK7,KLK7
KLK-L2,KLK5
KLKL2,KLK5
DL2V,KIR3DL1
"OBR,CD295",LEPR
ADIP,C1QTNF1
KLK-L6,KLK14
KMT2A,MAML2
HLA-B*38021,HLA-B
KLKP1,KLK4
LOC112267881,KIR2DL1
TRAF1,ALK
TLR-4,TLR4
CROM,CD55
IF2B1,IL22
FGF1D,FGF11
igf2R,IGF2R
MLL,MAML2
HSPA1B,HSPA1A
HEL-S-103,HSPA1A
TNFR1B,TNFRSF1B
P2RY8,CRLF2
KIR2DL2,KIR2DL3
KIR2DL3,KIR2DL2
KIR2DL32DL3*00110_extension_1,KIR2DL3
CKLF-CMTM1,CKLF
MGC4825,APOO
RAET-1E,RAET1E
c-erbB-3,ERBB3
F8A1,F8
mannose,IGF2R
6-phosphate,IGF2R
integrin,ITGB3
beta,B2M
3,TNFSF11
2-microglobulin,B2M
HLA-G2.2,HLA-G
KLNA2,KLK3
hRANKL,TNFSF11
KPG_011,CYSLTR2
trypsinogen,PRSS2
8,PRSS2
TRY8,PRSS2
CO11A1,COL11A1
KIR3DL13DL1*019_extension_1,KIR3DL1
KIR-2DL1,KIR2DL1
HBCBP,GPR182
DKFZp779N1944,NRG4
GHRHRpsv,GHRHR
OK/SW-cl.24,P4HB
hLHB,LHB
3-5,BDNF
4-5,BDNF
4I-5,BDNF
1-5,BDNF
CALM2,CALM1
CALM1,CALM2
DKFZp686M1967,NRP1
GPVI,GP6
DKFZp434D2030,AQP6
5HTT,SLC6A4
Apo(a),APOA2
PLGL,APOA2
proto-oncogene,RET
estrogen,ESR1
receptor,ESR1
DKFZp566H1924,NPTN
MLP,MUC2
CCDC28A,IL22RA2
CUX1,RET
RAF3,RNASE2
MGRG2,MRGPRX1
