id_protein,protein_name,tags,tags_reason,tags_description,uniprot,protein_multidata_id
0,LEG9_HUMAN,,,,O00182,0
1,DLL1_HUMAN,,,,O00548,1
2,PODXL_HUMAN,,,,O00592,2
3,NRG2_HUMAN,,,,O14511,3
4,AGRB1_HUMAN,,,,O14514,4
5,ADA10_HUMAN,,,,O14672,5
6,TNF11_HUMAN,,,,O14788,6
7,EREG_HUMAN,,,,O14944,7
8,ADA12_HUMAN,,,,O43184,8
9,TNF12_HUMAN,,,,O43508,9
10,TNF14_HUMAN,,,,O43557,10
11,ADA23_HUMAN,,,,O75077,11
12,ADA11_HUMAN,,,,O75078,12
13,ICOSL_HUMAN,,,,O75144,13
14,SEM7A_HUMAN,,,,O75326,14
15,TNF13_HUMAN,,,,O75888,15
16,NFASC_HUMAN,,,,O94856,16
17,SLIK3_HUMAN,,,,O94933,17
18,SLIK5_HUMAN,,,,O94991,18
19,TNF15_HUMAN,,,,O95150,19
20,TGFA_HUMAN,,,,P01135,20
21,TNFA_HUMAN,,,,P01375,21
22,HLAB_HUMAN,,,,P01889,22
23,DRA_HUMAN,,,,P01903,23
24,DQA2_HUMAN,,,,P01906,24
25,DQA1_HUMAN,,,,P01909,25
26,DRB1_HUMAN,,,,P01911,26
27,DQB1_HUMAN,,,,P01920,27
28,ANXA1_HUMAN,,,,P04083,28
29,THY1_HUMAN,,,,P04216,29
30,HLAA_HUMAN,,,,P04439,30
31,DPB1_HUMAN,,,,P04440,31
32,A4_HUMAN,,,,P05067,32
33,ITB2_HUMAN,,,,P05107,33
34,ICAM1_HUMAN,,,,P05362,34
35,LCK_HUMAN,,,,P06239,35
36,FCER2_HUMAN,,,,P06734,36
37,ITAV_HUMAN,,,,P06756,37
38,ANXA2_HUMAN,,,,P07355,38
39,GP1BA_HUMAN,,,,P07359,39
40,TSP1_HUMAN,,,,P07996,40
41,DAF_HUMAN,,,,P08174,41
42,CD14_HUMAN,,,,P08571,42
43,TRFM_HUMAN,,,,P08582,43
44,CD48_HUMAN,,,,P09326,44
45,CSF1_HUMAN,,,,P09603,45
46,HLAC_HUMAN,,,,P10321,46
47,TGFB3_HUMAN,,,,P10600,47
48,CD28_HUMAN,,,,P10747,48
49,ACE_HUMAN,,,,P12821,49
50,CADH1_HUMAN,,,,P12830,50
51,NCAM1_HUMAN,,,,P13591,51
52,ICAM2_HUMAN,,,,P13598,52
53,CEAM1_HUMAN,,,,P13688,53
54,HLAE_HUMAN,,,,P13747,54
55,DRB4_HUMAN,,,,P13762,55
56,DOB_HUMAN,,,,P13765,56
57,LYAM1_HUMAN,,,,P14151,57
58,CD99_HUMAN,,,,P14209,58
59,PA2GA_HUMAN,,,,P14555,59
60,CD1D_HUMAN,,,,P15813,60
61,SIAT1_HUMAN,,,,P15907,61
62,LEUK_HUMAN,,,,P16150,62
63,LYAM2_HUMAN,,,,P16581,63
64,HLAG_HUMAN,,,,P17693,64
65,LFA3_HUMAN,,,,P19256,65
66,VCAM1_HUMAN,,,,P19320,66
67,DPA1_HUMAN,,,,P20036,67
68,CD22_HUMAN,,,,P20273,68
69,EFNA1_HUMAN,,,,P20827,69
70,SCF_HUMAN,,,,P21583,70
71,MRC1_HUMAN,,,,P22897,71
72,MYP0_HUMAN,,,,P25189,72
73,DMA_HUMAN,,,,P28067,73
74,DMB_HUMAN,,,,P28068,74
75,CD34_HUMAN,,,,P28906,75
76,CD40L_HUMAN,,,,P29965,76
77,HLAF_HUMAN,,,,P30511,77
78,CEAM8_HUMAN,,,,P31997,78
79,L1CAM_HUMAN,,,,P32004,79
80,ICAM3_HUMAN,,,,P32942,80
81,CD80_HUMAN,,,,P33681,81
82,SDC2_HUMAN,,,,P34741,82
83,BTC_HUMAN,,,,P35070,83
84,CEAM6_HUMAN,,,,P40199,84
85,TACT_HUMAN,,,,P40200,85
86,OX2G_HUMAN,,,,P41217,86
87,TNFL9_HUMAN,,,,P41273,87
88,CD86_HUMAN,,,,P42081,88
89,GDF5_HUMAN,,,,P43026,89
90,BAG6_HUMAN,,,,P46379,90
91,TNFL6_HUMAN,,,,P48023,91
92,FLT3L_HUMAN,,,,P49771,92
93,TNF10_HUMAN,,,,P50591,93
94,EFNA4_HUMAN,,,,P52798,94
95,EFNB2_HUMAN,,,,P52799,95
96,EFNA5_HUMAN,,,,P52803,96
97,NRG3_HUMAN,,,,P56975,97
98,JAM2_HUMAN,,,,P57087,98
99,NRX1B_HUMAN,,,,P58400,99
100,NRX2B_HUMAN,,,,P58401,100
101,B2MG_HUMAN,,,,P61769,101
102,CXAR_HUMAN,,,,P78310,102
103,SHPS1_HUMAN,,,,P78324,103
104,JAG1_HUMAN,,,,P78504,104
105,ADA17_HUMAN,,,,P78536,105
106,DRB3_HUMAN,,,,P79483,106
107,DLK1_HUMAN,,,,P80370,107
108,EFNB1_HUMAN,,,,P98172,108
109,CNTN2_HUMAN,,,,Q02246,109
110,NRG1_HUMAN,,,,Q02297,110
111,DSG1_HUMAN,,,,Q02413,111
112,DSC2_HUMAN,,,,Q02487,112
113,DSC1_HUMAN,,,,Q08554,113
114,CD47_HUMAN,,,,Q08722,114
115,BST2_HUMAN,,,,Q10589,115
116,CNTN1_HUMAN,,,,Q12860,116
117,ADAM9_HUMAN,,,,Q13443,117
118,ADA15_HUMAN,,,,Q13444,118
119,MADCA_HUMAN,,,,Q13477,119
120,SEM5A_HUMAN,,,,Q13591,120
121,CD166_HUMAN,,,,Q13740,121
122,DSG2_HUMAN,,,,Q14126,122
123,SELPL_HUMAN,,,,Q14242,123
124,DSC3_HUMAN,,,,Q14574,124
125,ICAM4_HUMAN,,,,Q14773,125
126,NECT1_HUMAN,,,,Q15223,126
127,EFNB3_HUMAN,,,,Q15768,127
128,NTRK3_HUMAN,,,,Q16288,128
129,MICB_HUMAN,,,,Q29980,129
130,MICA_HUMAN,,,,Q29983,130
131,DRB5_HUMAN,,,,Q30154,131
132,TIGIT_HUMAN,,,,Q495A1,132
133,IGS11_HUMAN,,,,Q5DX21,133
134,CODA1_HUMAN,,,,Q5TAT6,134
135,ULBP6_HUMAN,,,,Q5VY80,135
136,NR3L1_HUMAN,,,,Q68D85,136
137,ULBP5_HUMAN,,,,Q6H3X3,137
138,CSPG4_HUMAN,,,,Q6UVK1,138
139,EPGN_HUMAN,,,,Q6UW88,139
140,DLK2_HUMAN,,,,Q6UY11,140
141,BTLA_HUMAN,,,,Q7Z6A9,141
142,PDPN_HUMAN,,,,Q86YL7,142
143,JAML_HUMAN,,,,Q86YT9,143
144,CNTN4_HUMAN,,,,Q8IWV2,144
145,NLGNX_HUMAN,,,,Q8N0W4,145
146,CADM3_HUMAN,,,,Q8N126,146
147,NLGN1_HUMAN,,,,Q8N2Q7,147
148,CD177_HUMAN,,,,Q8N6Q3,148
149,SEM6D_HUMAN,,,,Q8NFY4,149
150,NLGN2_HUMAN,,,,Q8NFZ4,150
151,LIRB4_HUMAN,,,,Q8NHJ6,151
152,RAE1E_HUMAN,,,,Q8TD07,152
153,MO2R1_HUMAN,,,,Q8TD46,153
154,SCTM1_HUMAN,,,,Q8WVN6,154
155,NRG4_HUMAN,,,,Q8WWG1,155
156,NECT2_HUMAN,,,,Q92692,156
157,EDA_HUMAN,,,,Q92838,157
158,SEM4D_HUMAN,,,,Q92854,158
159,HAVR1_HUMAN,,,,Q96D42,159
160,TIMD4_HUMAN,,,,Q96H15,160
161,NECT4_HUMAN,,,,Q96NY8,161
162,SLIK1_HUMAN,,,,Q96PX8,162
163,ADAM2_HUMAN,,,,Q99965,163
164,PD1L2_HUMAN,,,,Q9BQ51,164
165,JAM3_HUMAN,,,,Q9BX67,165
166,ULBP3_HUMAN,,,,Q9BZM4,166
167,ULBP2_HUMAN,,,,Q9BZM5,167
168,ULBP1_HUMAN,,,,Q9BZM6,168
169,SEM4C_HUMAN,,,,Q9C0C4,169
170,SLIK2_HUMAN,,,,Q9H156,170
171,SEM6A_HUMAN,,,,Q9H2E6,171
172,ADAM7_HUMAN,,,,Q9H2U9,172
173,SEM4A_HUMAN,,,,Q9H3S1,173
174,SEM6B_HUMAN,,,,Q9H3T3,174
175,SLIK6_HUMAN,,,,Q9H5Y7,175
176,NRX3B_HUMAN,,,,Q9HDB5,176
177,CD209_HUMAN,,,,Q9NNX6,177
178,SEM4B_HUMAN,,,,Q9NPR2,178
179,NECT3_HUMAN,,,,Q9NQS3,179
180,DLL4_HUMAN,,,,Q9NR61,180
181,PDGFC_HUMAN,,,,Q9NRA1,181
182,LRC4B_HUMAN,,,,Q9NT99,182
183,SEM4G_HUMAN,,,,Q9NTN9,183
184,DLL3_HUMAN,,,,Q9NYJ7,184
185,PDXL2_HUMAN,,,,Q9NZ53,185
186,NLGN3_HUMAN,,,,Q9NZ94,186
187,IRPL1_HUMAN,,,,Q9NZN1,187
188,PD1L1_HUMAN,,,,Q9NZQ7,188
189,CLC1B_HUMAN,,,,Q9P126,189
190,SIRPG_HUMAN,,,,Q9P1W8,190
191,SEM5B_HUMAN,,,,Q9P283,191
192,CKLF_HUMAN,,,,Q9UBR5,192
193,KLOT_HUMAN,,,,Q9UEF7,193
194,CLC2D_HUMAN,,,,Q9UHP7,194
195,ADA29_HUMAN,,,,Q9UKF5,195
196,ADA28_HUMAN,,,,Q9UKQ2,196
197,HHLA2_HUMAN,,,,Q9UM44,197
198,ICAM5_HUMAN,,,,Q9UMF0,198
199,TNF18_HUMAN,,,,Q9UNG2,199
200,JAG2_HUMAN,,,,Q9Y219,200
201,TN13B_HUMAN,,,,Q9Y275,201
202,JAM1_HUMAN,,,,Q9Y624,202
203,CO6A6_HUMAN,,,,A6NMZ7,203
204,CO6A5_HUMAN,,,,A8TX70,204
205,FRAS1_HUMAN,,,,Q86XX4,205
206,FREM1_HUMAN,,,,Q5H8C1,206
207,NPNT_HUMAN,,,,Q6UXI9,207
208,FREM2_HUMAN,,,,Q5SZK8,208
209,AGRIN_HUMAN,,,,O00468,209
210,LAMA5_HUMAN,,,,O15230,210
211,CHAD_HUMAN,,,,O15335,211
212,CO1A1_HUMAN,,,,P02452,212
213,CO2A1_HUMAN,,,,P02458,213
214,CO4A1_HUMAN,,,,P02462,214
215,FINC_HUMAN,,,,P02751,215
216,VTNC_HUMAN,,,,P04004,216
217,VWF_HUMAN,,,,P04275,217
218,LAMB1_HUMAN,,,,P07942,218
219,CO1A2_HUMAN,,,,P08123,219
220,CO4A2_HUMAN,,,,P08572,220
221,LAMC1_HUMAN,,,,P11047,221
222,CO6A1_HUMAN,,,,P12109,222
223,CO6A2_HUMAN,,,,P12110,223
224,CO6A3_HUMAN,,,,P12111,224
225,CO9A1_HUMAN,,,,P20849,225
226,SIAL_HUMAN,,,,P21815,226
227,TENX_HUMAN,,,,P22105,227
228,LAMA2_HUMAN,,,,P24043,228
229,TENA_HUMAN,,,,P24821,229
230,LAMA1_HUMAN,,,,P25391,230
231,CO4A5_HUMAN,,,,P29400,231
232,TSP2_HUMAN,,,,P35442,232
233,TSP4_HUMAN,,,,P35443,233
234,TSP3_HUMAN,,,,P49746,234
235,COMP_HUMAN,,,,P49747,235
236,CO4A4_HUMAN,,,,P53420,236
237,LAMB2_HUMAN,,,,P55268,237
238,RELN_HUMAN,,,,P78509,238
239,PGBM_HUMAN,,,,P98160,239
240,CO4A3_HUMAN,,,,Q01955,240
241,DMP1_HUMAN,,,,Q13316,241
242,LAMB3_HUMAN,,,,Q13751,242
243,LAMC2_HUMAN,,,,Q13753,243
244,CO4A6_HUMAN,,,,Q14031,244
245,CO9A3_HUMAN,,,,Q14050,245
246,CO9A2_HUMAN,,,,Q14055,246
247,LAMA4_HUMAN,,,,Q16363,247
248,LAMA3_HUMAN,,,,Q16787,248
249,TENR_HUMAN,,,,Q92752,249
250,DSPP_HUMAN,,,,Q9NZW4,250
251,TENN_HUMAN,,,,Q9UQP3,251
252,LAMC3_HUMAN,,,,Q9Y6N6,252
253,CLCF1_HUMAN,,,,Q9UBD9,253
254,CRLF1_HUMAN,,,,O75462,254
255,TNFB_HUMAN,,,,P01374,255
256,TNFC_HUMAN,,,,Q06643,256
257,IGHG1_HUMAN,,,,P01857,257
258,INHA_HUMAN,,,,P05111,258
259,INHBA_HUMAN,,,,P08476,259
260,INHBB_HUMAN,,,,P09529,260
261,IL34_HUMAN,,,,Q6ZMJ4,261
262,IL12A_HUMAN,,,,P29459,262
263,IL12B_HUMAN,,,,P29460,263
264,IL27B_HUMAN,,,,Q14213,264
265,IL27A_HUMAN,,,,Q8NEV9,265
266,IL23A_HUMAN,,,,Q9NPF7,266
267,IL17_HUMAN,,,,Q16552,267
268,IL17F_HUMAN,,,,Q96PD4,268
269,IFNL4_HUMAN,,,,K9M1U5,269
270,CCL24_HUMAN,,,,O00175,270
271,CORT_HUMAN,,,,O00230,271
272,AGRP_HUMAN,,,,O00253,272
273,LFTY2_HUMAN,,,,O00292,273
274,CCL21_HUMAN,,,,O00585,274
275,CCN1_HUMAN,,,,O00622,275
276,CCL22_HUMAN,,,,O00626,276
277,NET3_HUMAN,,,,O00634,277
278,WN10B_HUMAN,,,,O00744,278
279,WNT7A_HUMAN,,,,O00755,279
280,CXL11_HUMAN,,,,O14625,280
281,GDF8_HUMAN,,,,O14793,281
282,WNT9A_HUMAN,,,,O14904,282
283,WNT9B_HUMAN,,,,O14905,283
284,SEM3E_HUMAN,,,,O15041,284
285,ANGP2_HUMAN,,,,O15123,285
286,NPFF_HUMAN,,,,O15130,286
287,VGF_HUMAN,,,,O15240,287
288,DFB4A_HUMAN,,,,O15263,288
289,CCL25_HUMAN,,,,O15444,289
290,CCL16_HUMAN,,,,O15467,290
291,FGF10_HUMAN,,,,O15520,291
292,FGF16_HUMAN,,,,O43320,292
293,DHH_HUMAN,,,,O43323,293
294,OREX_HUMAN,,,,O43612,294
295,ANGL7_HUMAN,,,,O43827,295
296,EDIL3_HUMAN,,,,O43854,296
297,CD5L_HUMAN,,,,O43866,297
298,VEGFD_HUMAN,,,,O43915,298
299,CXL13_HUMAN,,,,O43927,299
300,FGF17_HUMAN,,,,O60258,300
301,GDF9_HUMAN,,,,O60383,301
302,PSPN_HUMAN,,,,O60542,302
303,GREM1_HUMAN,,,,O60565,303
304,SLIT1_HUMAN,,,,O75093,304
305,SLIT3_HUMAN,,,,O75094,305
306,PGRP1_HUMAN,,,,O75594,306
307,LFTY1_HUMAN,,,,O75610,307
308,FGF18_HUMAN,,,,O76093,308
309,SLIT2_HUMAN,,,,O94813,309
310,LRIG2_HUMAN,,,,O94898,310
311,DKK1_HUMAN,,,,O94907,311
312,SEM3D_HUMAN,,,,O95025,312
313,NXPH2_HUMAN,,,,O95156,313
314,NXPH3_HUMAN,,,,O95157,314
315,CCN4_HUMAN,,,,O95388,315
316,GDF11_HUMAN,,,,O95390,316
317,BMP10_HUMAN,,,,O95393,317
318,UTS2_HUMAN,,,,O95399,318
319,NET1_HUMAN,,,,O95631,319
320,CXL14_HUMAN,,,,O95715,320
321,FGF19_HUMAN,,,,O95750,321
322,IL33_HUMAN,,,,O95760,322
323,CER1_HUMAN,,,,O95813,323
324,ANGL1_HUMAN,,,,O95841,324
325,NOE2_HUMAN,,,,O95897,325
326,LGI1_HUMAN,,,,O95970,326
327,BMP15_HUMAN,,,,O95972,327
328,WNT11_HUMAN,,,,O96014,328
329,HPT_HUMAN,,,,P00738,329
330,PLMN_HUMAN,,,,P00747,330
331,ANGT_HUMAN,,,,P01019,331
332,KNG1_HUMAN,,,,P01042,332
333,PDGFB_HUMAN,,,,P01127,333
334,EGF_HUMAN,,,,P01133,334
335,TGFB1_HUMAN,,,,P01137,335
336,NGF_HUMAN,,,,P01138,336
337,ANF_HUMAN,,,,P01160,337
338,NEU1_HUMAN,,,,P01178,338
339,NEU2_HUMAN,,,,P01185,339
340,COLI_HUMAN,,,,P01189,340
341,PENK_HUMAN,,,,P01210,341
342,PDYN_HUMAN,,,,P01213,342
343,GLHA_HUMAN,,,,P01215,343
344,TSHB_HUMAN,,,,P01222,344
345,FSHB_HUMAN,,,,P01225,345
346,LSHB_HUMAN,,,,P01229,346
347,PRL_HUMAN,,,,P01236,347
348,SOMA_HUMAN,,,,P01241,348
349,SOM2_HUMAN,,,,P01242,349
350,CALC_HUMAN,,,,P01258,350
351,THYG_HUMAN,,,,P01266,351
352,PTHY_HUMAN,,,,P01270,352
353,GLUC_HUMAN,,,,P01275,353
354,VIP_HUMAN,,,,P01282,354
355,SLIB_HUMAN,,,,P01286,355
356,PAHO_HUMAN,,,,P01298,356
357,NPY_HUMAN,,,,P01303,357
358,INS_HUMAN,,,,P01308,358
359,IGF2_HUMAN,,,,P01344,359
360,GAST_HUMAN,,,,P01350,360
361,IFNA1_HUMAN,,,,P01562,361
362,IFNA2_HUMAN,,,,P01563,362
363,IFN10_HUMAN,,,,P01566,363
364,IFNA7_HUMAN,,,,P01567,364
365,IFN21_HUMAN,,,,P01568,365
366,IFNA5_HUMAN,,,,P01569,366
367,IFN14_HUMAN,,,,P01570,367
368,IFN17_HUMAN,,,,P01571,368
369,IFNB_HUMAN,,,,P01574,369
370,IFNG_HUMAN,,,,P01579,370
371,IL1A_HUMAN,,,,P01583,371
372,IL1B_HUMAN,,,,P01584,372
373,EPO_HUMAN,,,,P01588,373
374,APOA1_HUMAN,,,,P02647,374
375,APOE_HUMAN,,,,P02649,375
376,APOA2_HUMAN,,,,P02652,376
377,APOC2_HUMAN,,,,P02655,377
378,APOC3_HUMAN,,,,P02656,378
379,A1AG1_HUMAN,,,,P02763,379
380,TTHY_HUMAN,,,,P02766,380
381,VTDB_HUMAN,,,,P02774,381
382,CXCL7_HUMAN,,,,P02775,382
383,PLF4_HUMAN,,,,P02776,383
384,CXL10_HUMAN,,,,P02778,384
385,TRFE_HUMAN,,,,P02787,385
386,HEMO_HUMAN,,,,P02790,386
387,ANGI_HUMAN,,,,P03950,387
388,MIS_HUMAN,,,,P03971,388
389,PDGFA_HUMAN,,,,P04085,389
390,REL2_HUMAN,,,,P04090,390
391,APOB_HUMAN,,,,P04114,391
392,CSF2_HUMAN,,,,P04141,392
393,TFF1_HUMAN,,,,P04155,393
394,WNT1_HUMAN,,,,P04628,394
395,REL1_HUMAN,,,,P04808,395
396,IFNW1_HUMAN,,,,P05000,396
397,IFNA6_HUMAN,,,,P05013,397
398,IFNA4_HUMAN,,,,P05014,398
399,IFN16_HUMAN,,,,P05015,399
400,IGF1_HUMAN,,,,P05019,400
401,APOD_HUMAN,,,,P05090,401
402,S10A8_HUMAN,,,,P05109,402
403,IL4_HUMAN,,,,P05112,403
404,IL5_HUMAN,,,,P05113,404
405,FGF1_HUMAN,,,,P05230,405
406,IL6_HUMAN,,,,P05231,406
407,EDN1_HUMAN,,,,P05305,407
408,DQB2_HUMAN,,,,P05538,408
409,CCKN_HUMAN,,,,P06307,409
410,S10A9_HUMAN,,,,P06702,410
411,APOA4_HUMAN,,,,P06727,411
412,G6PI_HUMAN,,,,P06744,412
413,CRF_HUMAN,,,,P06850,413
414,TRY1_HUMAN,,,,P07477,414
415,TRY2_HUMAN,,,,P07478,415
416,GRP_HUMAN,,,,P07492,416
417,PGS2_HUMAN,,,,P07585,417
418,APOA_HUMAN,,,,P08519,418
419,FGF4_HUMAN,,,,P08620,419
420,IL3_HUMAN,,,,P08700,420
421,NMB_HUMAN,,,,P08949,421
422,FGF2_HUMAN,,,,P09038,422
423,GROA_HUMAN,,,,P09341,423
424,LEG1_HUMAN,,,,P09382,424
425,WNT2_HUMAN,,,,P09544,425
426,GIP_HUMAN,,,,P09681,426
427,SECR_HUMAN,,,,P09683,427
428,CSF3_HUMAN,,,,P09919,428
429,CO4B_HUMAN,,,,P0C0L5,429
430,NPS_HUMAN,,,,P0C0P6,430
431,SAA1_HUMAN,,,,P0DJI8,431
432,ELA_HUMAN,,,,P0DMC3,432
433,CSH1_HUMAN,,,,P0DML2,433
434,CSH2_HUMAN,,,,P0DML3,434
435,CGB3_HUMAN,,,,P0DN86,435
436,SLUR2_HUMAN,,,,P0DP57,436
437,PYY_HUMAN,,,,P10082,437
438,CALCB_HUMAN,,,,P10092,438
439,IL8_HUMAN,,,,P10145,439
440,CCL3_HUMAN,,,,P10147,440
441,OSTP_HUMAN,,,,P10451,441
442,PF4V_HUMAN,,,,P10720,442
443,RET3_HUMAN,,,,P10745,443
444,FGF6_HUMAN,,,,P10767,444
445,IAPP_HUMAN,,,,P10997,445
446,FGF3_HUMAN,,,,P11487,446
447,UTER_HUMAN,,,,P11684,447
448,FGF5_HUMAN,,,,P12034,448
449,PTHR_HUMAN,,,,P12272,449
450,PIP_HUMAN,,,,P12273,450
451,GRAA_HUMAN,,,,P12544,451
452,BMP2_HUMAN,,,,P12643,452
453,BMP4_HUMAN,,,,P12644,453
454,BMP3_HUMAN,,,,P12645,454
455,MOTI_HUMAN,,,,P12872,455
456,IL7_HUMAN,,,,P13232,456
457,CCL4_HUMAN,,,,P13236,457
458,BMP1_HUMAN,,,,P13497,458
459,CCL2_HUMAN,,,,P13500,459
460,CCL5_HUMAN,,,,P13501,460
461,CSPG2_HUMAN,,,,P13611,461
462,ONCM_HUMAN,,,,P13725,462
463,COBA2_HUMAN,,,,P13942,463
464,CD59_HUMAN,,,,P13987,464
465,EDN3_HUMAN,,,,P14138,465
466,MIF_HUMAN,,,,P14174,466
467,HGF_HUMAN,,,,P14210,467
468,NID1_HUMAN,,,,P14543,468
469,LIF_HUMAN,,,,P15018,469
470,IL9_HUMAN,,,,P15248,470
471,AREG_HUMAN,,,,P15514,471
472,VEGFA_HUMAN,,,,P15692,472
473,MUC1_HUMAN,,,,P15941,473
474,CL3L1_HUMAN,,,,P16619,474
475,ANFB_HUMAN,,,,P16860,475
476,LEG3_HUMAN,,,,P17931,476
477,BMP7_HUMAN,,,,P18075,477
478,PACA_HUMAN,,,,P18509,478
479,IL1RA_HUMAN,,,,P18510,479
480,CXCL2_HUMAN,,,,P19875,480
481,CXCL3_HUMAN,,,,P19876,481
482,FST_HUMAN,,,,P19883,482
483,TCO1_HUMAN,,,,P20061,483
484,TKN1_HUMAN,,,,P20366,484
485,MCH_HUMAN,,,,P20382,485
486,TRH_HUMAN,,,,P20396,486
487,NTF3_HUMAN,,,,P20783,487
488,EDN2_HUMAN,,,,P20800,488
489,IL11_HUMAN,,,,P20809,489
490,PTN_HUMAN,,,,P21246,490
491,MK_HUMAN,,,,P21741,491
492,ZP3_HUMAN,,,,P21754,492
493,FGF7_HUMAN,,,,P21781,493
494,BMP5_HUMAN,,,,P22003,494
495,BMP6_HUMAN,,,,P22004,495
496,IL10_HUMAN,,,,P22301,496
497,CCL1_HUMAN,,,,P22362,497
498,FGFR4_HUMAN,,,,P22455,498
499,GALA_HUMAN,,,,P22466,499
500,FGFR3_HUMAN,,,,P22607,500
501,FBLN1_HUMAN,,,,P23142,501
502,KALM_HUMAN,,,,P23352,502
503,BDNF_HUMAN,,,,P23560,503
504,ANFC_HUMAN,,,,P23582,504
505,IL32_HUMAN,,,,P24001,505
506,CO8A2_HUMAN,,,,P25067,506
507,ZA2G_HUMAN,,,,P25311,507
508,S10A4_HUMAN,,,,P26447,508
509,GDF1_HUMAN,,,,P27539,509
510,CALR_HUMAN,,,,P27797,510
511,PROP_HUMAN,,,,P27918,511
512,GRN_HUMAN,,,,P28799,512
513,CCN2_HUMAN,,,,P29279,513
514,NEUT_HUMAN,,,,P30990,514
515,FGF9_HUMAN,,,,P31371,515
516,IFNA8_HUMAN,,,,P32881,516
517,NTF4_HUMAN,,,,P34130,517
518,BMP8B_HUMAN,,,,P34820,518
519,TRY3_HUMAN,,,,P35030,519
520,IL13_HUMAN,,,,P35225,520
521,SFTPD_HUMAN,,,,P35247,521
522,ADML_HUMAN,,,,P35318,522
523,PEDF_HUMAN,,,,P36955,523
524,SYUA_HUMAN,,,,P37840,524
525,COFA1_HUMAN,,,,P39059,525
526,GDNF_HUMAN,,,,P39905,526
527,TPO_HUMAN,,,,P40225,527
528,IL15_HUMAN,,,,P40933,528
529,LEP_HUMAN,,,,P41159,529
530,WNT5A_HUMAN,,,,P41221,530
531,CXCL5_HUMAN,,,,P42830,531
532,XCL1_HUMAN,,,,P47992,532
533,SDF1_HUMAN,,,,P48061,533
534,NMU_HUMAN,,,,P48645,534
535,CCN3_HUMAN,,,,P48745,535
536,PLGF_HUMAN,,,,P49763,536
537,VEGFB_HUMAN,,,,P49765,537
538,VEGFC_HUMAN,,,,P49767,538
539,INSL3_HUMAN,,,,P51460,539
540,CCL11_HUMAN,,,,P51671,540
541,LUM_HUMAN,,,,P51884,541
542,COPA_HUMAN,,,,P53621,542
543,SLUR1_HUMAN,,,,P55000,543
544,MFAP2_HUMAN,,,,P55001,544
545,APOC4_HUMAN,,,,P55056,545
546,FGF8_HUMAN,,,,P55075,546
547,UCN1_HUMAN,,,,P55089,547
548,INHBC_HUMAN,,,,P55103,548
549,GDF10_HUMAN,,,,P55107,549
550,CCL23_HUMAN,,,,P55773,550
551,CCL18_HUMAN,,,,P55774,551
552,WNT3_HUMAN,,,,P56703,552
553,WNT3A_HUMAN,,,,P56704,553
554,WNT4_HUMAN,,,,P56705,554
555,WNT7B_HUMAN,,,,P56706,555
556,INHBE_HUMAN,,,,P58166,556
557,PROK1_HUMAN,,,,P58294,557
558,NXPH1_HUMAN,,,,P58417,558
559,FAM3B_HUMAN,,,,P58499,559
560,DEFB1_HUMAN,,,,P60022,560
561,IL2_HUMAN,,,,P60568,561
562,SMS_HUMAN,,,,P61278,562
563,OSTN_HUMAN,,,,P61366,563
564,TGFB2_HUMAN,,,,P61812,564
565,YBOX1_HUMAN,,,,P67809,565
566,X3CL1_HUMAN,,,,P78423,566
567,CCL20_HUMAN,,,,P78556,567
568,CCL8_HUMAN,,,,P80075,568
569,CCL7_HUMAN,,,,P80098,569
570,CXCL6_HUMAN,,,,P80162,570
571,S10AC_HUMAN,,,,P80511,571
572,PRRP_HUMAN,,,,P81277,572
573,D103A_HUMAN,,,,P81534,573
574,OX26_HUMAN,,,,P83859,574
575,FBLN2_HUMAN,,,,P98095,575
576,NDP_HUMAN,,,,Q00604,576
577,GUC2A_HUMAN,,,,Q02747,577
578,TFF2_HUMAN,,,,Q03403,578
579,COAA1_HUMAN,,,,Q03692,579
580,COGA1_HUMAN,,,,Q07092,580
581,CXCL9_HUMAN,,,,Q07325,581
582,TFF3_HUMAN,,,,Q07654,582
583,LG3BP_HUMAN,,,,Q08380,583
584,MFGM_HUMAN,,,,Q08431,584
585,FGL1_HUMAN,,,,Q08830,585
586,FBLN3_HUMAN,,,,Q12805,586
587,AIMP1_HUMAN,,,,Q12904,587
588,IL24_HUMAN,,,,Q13007,588
589,SEM3B_HUMAN,,,,Q13214,589
590,I15RA_HUMAN,,,,Q13261,590
591,SEM3F_HUMAN,,,,Q13275,591
592,PNOC_HUMAN,,,,Q13519,592
593,IL16_HUMAN,,,,Q14005,593
594,IL18_HUMAN,,,,Q14116,594
595,GAS6_HUMAN,,,,Q14393,595
596,CSHL_HUMAN,,,,Q14406,596
597,SEM3A_HUMAN,,,,Q14563,597
598,IHH_HUMAN,,,,Q14623,598
599,COJA1_HUMAN,,,,Q14993,599
600,POSTN_HUMAN,,,,Q15063,600
601,ANGP1_HUMAN,,,,Q15389,601
602,SHH_HUMAN,,,,Q15465,602
603,FCN2_HUMAN,,,,Q15485,603
604,KISS1_HUMAN,,,,Q15726,604
605,ADIPO_HUMAN,,,,Q15848,605
606,ECM1_HUMAN,,,,Q16610,606
607,CTF1_HUMAN,,,,Q16619,607
608,CCL14_HUMAN,,,,Q16627,608
609,GUC2B_HUMAN,,,,Q16661,609
610,CCL15_HUMAN,,,,Q16663,610
611,MIA_HUMAN,,,,Q16674,611
612,COOA1_HUMAN,,,,Q17RW2,612
613,MSMP_HUMAN,,,,Q1L6U9,613
614,RSPO4_HUMAN,,,,Q2I0M5,614
615,RSPO1_HUMAN,,,,Q2MKA7,615
616,COSA1_HUMAN,,,,Q2UY09,616
617,ERFE_HUMAN,,,,Q4G0M1,617
618,NMS_HUMAN,,,,Q5H8A3,618
619,SIRB2_HUMAN,,,,Q5JXA9,619
620,ARTN_HUMAN,,,,Q5T4W7,620
621,IL31_HUMAN,,,,Q6EBC2,621
622,GDF6_HUMAN,,,,Q6KF10,622
623,IGFL1_HUMAN,,,,Q6UW32,623
624,IGFL2_HUMAN,,,,Q6UWQ7,624
625,ENHO_HUMAN,,,,Q6UWT2,625
626,VSTM1_HUMAN,,,,Q6UX27,626
627,ALKL2_HUMAN,,,,Q6UX46,627
628,IGFL3_HUMAN,,,,Q6UXB1,628
629,CXL17_HUMAN,,,,Q6UXB2,629
630,ALKL1_HUMAN,,,,Q6UXT8,630
631,RSPO2_HUMAN,,,,Q6UXX9,631
632,SOSD1_HUMAN,,,,Q6X4U4,632
633,UTS2B_HUMAN,,,,Q765I0,633
634,ADM2_HUMAN,,,,Q7Z4H4,634
635,GDF7_HUMAN,,,,Q7Z4P5,635
636,BMP8A_HUMAN,,,,Q7Z5Y6,636
637,TKN4_HUMAN,,,,Q86UU9,637
638,IFNE_HUMAN,,,,Q86WN2,638
639,GPHB5_HUMAN,,,,Q86YW7,639
640,IFNL1_HUMAN,,,,Q8IU54,640
641,SFTA1_HUMAN,,,,Q8IWL2,641
642,CORA1_HUMAN,,,,Q8IZC6,642
643,IFNL3_HUMAN,,,,Q8IZI9,643
644,IFNL2_HUMAN,,,,Q8IZJ0,644
645,LGI2_HUMAN,,,,Q8N0V4,645
646,D106A_HUMAN,,,,Q8N104,646
647,LGI4_HUMAN,,,,Q8N135,647
648,LGI3_HUMAN,,,,Q8N145,648
649,NPW_HUMAN,,,,Q8N729,649
650,FNDC5_HUMAN,,,,Q8NAU1,650
651,DRAXI_HUMAN,,,,Q8NBI3,651
652,PCSK9_HUMAN,,,,Q8NBP7,652
653,COMA1_HUMAN,,,,Q8NFW1,653
654,NPB_HUMAN,,,,Q8NG41,654
655,CC4L_HUMAN,,,,Q8NHW4,655
656,IL1FA_HUMAN,,,,Q8WWZ1,656
657,REL3_HUMAN,,,,Q8WXF3,657
658,FAM3C_HUMAN,,,,Q92520,658
659,CCL17_HUMAN,,,,Q92583,659
660,FGF13_HUMAN,,,,Q92913,660
661,PRG4_HUMAN,,,,Q92954,661
662,WNT2B_HUMAN,,,,Q93097,662
663,WNT8B_HUMAN,,,,Q93098,663
664,TSLP_HUMAN,,,,Q969D9,664
665,LEAP2_HUMAN,,,,Q969E1,665
666,UCN3_HUMAN,,,,Q969E3,666
667,COQA1_HUMAN,,,,Q96A83,667
668,TIP39_HUMAN,,,,Q96A98,668
669,RGMA_HUMAN,,,,Q96B86,669
670,FAM3D_HUMAN,,,,Q96BQ1,670
671,PGCB_HUMAN,,,,Q96GW7,671
672,SFRP2_HUMAN,,,,Q96HF1,672
673,LRIG1_HUMAN,,,,Q96JA1,673
674,TAFA4_HUMAN,,,,Q96LR4,674
675,COLA1_HUMAN,,,,Q96P44,675
676,SG3A1_HUMAN,,,,Q96QR1,676
677,UCN2_HUMAN,,,,Q96RP3,677
678,NODAL_HUMAN,,,,Q96S42,678
679,GPHA2_HUMAN,,,,Q96T91,679
680,HBEGF_HUMAN,,,,Q99075,680
681,AMELX_HUMAN,,,,Q99217,681
682,AMELY_HUMAN,,,,Q99218,682
683,NELL2_HUMAN,,,,Q99435,683
684,CCL13_HUMAN,,,,Q99616,684
685,COCA1_HUMAN,,,,Q99715,685
686,CCL19_HUMAN,,,,Q99731,686
687,NRTN_HUMAN,,,,Q99748,687
688,RARR2_HUMAN,,,,Q99969,688
689,MYOC_HUMAN,,,,Q99972,689
690,SEM3C_HUMAN,,,,Q99985,690
691,GDF15_HUMAN,,,,Q99988,691
692,SOST_HUMAN,,,,Q9BQB4,692
693,SPXN_HUMAN,,,,Q9BT56,693
694,SPON2_HUMAN,,,,Q9BUD6,694
695,C1QT1_HUMAN,,,,Q9BXJ1,695
696,RSPO3_HUMAN,,,,Q9BXY4,696
697,ANGL4_HUMAN,,,,Q9BY76,697
698,PDGFD_HUMAN,,,,Q9GZP0,698
699,WN10A_HUMAN,,,,Q9GZT5,699
700,FGF23_HUMAN,,,,Q9GZV9,700
701,IL22_HUMAN,,,,Q9GZX6,701
702,LACRT_HUMAN,,,,Q9GZZ8,702
703,WNT8A_HUMAN,,,,Q9H1J5,703
704,WNT5B_HUMAN,,,,Q9H1J7,704
705,IL25_HUMAN,,,,Q9H293,705
706,MMRN2_HUMAN,,,,Q9H8L6,706
707,NET4_HUMAN,,,,Q9HB63,707
708,IL21_HUMAN,,,,Q9HBE4,708
709,PROK2_HUMAN,,,,Q9HC23,709
710,CRLF2_HUMAN,,,,Q9HC73,710
711,SPON1_HUMAN,,,,Q9HCB6,711
712,NPVF_HUMAN,,,,Q9HCQ7,712
713,FGF22_HUMAN,,,,Q9HCT0,713
714,RETN_HUMAN,,,,Q9HD89,714
715,AMBN_HUMAN,,,,Q9NP70,715
716,FGF20_HUMAN,,,,Q9NP95,716
717,IL26_HUMAN,,,,Q9NPH9,717
718,GDF3_HUMAN,,,,Q9NR23,718
719,CCL28_HUMAN,,,,Q9NRJ3,719
720,ENAM_HUMAN,,,,Q9NRM1,720
721,CYTL1_HUMAN,,,,Q9NRR1,721
722,LTBP3_HUMAN,,,,Q9NS15,722
723,SEM3G_HUMAN,,,,Q9NS98,723
724,FGF21_HUMAN,,,,Q9NSA1,724
725,OBP2A_HUMAN,,,,Q9NY56,725
726,IL20_HUMAN,,,,Q9NYY1,726
727,IL37_HUMAN,,,,Q9NZH6,727
728,IL36B_HUMAN,,,,Q9NZH7,728
729,IL36G_HUMAN,,,,Q9NZH8,729
730,IL17C_HUMAN,,,,Q9P0M4,730
731,IFNK_HUMAN,,,,Q9P0W0,731
732,COKA1_HUMAN,,,,Q9P218,732
733,CNTN3_HUMAN,,,,Q9P232,733
734,GALP_HUMAN,,,,Q9UBC7,734
735,XCL2_HUMAN,,,,Q9UBD3,735
736,I36RA_HUMAN,,,,Q9UBH0,736
737,DKK3_HUMAN,,,,Q9UBP4,737
738,DKK4_HUMAN,,,,Q9UBT3,738
739,DKK2_HUMAN,,,,Q9UBU2,739
740,GHRL_HUMAN,,,,Q9UBU3,740
741,WNT16_HUMAN,,,,Q9UBV4,741
742,IL36A_HUMAN,,,,Q9UHA7,742
743,IL19_HUMAN,,,,Q9UHD0,743
744,TKNK_HUMAN,,,,Q9UHF0,744
745,IL17B_HUMAN,,,,Q9UHF5,745
746,PCS1N_HUMAN,,,,Q9UHG2,746
747,GDF2_HUMAN,,,,Q9UK05,747
748,ANGL2_HUMAN,,,,Q9UKU9,748
749,APEL_HUMAN,,,,Q9ULZ1,749
750,COHA1_HUMAN,,,,Q9UMD9,750
751,CLC11_HUMAN,,,,Q9Y240,751
752,CCL26_HUMAN,,,,Q9Y258,752
753,ANGP4_HUMAN,,,,Q9Y264,753
754,CCL27_HUMAN,,,,Q9Y4X3,754
755,ANGL3_HUMAN,,,,Q9Y5C1,755
756,INSL5_HUMAN,,,,Q9Y5Q6,756
757,WIF1_HUMAN,,,,Q9Y5W5,757
758,WNT6_HUMAN,,,,Q9Y6F9,758
759,CD70_HUMAN,,,,P32970,759
760,EFNA2_HUMAN,,,,O43921,760
761,EFNA3_HUMAN,,,,P52797,761
762,CLC2B_HUMAN,,,,Q92478,762
763,CLC2A_HUMAN,,,,Q6UVW9,763
764,CXL16_HUMAN,,,,Q9H2A7,764
765,CO3_HUMAN,,,,P01024,765
766,TNFL8_HUMAN,,,,P32971,766
767,TNFL4_HUMAN,,,,P23510,767
768,UROK_HUMAN,,,,P00749,768
769,CD72_HUMAN,,,,P21854,769
770,CNTF_HUMAN,,,,P26441,770
771,HMGB1_HUMAN,,,,P09429,771
772,LCN1_HUMAN,,,,P31025,772
773,TXLNA_HUMAN,,,,P40222,773
774,CO8A1_HUMAN,,,,P27658,774
775,CO7A1_HUMAN,,,,Q02388,775
776,CO5A3_HUMAN,,,,P25940,776
777,CO5A2_HUMAN,,,,P05997,777
778,CO5A1_HUMAN,,,,P20908,778
779,CO3A1_HUMAN,,,,P02461,779
780,COIA1_HUMAN,,,,P39060,780
781,COEA1_HUMAN,,,,Q05707,781
782,COBA1_HUMAN,,,,P12107,782
783,CD24_HUMAN,,,,P25063,783
784,CLC4G_HUMAN,,,,Q6UXB4,784
785,GNAI2_HUMAN,,,,P04899,785
786,GON1_HUMAN,,,,P01148,786
787,PSN1_HUMAN,,,,P49768,787
788,AFAD_HUMAN,,,,P55196,788
789,PROS_HUMAN,,,,P07225,789
790,CO5_HUMAN,,,,P01031,790
791,RS19_HUMAN,,,,P39019,791
792,CAMP_HUMAN,,,,P49913,792
793,HEBP1_HUMAN,,,,Q9NRV9,793
794,GON2_HUMAN,,,,O43555,794
795,SAP_HUMAN,,,,P07602,795
796,ARF1_HUMAN,,,,P84077,796
797,GNAS3_HUMAN,,,,O95467,797
798,FIBA_HUMAN,,,,P02671,798
799,KMT2E_HUMAN,,,,Q8IZD2,799
800,LIPH_HUMAN,,,,Q8WWY8,800
801,NTNG2_HUMAN,,,,Q96CW9,801
802,RTN4_HUMAN,,,,Q9NQC3,802
803,CNTN6_HUMAN,,,,Q9UQ52,803
804,NTNG1_HUMAN,,,,Q9Y2I2,804
805,PCNA_HUMAN,,,,P12004,805
806,GRAB_HUMAN,,,,P10144,806
807,CD38_HUMAN,,,,P28907,807
808,ANT3_HUMAN,,,,P01008,808
809,A1AT_HUMAN,,,,P01009,809
810,MFNG_HUMAN,,,,O00587,810
811,THRB_HUMAN,,,,P00734,811
812,RENI_HUMAN,,,,P00797,812
813,TFPI1_HUMAN,,,,P10646,813
814,OMGP_HUMAN,,,,P23515,814
815,ASIP_HUMAN,,,,P42127,815
816,FSTL1_HUMAN,,,,Q12841,816
817,RASH_HUMAN,,,,P01112,817
818,FA9_HUMAN,,,,P00740,818
819,TIMP1_HUMAN,,,,P01033,819
820,SFRP1_HUMAN,,,,Q8N474,820
821,TPA_HUMAN,,,,P00750,821
822,PAI1_HUMAN,,,,P05121,822
823,TRFL_HUMAN,,,,P02788,823
824,HRG_HUMAN,,,,P04196,824
825,PROC_HUMAN,,,,P04070,825
826,VASP_HUMAN,,,,P50552,826
827,SNAT_HUMAN,,,,Q16613,827
828,CRP_HUMAN,,,,P02741,828
829,MMP7_HUMAN,,,,P09237,829
830,TIMP2_HUMAN,,,,P16035,830
831,F13A_HUMAN,,,,P00488,831
832,TIMP3_HUMAN,,,,P35625,832
833,IBP4_HUMAN,,,,P22692,833
834,SHAN1_HUMAN,,,,Q9Y566,834
835,SG3A2_HUMAN,,,,Q96PL1,835
836,FIBB_HUMAN,,,,P02675,836
837,PRND_HUMAN,,,,Q9UKY0,837
838,HYAS2_HUMAN,,,,Q92819,838
839,RGMB_HUMAN,,,,Q6NW40,839
840,LIPL_HUMAN,,,,P06858,840
841,FBN1_HUMAN,,,,P35555,841
842,PGS1_HUMAN,,,,P21810,842
843,CTHR1_HUMAN,,,,Q96CG8,843
844,FIBG_HUMAN,,,,P02679,844
845,SLPI_HUMAN,,,,P03973,845
846,FA8_HUMAN,,,,P00451,846
847,TGM2_HUMAN,,,,P21980,847
848,C4BPA_HUMAN,,,,P04003,848
849,CFAH_HUMAN,,,,P08603,849
850,RET4_HUMAN,,,,P02753,850
851,CEL_HUMAN,,,,P19835,851
852,MMP9_HUMAN,,,,P14780,852
853,PAUF_HUMAN,,,,Q96DA0,853
854,TECT1_HUMAN,,,,Q2MV58,854
855,CO4A_HUMAN,,,,P0C0L4,855
856,AMRP_HUMAN,,,,P30533,856
857,HS90A_HUMAN,,,,P07900,857
858,CPMD8_HUMAN,,,,Q8IZJ3,858
859,A2MG_HUMAN,,,,P01023,859
860,GDN_HUMAN,,,,P07093,860
861,MMP13_HUMAN,,,,P45452,861
862,LIPC_HUMAN,,,,P11150,862
863,SFPA2_HUMAN,,,,Q8IWL1,863
864,MBL2_HUMAN,,,,P11226,864
865,C1QA_HUMAN,,,,P02745,865
866,RNAS2_HUMAN,,,,P10153,866
867,CERU_HUMAN,,,,P00450,867
868,GPC3_HUMAN,,,,P51654,868
869,IC1_HUMAN,,,,P05155,869
870,ALBU_HUMAN,,,,P02768,870
871,NGAL_HUMAN,,,,P80188,871
872,ISK1_HUMAN,,,,P00995,872
873,LIN7C_HUMAN,,,,Q9NUP9,873
874,MATN1_HUMAN,,,,P21941,874
875,PA2GX_HUMAN,,,,O15496,875
876,LTBP1_HUMAN,,,,Q14766,876
877,MMP1_HUMAN,,,,P03956,877
878,FAT4_HUMAN,,,,Q6V0I7,878
879,FETUA_HUMAN,,,,P02765,879
880,PTMA_HUMAN,,,,P06454,880
881,PGH2_HUMAN,,,,P35354,881
882,FA10_HUMAN,,,,P00742,882
883,FA7_HUMAN,,,,P08709,883
884,MMP12_HUMAN,,,,P39900,884
885,COLQ_HUMAN,,,,Q9Y215,885
886,PLTP_HUMAN,,,,P55058,886
887,MEPE_HUMAN,,,,Q9NQ76,887
888,VIME_HUMAN,,,,P08670,888
889,NAMPT_HUMAN,,,,P43490,889
890,CEAM5_HUMAN,,,,P06731,890
891,BASI_HUMAN,,,,P35613,891
892,CRTAM_HUMAN,,,,O95727,892
893,CADM1_HUMAN,,,,Q9BY67,893
894,CD52_HUMAN,,,,P31358,894
895,CIRBP_HUMAN,,,,Q14011,895
896,DJB11_HUMAN,,,,Q9UBS4,896
897,LY86_HUMAN,,,,O95711,897
898,MYL9_HUMAN,,,,P24844,898
899,PTSS1_HUMAN,,,,P48651,899
900,SRTD1_HUMAN,,,,Q9UHV2,900
901,TOR2X_HUMAN,,,,Q8N2E6,901
902,CALM1_HUMAN,,,,P0DP23,902
903,S10AA_HUMAN,,,,P60903,903
904,FADD_HUMAN,,,,Q13158,904
905,MFAP5_HUMAN,,,,Q13361,905
906,MTMR4_HUMAN,,,,Q9NYA4,906
907,CALM2_HUMAN,,,,P0DP24,907
908,CALM3_HUMAN,,,,P0DP25,908
909,IRAK4_HUMAN,,,,Q9NWZ3,909
910,MEG10_HUMAN,,,,Q96KG7,910
911,TLN1_HUMAN,,,,Q9Y490,911
912,GSTP1_HUMAN,,,,P09211,912
913,SRBS1_HUMAN,,,,Q9BX66,913
914,CENPR_HUMAN,,,,Q13352,914
915,VINC_HUMAN,,,,P18206,915
916,TCO2_HUMAN,,,,P20062,916
917,MMP2_HUMAN,,,,P08253,917
918,GBB3_HUMAN,,,,P16520,918
919,GSTM2_HUMAN,,,,P28161,919
920,ELAF_HUMAN,,,,P19957,920
921,LYPD3_HUMAN,,,,O95274,921
922,TPH1_HUMAN,,,,P17752,922
923,LMAN1_HUMAN,,,,P49257,923
924,NCAN_HUMAN,,,,O14594,924
925,CFC1_HUMAN,,,,P0CG37,925
926,TGS1_HUMAN,,,,Q96RS0,926
927,LYSC_HUMAN,,,,P61626,927
928,RIMS2_HUMAN,,,,Q9UQ26,928
929,FARP2_HUMAN,,,,O94887,929
930,BST1_HUMAN,,,,Q10588,930
931,NPTX2_HUMAN,,,,P47972,931
932,DCHS_HUMAN,,,,P19113,932
933,CING_HUMAN,,,,Q9P2M7,933
934,DHPR_HUMAN,,,,P09417,934
935,PIGF_HUMAN,,,,Q07326,935
936,ATS3_HUMAN,,,,O15072,936
937,S100B_HUMAN,,,,P04271,937
938,S10A1_HUMAN,,,,P23297,938
939,FGF11_HUMAN,,,,Q92914,939
940,ARPC5_HUMAN,,,,O15511,940
941,FABP5_HUMAN,,,,Q01469,941
942,ARF6_HUMAN,,,,P62330,942
943,ENPL_HUMAN,,,,P14625,943
944,HSP74_HUMAN,,,,P34932,944
945,NPTX1_HUMAN,,,,Q15818,945
946,FBLN4_HUMAN,,,,O95967,946
947,ATRAP_HUMAN,,,,Q6RW13,947
948,KPYM_HUMAN,,,,P14618,948
949,IZUM1_HUMAN,,,,Q8IYV9,949
950,PDIA1_HUMAN,,,,P07237,950
951,SEM4F_HUMAN,,,,O95754,951
952,DCE1_HUMAN,,,,Q99259,952
953,ITIH2_HUMAN,,,,P19823,953
954,SPTN1_HUMAN,,,,Q13813,954
955,FGF14_HUMAN,,,,Q92915,955
956,ARP2_HUMAN,,,,P61160,956
957,SHBG_HUMAN,,,,P04278,957
958,DSCAM_HUMAN,,,,O60469,958
959,PTN6_HUMAN,,,,P29350,959
960,C1QT5_HUMAN,,,,Q9BXJ0,960
961,HSP7C_HUMAN,,,,P11142,961
962,SHAN2_HUMAN,,,,Q9UPX8,962
963,LEG8_HUMAN,,,,O00214,963
964,CALL3_HUMAN,,,,P27482,964
965,RIMS1_HUMAN,,,,Q86UR5,965
966,KLK3_HUMAN,,,,P07288,966
967,FA12_HUMAN,,,,P00748,967
968,CLC3A_HUMAN,,,,O75596,968
969,CCN6_HUMAN,,,,O95389,969
970,CRIS3_HUMAN,,,,P54108,970
971,HS71A_HUMAN,,,,P0DMV8,971
972,CUBN_HUMAN,,,,O60494,972
973,PTN11_HUMAN,,,,Q06124,973
974,SPIT1_HUMAN,,,,O43278,974
975,NUCB2_HUMAN,,,,P80303,975
976,CRIS2_HUMAN,,,,P16562,976
977,PDX1_HUMAN,,,,P52945,977
978,PIGA_HUMAN,,,,P37287,978
979,GSTO1_HUMAN,,,,P78417,979
980,ADA_HUMAN,,,,P00813,980
981,CEA16_HUMAN,,,,Q2WEN9,981
982,SPTN2_HUMAN,,,,O15020,982
983,APOC1_HUMAN,,,,P02654,983
984,FGF12_HUMAN,,,,P61328,984
985,ENTP1_HUMAN,,,,P49961,985
986,TRYB1_HUMAN,,,,Q15661,986
987,HAP28_HUMAN,,,,Q13442,987
988,THBG_HUMAN,,,,P05543,988
989,LRP1B_HUMAN,,,,Q9NZR2,989
990,PSG9_HUMAN,,,,Q00887,990
991,MXRA5_HUMAN,,,,Q9NR99,991
992,AMD_HUMAN,,,,P19021,992
993,PSG4_HUMAN,,,,Q00888,993
994,HPLN1_HUMAN,,,,P10915,994
995,AEDO_HUMAN,,,,Q96SZ5,995
996,FSTL5_HUMAN,,,,Q8N475,996
997,MIC26_HUMAN,,,,Q9BUR5,997
998,IGS10_HUMAN,,,,Q6WRI0,998
999,BT1A1_HUMAN,,,,Q13410,999
1000,CNMD_HUMAN,,,,O75829,1000
1001,WFKN2_HUMAN,,,,Q8TEU8,1001
1002,NR0B2_HUMAN,,,,Q15466,1002
1003,SPRC_HUMAN,,,,P09486,1003
1004,SC6A8_HUMAN,,,,P48029,1004
1005,FA11_HUMAN,,,,P03951,1005
1006,PSG6_HUMAN,,,,Q00889,1006
1007,I11RA_HUMAN,,,,Q14626,1007
1008,IMPG2_HUMAN,,,,Q9BZV3,1008
1009,IBPL1_HUMAN,,,,Q8WX77,1009
1010,TIG1_HUMAN,,,,P49788,1010
1011,BPI_HUMAN,,,,P17213,1011
1012,IGSF1_HUMAN,,,,Q8N6C5,1012
1013,FRS3_HUMAN,,,,O43559,1013
1014,SOCS2_HUMAN,,,,O14508,1014
1015,PI16_HUMAN,,,,Q6UXB8,1015
1016,PSG5_HUMAN,,,,Q15238,1016
1017,PSG7_HUMAN,,,,Q13046,1017
1018,ETV5_HUMAN,,,,P41161,1018
1019,SCEL_HUMAN,,,,O95171,1019
1020,SNX14_HUMAN,,,,Q9Y5W7,1020
1021,IBP7_HUMAN,,,,Q16270,1021
1022,TRYB2_HUMAN,,,,P20231,1022
1023,TRML4_HUMAN,,,,Q6UXN2,1023
1024,SCUB2_HUMAN,,,,Q9NQ36,1024
1025,DBP_HUMAN,,,,Q10586,1025
1026,MAML2_HUMAN,,,,Q8IZL2,1026
1027,SYYC_HUMAN,,,,P54577,1027
1028,NID2_HUMAN,,,,Q14112,1028
1029,PON2_HUMAN,,,,Q15165,1029
1030,RP3A_HUMAN,,,,Q9Y2J0,1030
1031,MUC7_HUMAN,,,,Q8TAX7,1031
1032,SYTL3_HUMAN,,,,Q4VX76,1032
1033,KR412_HUMAN,,,,Q9BQ66,1033
1034,PLXA1_HUMAN,,,,Q9UIW2,1034
1035,PRS23_HUMAN,,,,O95084,1035
1036,CADH2_HUMAN,,,,P19022,1036
1037,CADH3_HUMAN,,,,P22223,1037
1038,CADH5_HUMAN,,,,P33151,1038
1039,CADH6_HUMAN,,,,P55285,1039
1040,CADH7_HUMAN,,,,Q9ULB5,1040
1041,DAG1_HUMAN,,,,Q14118,1041
1042,CXA1_HUMAN,,,,P17302,1042
1043,CXA3_HUMAN,,,,Q9Y6H8,1043
1044,CXA5_HUMAN,,,,P36382,1044
1045,CXG1_HUMAN,,,,P36383,1045
1046,CLAT_HUMAN,,,,P28329,1046
1047,5NTD_HUMAN,,,,P21589,1047
1048,S29A1_HUMAN,,,,Q99808,1048
1049,S29A2_HUMAN,,,,Q14542,1049
1050,S29A3_HUMAN,,,,Q9BZD2,1050
1051,S29A4_HUMAN,,,,Q7RTT9,1051
1052,PNMT_HUMAN,,,,P11086,1052
1053,VMAT1_HUMAN,,,,P54219,1053
1054,VMAT2_HUMAN,,,,Q05940,1054
1055,APLP2_HUMAN,,,,Q06481,1055
1056,C11B2_HUMAN,,,,P19099,1056
1057,S5A1_HUMAN,,,,P18405,1057
1058,S5A2_HUMAN,,,,P31213,1058
1059,PORED_HUMAN,,,,Q9H8P0,1059
1060,CP17A_HUMAN,,,,P05093,1060
1061,H17B6_HUMAN,,,,O14756,1061
1062,CP27B_HUMAN,,,,O15528,1062
1063,C11B1_HUMAN,,,,P15538,1063
1064,CP21A_HUMAN,,,,P08686,1064
1065,CP19A_HUMAN,,,,P11511,1065
1066,CP11A_HUMAN,,,,P05108,1066
1067,CP3A4_HUMAN,,,,P08684,1067
1068,ADX_HUMAN,,,,P10109,1068
1069,FDX2_HUMAN,,,,Q6P4F2,1069
1070,ADRO_HUMAN,,,,P22570,1070
1071,DHB12_HUMAN,,,,Q53GQ0,1071
1072,DHB3_HUMAN,,,,P37058,1072
1073,DGLA_HUMAN,,,,Q9Y4D2,1073
1074,DGLB_HUMAN,,,,Q8NCG7,1074
1075,BMR1B_HUMAN,,,,O00238,1075
1076,BMPR2_HUMAN,,,,Q13873,1076
1077,CSTN1_HUMAN,,,,O94985,1077
1078,CSTN2_HUMAN,,,,Q9H4D0,1078
1079,CSTN3_HUMAN,,,,Q9BQT9,1079
1080,CATG_HUMAN,,,,P08311,1080
1081,LICH_HUMAN,,,,P38571,1081
1082,DHC24_HUMAN,,,,Q15392,1082
1083,DHCR7_HUMAN,,,,Q9UBM7,1083
1084,NTCP4_HUMAN,,,,Q96EP9,1084
1085,VACHT_HUMAN,,,,Q16572,1085
1086,SC5A7_HUMAN,,,,Q9GZV3,1086
1087,CGB1_HUMAN,,,,A6NKQ9,1087
1088,CGB2_HUMAN,,,,Q6NT52,1088
1089,CGB7_HUMAN,,,,P0DN87,1089
1090,C1QRF_HUMAN,,,,O75973,1090
1091,C1QL2_HUMAN,,,,Q7Z5L3,1091
1092,C1QL3_HUMAN,,,,Q5VWW1,1092
1093,C1QL4_HUMAN,,,,Q86Z23,1093
1094,ST1A1_HUMAN,,,,P50225,1094
1095,ST1E1_HUMAN,,,,P49888,1095
1096,ST2A1_HUMAN,,,,Q06520,1096
1097,UBS3B_HUMAN,,,,Q8TF42,1097
1098,DHRS9_HUMAN,,,,Q9BPW9,1098
1099,TYRO_HUMAN,,,,P14679,1099
1100,DHB1_HUMAN,,,,P14061,1100
1101,FLRT1_HUMAN,,,,Q9NZU1,1101
1102,TEN2_HUMAN,,,,Q9NT68,1102
1103,TEN3_HUMAN,,,,Q9P273,1103
1104,TEN4_HUMAN,,,,Q6N022,1104
1105,FLRT2_HUMAN,,,,O43155,1105
1106,FLRT3_HUMAN,,,,Q9NZU0,1106
1107,VIAAT_HUMAN,,,,Q9H598,1107
1108,SC6A1_HUMAN,,,,P30531,1108
1109,S6A11_HUMAN,,,,P48066,1109
1110,S6A12_HUMAN,,,,P48065,1110
1111,S6A13_HUMAN,,,,Q9NSD5,1111
1112,SC6A6_HUMAN,,,,P31641,1112
1113,DCE2_HUMAN,,,,Q05329,1113
1114,GLSK_HUMAN,,,,O94925,1114
1115,VGLU2_HUMAN,,,,Q9P2U8,1115
1116,VGLU1_HUMAN,,,,Q9P2U7,1116
1117,VGLU3_HUMAN,,,,Q8NDX2,1117
1118,EAA3_HUMAN,,,,P43005,1118
1119,EAA2_HUMAN,,,,P43004,1119
1120,EAA1_HUMAN,,,,P43003,1120
1121,EAA4_HUMAN,,,,P48664,1121
1122,EAA5_HUMAN,,,,O00341,1122
1123,GLSL_HUMAN,,,,Q9UI32,1123
1124,GLYC_HUMAN,,,,P34896,1124
1125,SC6A5_HUMAN,,,,Q9Y345,1125
1126,SC6A9_HUMAN,,,,P48067,1126
1127,GLYM_HUMAN,,,,P34897,1127
1128,IBP3_HUMAN,,,,P17936,1128
1129,IL1AP_HUMAN,,,,Q9NPH3,1129
1130,LRC4C_HUMAN,,,,Q9HCJ2,1130
1131,LRFN4_HUMAN,,,,Q6PJG9,1131
1132,LRFN5_HUMAN,,,,Q96NI6,1132
1133,LRRT1_HUMAN,,,,Q86UE6,1133
1134,LRRT2_HUMAN,,,,O43300,1134
1135,LRRT3_HUMAN,,,,Q86VH5,1135
1136,LRRT4_HUMAN,,,,Q86VH4,1136
1137,DPEP1_HUMAN,,,,P16444,1137
1138,DPEP2_HUMAN,,,,Q9H4A9,1138
1139,DPEP3_HUMAN,,,,Q9H4B8,1139
1140,GGT1_HUMAN,,,,P19440,1140
1141,GGT5_HUMAN,,,,P36269,1141
1142,LKHA4_HUMAN,,,,P09960,1142
1143,LTC4S_HUMAN,,,,Q16873,1143
1144,PTGR1_HUMAN,,,,Q14914,1144
1145,LOX12_HUMAN,,,,P18054,1145
1146,LOX5_HUMAN,,,,P09917,1146
1147,AL5AP_HUMAN,,,,P20292,1147
1148,LPAR1_HUMAN,,,,Q92633,1148
1149,LPAR2_HUMAN,,,,Q9HBW0,1149
1150,LPAR3_HUMAN,,,,Q9UBY5,1150
1151,ASMT_HUMAN,,,,P46597,1151
1152,NLGNY_HUMAN,,,,Q8NFZ3,1152
1153,DOPO_HUMAN,,,,P09172,1153
1154,SC6A2_HUMAN,,,,P23975,1154
1155,UPAR_HUMAN,,,,Q03405,1155
1156,PVR_HUMAN,,,,P15151,1156
1157,3BHS1_HUMAN,,,,P14060,1157
1158,ALDR_HUMAN,,,,P15121,1158
1159,AK1C3_HUMAN,,,,P42330,1159
1160,CBR1_HUMAN,,,,P16152,1160
1161,PTGDS_HUMAN,,,,P41222,1161
1162,PTGES_HUMAN,,,,O14684,1162
1163,PGES2_HUMAN,,,,Q9H7Z7,1163
1164,TEBP_HUMAN,,,,Q15185,1164
1165,AL1A1_HUMAN,,,,P00352,1165
1166,AL1A2_HUMAN,,,,O94788,1166
1167,AL1A3_HUMAN,,,,P47895,1167
1168,TPH2_HUMAN,,,,Q8IWU9,1168
1169,SC6A4_HUMAN,,,,P31645,1169
1170,DDC_HUMAN,,,,P20711,1170
1171,SC6A3_HUMAN,,,,Q01959,1171
1172,SLIK4_HUMAN,,,,Q8IW52,1172
1173,SDC1_HUMAN,,,,P18827,1173
1174,TAFA1_HUMAN,,,,Q7Z5A9,1174
1175,TAFA5_HUMAN,,,,Q7Z5A7,1175
1176,TEN1_HUMAN,,,,Q9UKZ4,1176
1177,AK1D1_HUMAN,,,,P51857,1177
1178,TX1B3_HUMAN,,,,O14907,1178
1179,THAS_HUMAN,,,,P24557,1179
1180,IOD3_HUMAN,,,,P55073,1180
1181,BY55_HUMAN,,,,O95971,1181
1182,ITB1_HUMAN,,,,P05556,1182
1183,ITB3_HUMAN,,,,P05106,1183
1184,ITB5_HUMAN,,,,P18084,1184
1185,CD1B_HUMAN,,,,P29016,1185
1186,CBLN1_HUMAN,,,,P23435,1186
1187,CD226_HUMAN,,,,Q15762,1187
1188,CD248_HUMAN,,,,Q9HCU0,1188
1189,CD276_HUMAN,,,,Q5ZPR3,1189
1190,CD320_HUMAN,,,,Q9NPF0,1190
1191,CD44_HUMAN,,,,P16070,1191
1192,C1QR1_HUMAN,,,,Q9NPY3,1192
1193,NCHL1_HUMAN,,,,O00533,1193
1194,CLUS_HUMAN,,,,P10909,1194
1195,SUPYN_HUMAN,,,,M5A8F1,1195
1196,ESAM_HUMAN,,,,Q96AP7,1196
1197,FRIH_HUMAN,,,,P02794,1197
1198,FRIL_HUMAN,,,,P02792,1198
1199,HFE_HUMAN,,,,Q30201,1199
1200,KLRB1_HUMAN,,,,Q12918,1200
1201,LAIR1_HUMAN,,,,Q6GTX8,1201
1202,MPZL1_HUMAN,,,,O95297,1202
1203,NSMF_HUMAN,,,,Q6X4W1,1203
1204,NXNL1_HUMAN,,,,Q96CM4,1204
1205,OMD_HUMAN,,,,Q99983,1205
1206,PECA1_HUMAN,,,,P16284,1206
1207,PPIA_HUMAN,,,,P62937,1207
1208,PRIO_HUMAN,,,,P04156,1208
1209,PXL2B_HUMAN,,,,Q8TBF2,1209
1210,PTGIS_HUMAN,,,,Q16647,1210
1211,PTPRC_HUMAN,,,,P08575,1211
1212,PTPRD_HUMAN,,,,P23468,1212
1213,PTPRS_HUMAN,,,,Q13332,1213
1214,RNT2_HUMAN,,,,O00584,1214
1215,RTN4R_HUMAN,,,,Q9BZR6,1215
1216,SIG15_HUMAN,,,,Q6ZMC9,1216
1217,PERT_HUMAN,,,,P07202,1217
1218,TULP1_HUMAN,,,,O00294,1218
1219,UNC5A_HUMAN,,,,Q6ZN44,1219
1220,MCP_HUMAN,,,,P15529,1220
1221,CD6_HUMAN,,,,P30203,1221
1222,CAD15_HUMAN,,,,P55291,1222
1223,CADH4_HUMAN,,,,P55283,1223
1224,CD8A_HUMAN,,,,P01732,1224
1225,CLD11_HUMAN,,,,O75508,1225
1226,CD69_HUMAN,,,,Q07108,1226
1227,CLC2L_HUMAN,,,,P0C7M8,1227
1228,MAG_HUMAN,,,,P20916,1228
1229,DOA_HUMAN,,,,P06340,1229
1230,NCAM2_HUMAN,,,,O15394,1230
1231,NEGR1_HUMAN,,,,Q7Z3B1,1231
1232,LRRC4_HUMAN,,,,Q9HBW1,1232
1233,OCLN_HUMAN,,,,Q16625,1233
1234,PTPRM_HUMAN,,,,P28827,1234
1235,SN_HUMAN,,,,Q9BZZ2,1235
1236,ITA4_HUMAN,,,,P13612,1236
1237,ITA9_HUMAN,,,,Q13797,1237
1238,ITB7_HUMAN,,,,P26010,1238
1239,VISTA_HUMAN,,,,Q9H7M9,1239
1240,CAD12_HUMAN,,,,P55289,1240
1241,CLD1_HUMAN,,,,O95832,1241
1242,CLD2_HUMAN,,,,P57739,1242
1243,CLD3_HUMAN,,,,O15551,1243
1244,PCDAA_HUMAN,,,,Q9Y5I2,1244
1245,PCDAB_HUMAN,,,,Q9Y5I1,1245
1246,PCDAC_HUMAN,,,,Q9UN75,1246
1247,PCDAD_HUMAN,,,,Q9Y5I0,1247
1248,PCDA1_HUMAN,,,,Q9Y5I3,1248
1249,PCDA2_HUMAN,,,,Q9Y5H9,1249
1250,PCDA3_HUMAN,,,,Q9Y5H8,1250
1251,PCDA4_HUMAN,,,,Q9UN74,1251
1252,PCDA5_HUMAN,,,,Q9Y5H7,1252
1253,PCDA6_HUMAN,,,,Q9UN73,1253
1254,PCDA7_HUMAN,,,,Q9UN72,1254
1255,PCDA8_HUMAN,,,,Q9Y5H6,1255
1256,PCDA9_HUMAN,,,,Q9Y5H5,1256
1257,PCDC1_HUMAN,,,,Q9H158,1257
1258,PCDC2_HUMAN,,,,Q9Y5I4,1258
1259,PCDB1_HUMAN,,,,Q9Y5F3,1259
1260,PCDBA_HUMAN,,,,Q9UN67,1260
1261,PCDBB_HUMAN,,,,Q9Y5F2,1261
1262,PCDBC_HUMAN,,,,Q9Y5F1,1262
1263,PCDBD_HUMAN,,,,Q9Y5F0,1263
1264,PCDBE_HUMAN,,,,Q9Y5E9,1264
1265,PCDBF_HUMAN,,,,Q9Y5E8,1265
1266,PCDBG_HUMAN,,,,Q9NRJ7,1266
1267,PCDB2_HUMAN,,,,Q9Y5E7,1267
1268,PCDB3_HUMAN,,,,Q9Y5E6,1268
1269,PCDB4_HUMAN,,,,Q9Y5E5,1269
1270,PCDB5_HUMAN,,,,Q9Y5E4,1270
1271,PCDB6_HUMAN,,,,Q9Y5E3,1271
1272,PCDB7_HUMAN,,,,Q9Y5E2,1272
1273,PCDB8_HUMAN,,,,Q9UN66,1273
1274,PCDB9_HUMAN,,,,Q9Y5E1,1274
1275,PCDG1_HUMAN,,,,Q9Y5H4,1275
1276,PCDGA_HUMAN,,,,Q9Y5H3,1276
1277,PCDGB_HUMAN,,,,Q9Y5H2,1277
1278,PCDGC_HUMAN,,,,O60330,1278
1279,PCDG2_HUMAN,,,,Q9Y5H1,1279
1280,PCDG3_HUMAN,,,,Q9Y5H0,1280
1281,PCDG4_HUMAN,,,,Q9Y5G9,1281
1282,PCDG5_HUMAN,,,,Q9Y5G8,1282
1283,PCDG6_HUMAN,,,,Q9Y5G7,1283
1284,PCDG7_HUMAN,,,,Q9Y5G6,1284
1285,PCDG8_HUMAN,,,,Q9Y5G5,1285
1286,PCDG9_HUMAN,,,,Q9Y5G4,1286
1287,PCDGD_HUMAN,,,,Q9Y5G3,1287
1288,PCDGE_HUMAN,,,,Q9Y5G2,1288
1289,PCDGF_HUMAN,,,,Q9Y5G1,1289
1290,PCDGG_HUMAN,,,,Q9UN71,1290
1291,PCDGH_HUMAN,,,,Q9Y5G0,1291
1292,PCDGI_HUMAN,,,,Q9Y5F9,1292
1293,PCDGJ_HUMAN,,,,Q9Y5F8,1293
1294,PCDGK_HUMAN,,,,Q9UN70,1294
1295,PCDGL_HUMAN,,,,Q9Y5F7,1295
1296,PCDGM_HUMAN,,,,Q9Y5F6,1296
1297,KLK6_HUMAN,,,,Q92876,1297
1298,KLK5_HUMAN,,,,Q9Y337,1298
1299,KLK4_HUMAN,,,,Q9Y5K2,1299
1300,KLK1_HUMAN,,,,P06870,1300
1301,KLK2_HUMAN,,,,P20151,1301
1302,KLK14_HUMAN,,,,Q9P0G3,1302
1303,KLK7_HUMAN,,,,P49862,1303
1304,KLK8_HUMAN,,,,O60259,1304
1305,AA3R_HUMAN,,,,P0DMS8,1305
1306,TULP2_HUMAN,,,,O00295,1306
1307,TUB_HUMAN,,,,P50607,1307
1308,MET_HUMAN,,,,P08581,1308
1309,LRP1_HUMAN,,,,Q07954,1309
1310,PTPRK_HUMAN,,,,Q15262,1310
1311,COL12_HUMAN,,,,Q5KU26,1311
1312,HAVR2_HUMAN,,,,Q8TDQ0,1312
1313,MRC2_HUMAN,,,,Q9UBG0,1313
1314,NOTC1_HUMAN,,,,P46531,1314
1315,NOTC2_HUMAN,,,,Q04721,1315
1316,NOTC4_HUMAN,,,,Q99466,1316
1317,NOTC3_HUMAN,,,,Q9UM47,1317
1318,ERBB2_HUMAN,,,,P04626,1318
1319,ERBB3_HUMAN,,,,P21860,1319
1320,ERBB4_HUMAN,,,,Q15303,1320
1321,TSN15_HUMAN,,,,O95858,1321
1322,TSN12_HUMAN,,,,O95859,1322
1323,IL6RA_HUMAN,,,,P08887,1323
1324,EPHA3_HUMAN,,,,P29320,1324
1325,UFO_HUMAN,,,,P30530,1325
1326,NRCAM_HUMAN,,,,Q92823,1326
1327,TSN17_HUMAN,,,,Q96FV3,1327
1328,TREM2_HUMAN,,,,Q9NZC2,1328
1329,TR11B_HUMAN,,,,O00300,1329
1330,LGR4_HUMAN,,,,Q9BXB1,1330
1331,TNR11_HUMAN,,,,Q9Y6Q6,1331
1332,EGFR_HUMAN,,,,P00533,1332
1333,TNR8_HUMAN,,,,P28908,1333
1334,C163A_HUMAN,,,,Q86VB7,1334
1335,TNR25_HUMAN,,,,Q93038,1335
1336,TNR12_HUMAN,,,,Q9NP84,1336
1337,TNF6B_HUMAN,,,,O95407,1337
1338,TNR3_HUMAN,,,,P36941,1338
1339,TNR14_HUMAN,,,,Q92956,1339
1340,ITA5_HUMAN,,,,P08648,1340
1341,CTLA4_HUMAN,,,,P16410,1341
1342,ICOS_HUMAN,,,,Q9Y6W8,1342
1343,ITA1_HUMAN,,,,P56199,1343
1344,PLXC1_HUMAN,,,,O60486,1344
1345,TR13B_HUMAN,,,,O14836,1345
1346,TNR1A_HUMAN,,,,P19438,1346
1347,TNR6_HUMAN,,,,P25445,1347
1348,TNR17_HUMAN,,,,Q02223,1348
1349,CNTP1_HUMAN,,,,P78357,1349
1350,FFAR2_HUMAN,,,,O15552,1350
1351,TNR21_HUMAN,,,,O75509,1351
1352,TNR1B_HUMAN,,,,P20333,1352
1353,VGFR3_HUMAN,,,,P35916,1353
1354,CELR2_HUMAN,,,,Q9HCU4,1354
1355,CD8B2_HUMAN,,,,A6NJW9,1355
1356,LIRA1_HUMAN,,,,O75019,1356
1357,CD3D_HUMAN,,,,P04234,1357
1358,CD3G_HUMAN,,,,P09693,1358
1359,CD8B_HUMAN,,,,P10966,1359
1360,KI2L3_HUMAN,,,,P43628,1360
1361,KI3L1_HUMAN,,,,P43629,1361
1362,KI3L2_HUMAN,,,,P43630,1362
1363,KLRD1_HUMAN,,,,Q13241,1363
1364,LIRB2_HUMAN,,,,Q8N423,1364
1365,LIRB1_HUMAN,,,,Q8NHL6,1365
1366,CD4_HUMAN,,,,P01730,1366
1367,LAG3_HUMAN,,,,P18627,1367
1368,FPR2_HUMAN,,,,P25090,1368
1369,FPR3_HUMAN,,,,P25089,1369
1370,ADA2A_HUMAN,,,,P08913,1370
1371,FPR1_HUMAN,,,,P21462,1371
1372,MTR1A_HUMAN,,,,P48039,1372
1373,GRM7_HUMAN,,,,Q14831,1373
1374,ITAM_HUMAN,,,,P11215,1374
1375,ITAX_HUMAN,,,,P20702,1375
1376,KI2L1_HUMAN,,,,P43626,1376
1377,LRP6_HUMAN,,,,O75581,1377
1378,HG2A_HUMAN,,,,P04233,1378
1379,TNR16_HUMAN,,,,P08138,1379
1380,RSSA_HUMAN,,,,P08865,1380
1381,GPC1_HUMAN,,,,P35052,1381
1382,PE2R2_HUMAN,,,,P43116,1382
1383,DCC_HUMAN,,,,P43146,1383
1384,APLP1_HUMAN,,,,P51693,1384
1385,VLDLR_HUMAN,,,,P98155,1385
1386,RAGE_HUMAN,,,,Q15109,1386
1387,LRP10_HUMAN,,,,Q7Z4F1,1387
1388,NICA_HUMAN,,,,Q92542,1388
1389,ITAL_HUMAN,,,,P20701,1389
1390,IL2RA_HUMAN,,,,P01589,1390
1391,IL2RG_HUMAN,,,,P31785,1391
1392,CR2_HUMAN,,,,P20023,1392
1393,TLR2_HUMAN,,,,O60603,1393
1394,ROBO4_HUMAN,,,,Q8WZ75,1394
1395,ITA2B_HUMAN,,,,P08514,1395
1396,ITA3_HUMAN,,,,P26006,1396
1397,LRP5_HUMAN,,,,O75197,1397
1398,CD36_HUMAN,,,,P16671,1398
1399,ITA6_HUMAN,,,,P23229,1399
1400,PTPRJ_HUMAN,,,,Q12913,1400
1401,SCRB1_HUMAN,,,,Q8WTV0,1401
1402,CR1_HUMAN,,,,P17927,1402
1403,AGRE5_HUMAN,,,,P48960,1403
1404,AGRE2_HUMAN,,,,Q9UHX3,1404
1405,TLR4_HUMAN,,,,O00206,1405
1406,TLR1_HUMAN,,,,Q15399,1406
1407,TLR9_HUMAN,,,,Q9NR96,1407
1408,TLR6_HUMAN,,,,Q9Y2C9,1408
1409,TFR1_HUMAN,,,,P02786,1409
1410,CD2_HUMAN,,,,P06729,1410
1411,CD244_HUMAN,,,,Q9BZW8,1411
1412,CELR3_HUMAN,,,,Q9NYQ7,1412
1413,KI2L2_HUMAN,,,,P43627,1413
1414,KI2S4_HUMAN,,,,P43632,1414
1415,KI2S1_HUMAN,,,,Q14954,1415
1416,LIRA3_HUMAN,,,,Q8N6C8,1416
1417,KI3L3_HUMAN,,,,Q8N743,1417
1418,ACV1B_HUMAN,,,,P36896,1418
1419,TGFR2_HUMAN,,,,P37173,1419
1420,TGFR1_HUMAN,,,,P36897,1420
1421,ACVR1_HUMAN,,,,Q04771,1421
1422,ACV1C_HUMAN,,,,Q8NER5,1422
1423,ITB6_HUMAN,,,,P18564,1423
1424,ACVL1_HUMAN,,,,P37023,1424
1425,TGBR3_HUMAN,,,,Q03167,1425
1426,BKRB2_HUMAN,,,,P30411,1426
1427,AGTR2_HUMAN,,,,P50052,1427
1428,ITA2_HUMAN,,,,P17301,1428
1429,ITAE_HUMAN,,,,P38570,1429
1430,IGF1R_HUMAN,,,,P08069,1430
1431,PTPRF_HUMAN,,,,P10586,1431
1432,KLRG1_HUMAN,,,,Q96E93,1432
1433,AVR2A_HUMAN,,,,P27037,1433
1434,AVR2B_HUMAN,,,,Q13705,1434
1435,FGFR1_HUMAN,,,,P11362,1435
1436,FGFR2_HUMAN,,,,P21802,1436
1437,PTPRZ_HUMAN,,,,P23471,1437
1438,GFRA1_HUMAN,,,,P56159,1438
1439,ROBO3_HUMAN,,,,Q96MS0,1439
1440,ROBO1_HUMAN,,,,Q9Y6N7,1440
1441,NKG2A_HUMAN,,,,P26715,1441
1442,NKG2C_HUMAN,,,,P26717,1442
1443,NKG2E_HUMAN,,,,Q07444,1443
1444,NKG2D_HUMAN,,,,P26718,1444
1445,CD81_HUMAN,,,,P60033,1445
1446,C99L2_HUMAN,,,,Q8TCZ2,1446
1447,PILRB_HUMAN,,,,Q9UKJ0,1447
1448,PILRA_HUMAN,,,,Q9UKJ1,1448
1449,GSLG1_HUMAN,,,,Q92896,1449
1450,KI2L4_HUMAN,,,,Q99706,1450
1451,ITAD_HUMAN,,,,Q13349,1451
1452,EPHA1_HUMAN,,,,P21709,1452
1453,EPHA2_HUMAN,,,,P29317,1453
1454,EPHA8_HUMAN,,,,P29322,1454
1455,EPHA5_HUMAN,,,,P54756,1455
1456,EPHB1_HUMAN,,,,P54762,1456
1457,EPHA4_HUMAN,,,,P54764,1457
1458,EPHA7_HUMAN,,,,Q15375,1458
1459,EPHAA_HUMAN,,,,Q5JZY3,1459
1460,EPHA6_HUMAN,,,,Q9UF33,1460
1461,KIT_HUMAN,,,,P10721,1461
1462,EPOR_HUMAN,,,,P19235,1462
1463,LYAM3_HUMAN,,,,P16109,1463
1464,TNR5_HUMAN,,,,P25942,1464
1465,KI3S1_HUMAN,,,,Q14943,1465
1466,EPHB2_HUMAN,,,,P29323,1466
1467,CLC4M_HUMAN,,,,Q9H2X3,1467
1468,MO2R2_HUMAN,,,,Q6Q8B3,1468
1469,TNR9_HUMAN,,,,Q07011,1469
1470,I13R2_HUMAN,,,,Q14627,1470
1471,AGRG5_HUMAN,,,,Q8IZF4,1471
1472,BMR1A_HUMAN,,,,P36894,1472
1473,ROR2_HUMAN,,,,Q01974,1473
1474,NCTR3_HUMAN,,,,O14931,1474
1475,TR10B_HUMAN,,,,O14763,1475
1476,FLT3_HUMAN,,,,P36888,1476
1477,TR10A_HUMAN,,,,O00220,1477
1478,TR10D_HUMAN,,,,Q9UBN6,1478
1479,GRM5_HUMAN,,,,P41594,1479
1480,EPHB3_HUMAN,,,,P54753,1480
1481,EPHB4_HUMAN,,,,P54760,1481
1482,GRM1_HUMAN,,,,Q13255,1482
1483,CD1A_HUMAN,,,,P06126,1483
1484,CD3Z_HUMAN,,,,P20963,1484
1485,RHDF2_HUMAN,,,,Q6PJF5,1485
1486,NRP1_HUMAN,,,,O14786,1486
1487,AGRL1_HUMAN,,,,O94910,1487
1488,LSR_HUMAN,,,,Q86X29,1488
1489,NETO2_HUMAN,,,,Q8NC67,1489
1490,DSG3_HUMAN,,,,P32926,1490
1491,DSG4_HUMAN,,,,Q86SJ6,1491
1492,LIRA4_HUMAN,,,,P59901,1492
1493,PLXA3_HUMAN,,,,P51805,1493
1494,PLXB3_HUMAN,,,,Q9ULL4,1494
1495,SIGL5_HUMAN,,,,O15389,1495
1496,HCST_HUMAN,,,,Q9UBK5,1496
1497,ITA10_HUMAN,,,,O75578,1497
1498,ITA11_HUMAN,,,,Q9UKX5,1498
1499,CD79A_HUMAN,,,,P11912,1499
1500,PTPRG_HUMAN,,,,P23470,1500
1501,TYOBP_HUMAN,,,,O43914,1501
1502,VGFR2_HUMAN,,,,P35968,1502
1503,CD7_HUMAN,,,,P09564,1503
1504,TNR27_HUMAN,,,,Q9HAV5,1504
1505,EDAR_HUMAN,,,,Q9UNE0,1505
1506,PLXB2_HUMAN,,,,O15031,1506
1507,PLXB1_HUMAN,,,,O43157,1507
1508,CLM7_HUMAN,,,,A8K4G0,1508
1509,PDCD1_HUMAN,,,,Q15116,1509
1510,PLXA2_HUMAN,,,,O75051,1510
1511,PLXA4_HUMAN,,,,Q9HCM2,1511
1512,PLXD1_HUMAN,,,,Q9Y4D7,1512
1513,DCBD2_HUMAN,,,,Q96PD2,1513
1514,PGFRB_HUMAN,,,,P09619,1514
1515,PGFRA_HUMAN,,,,P16234,1515
1516,VGFR1_HUMAN,,,,P17948,1516
1517,CCR4_HUMAN,,,,P51679,1517
1518,TMIG2_HUMAN,,,,Q96BF3,1518
1519,TNR18_HUMAN,,,,Q9Y5U5,1519
1520,TR13C_HUMAN,,,,Q96RJ3,1520
1521,ITB8_HUMAN,,,,P26012,1521
1522,GPVI_HUMAN,,,,Q9HCN6,1522
1523,ITA8_HUMAN,,,,P53708,1523
1524,MUSK_HUMAN,,,,O15146,1524
1525,LRP4_HUMAN,,,,O75096,1525
1526,LRP2_HUMAN,,,,P98164,1526
1527,ITA7_HUMAN,,,,Q13683,1527
1528,ITB4_HUMAN,,,,P16144,1528
1529,BCAM_HUMAN,,,,P50895,1529
1530,DDR1_HUMAN,,,,Q08345,1530
1531,DDR2_HUMAN,,,,Q16832,1531
1532,TSHR_HUMAN,,,,P16473,1532
1533,C5AR1_HUMAN,,,,P21730,1533
1534,I17RC_HUMAN,,,,Q8NAC3,1534
1535,GP1BB_HUMAN,,,,P13224,1535
1536,SCAR5_HUMAN,,,,Q6ZMJ2,1536
1537,STAB2_HUMAN,,,,Q8WWQ8,1537
1538,PTPRB_HUMAN,,,,P23467,1538
1539,LRP8_HUMAN,,,,Q14114,1539
1540,CNTFR_HUMAN,,,,P26992,1540
1541,IL6RB_HUMAN,,,,P40189,1541
1542,FCG3B_HUMAN,,,,O75015,1542
1543,FCG2B_HUMAN,,,,P31994,1543
1544,CSF1R_HUMAN,,,,P07333,1544
1545,I12R1_HUMAN,,,,P42701,1545
1546,I12R2_HUMAN,,,,Q99665,1546
1547,I27RA_HUMAN,,,,Q6UWB1,1547
1548,IL23R_HUMAN,,,,Q5VWK5,1548
1549,I17RA_HUMAN,,,,Q96F46,1549
1550,I10R2_HUMAN,,,,Q08334,1550
1551,INLR1_HUMAN,,,,Q8IU57,1551
1552,CCR2_HUMAN,,,,P41597,1552
1553,CCR3_HUMAN,,,,P51677,1553
1554,SSR1_HUMAN,,,,P30872,1554
1555,SSR2_HUMAN,,,,P30874,1555
1556,SSR4_HUMAN,,,,P31391,1556
1557,SSR3_HUMAN,,,,P32745,1557
1558,SSR5_HUMAN,,,,P35346,1558
1559,GHSR_HUMAN,,,,Q92847,1559
1560,MRGX2_HUMAN,,,,Q96LB1,1560
1561,SDC3_HUMAN,,,,O75056,1561
1562,MC4R_HUMAN,,,,P32245,1562
1563,MC5R_HUMAN,,,,P33032,1563
1564,MC3R_HUMAN,,,,P41968,1564
1565,CCR7_HUMAN,,,,P32248,1565
1566,CCR10_HUMAN,,,,P46092,1566
1567,CXCR3_HUMAN,,,,P49682,1567
1568,ACKR4_HUMAN,,,,Q9NPB9,1568
1569,CDON_HUMAN,,,,Q4KMG0,1569
1570,NEO1_HUMAN,,,,Q92859,1570
1571,FZD9_HUMAN,,,,O00144,1571
1572,FZD6_HUMAN,,,,O60353,1572
1573,FZD7_HUMAN,,,,O75084,1573
1574,FZD5_HUMAN,,,,Q13467,1574
1575,FZD2_HUMAN,,,,Q14332,1575
1576,FZD8_HUMAN,,,,Q9H461,1576
1577,FZD3_HUMAN,,,,Q9NPG1,1577
1578,FZD4_HUMAN,,,,Q9ULV1,1578
1579,FZD10_HUMAN,,,,Q9ULW2,1579
1580,FZD1_HUMAN,,,,Q9UP38,1580
1581,RECK_HUMAN,,,,O95980,1581
1582,LDLR_HUMAN,,,,P01130,1582
1583,ACKR3_HUMAN,,,,P25106,1583
1584,CCR5_HUMAN,,,,P51681,1584
1585,ACKR1_HUMAN,,,,Q16570,1585
1586,TIE1_HUMAN,,,,P35590,1586
1587,TIE2_HUMAN,,,,Q02763,1587
1588,NPFF1_HUMAN,,,,Q9GZQ6,1588
1589,NPFF2_HUMAN,,,,Q9Y5X5,1589
1590,NTRK1_HUMAN,,,,P04629,1590
1591,CCR6_HUMAN,,,,P51684,1591
1592,CCR9_HUMAN,,,,P51686,1592
1593,CCR1_HUMAN,,,,P32246,1593
1594,CCR8_HUMAN,,,,P51685,1594
1595,HRH4_HUMAN,,,,Q9H3N8,1595
1596,FGRL1_HUMAN,,,,Q8N441,1596
1597,PTC1_HUMAN,,,,Q13635,1597
1598,SMO_HUMAN,,,,Q99835,1598
1599,PTC2_HUMAN,,,,Q9Y6C5,1599
1600,BOC_HUMAN,,,,Q9BWV1,1600
1601,OX1R_HUMAN,,,,O43613,1601
1602,OX2R_HUMAN,,,,O43614,1602
1603,LIRB3_HUMAN,,,,O75022,1603
1604,CD5_HUMAN,,,,P06127,1604
1605,NRP2_HUMAN,,,,O60462,1605
1606,CXCR5_HUMAN,,,,P32302,1606
1607,GFRA4_HUMAN,,,,Q9GZZ7,1607
1608,RET_HUMAN,,,,P07949,1608
1609,GFRA2_HUMAN,,,,O00451,1609
1610,ROBO2_HUMAN,,,,Q9HCK4,1610
1611,TREM1_HUMAN,,,,Q9NP99,1611
1612,KREM2_HUMAN,,,,Q8NCW0,1612
1613,KREM1_HUMAN,,,,Q96MU8,1613
1614,ANTR1_HUMAN,,,,Q9H6X2,1614
1615,GP152_HUMAN,,,,Q8TDT2,1615
1616,UR2R_HUMAN,,,,Q9UKP6,1616
1617,UNC5C_HUMAN,,,,O95185,1617
1618,AA2BR_HUMAN,,,,P29275,1618
1619,MUC18_HUMAN,,,,P43121,1619
1620,UNC5D_HUMAN,,,,Q6UXZ4,1620
1621,UNC5B_HUMAN,,,,Q8IZJ1,1621
1622,CXCR4_HUMAN,,,,P61073,1622
1623,KLOTB_HUMAN,,,,Q86Z14,1623
1624,ILRL1_HUMAN,,,,Q01638,1624
1625,ASGR1_HUMAN,,,,P07306,1625
1626,ASGR2_HUMAN,,,,P07307,1626
1627,PAR3_HUMAN,,,,O00254,1627
1628,MPRI_HUMAN,,,,P11717,1628
1629,TF_HUMAN,,,,P13726,1629
1630,PAR1_HUMAN,,,,P25116,1630
1631,PAR2_HUMAN,,,,P55085,1631
1632,PARD3_HUMAN,,,,Q8TEW0,1632
1633,PAR4_HUMAN,,,,Q96RI0,1633
1634,MAS_HUMAN,,,,P04201,1634
1635,AGTR1_HUMAN,,,,P30556,1635
1636,BKRB1_HUMAN,,,,P46663,1636
1637,GP135_HUMAN,,,,Q8IZ08,1637
1638,RL3R2_HUMAN,,,,Q8TDU9,1638
1639,S1PR1_HUMAN,,,,P21453,1639
1640,AGRV1_HUMAN,,,,Q8WXG9,1640
1641,ADRB2_HUMAN,,,,P07550,1641
1642,FSHR_HUMAN,,,,P23945,1642
1643,VASN_HUMAN,,,,Q6EMK4,1643
1644,SORC2_HUMAN,,,,Q96PQ0,1644
1645,ANPRA_HUMAN,,,,P16066,1645
1646,ANPRC_HUMAN,,,,P17342,1646
1647,ANPRB_HUMAN,,,,P20594,1647
1648,V2R_HUMAN,,,,P30518,1648
1649,OXYR_HUMAN,,,,P30559,1649
1650,V1AR_HUMAN,,,,P37288,1650
1651,V1BR_HUMAN,,,,P47901,1651
1652,RAMP2_HUMAN,,,,O60895,1652
1653,RAMP3_HUMAN,,,,O60896,1653
1654,ADRB3_HUMAN,,,,P13945,1654
1655,VIPR1_HUMAN,,,,P32241,1655
1656,PACR_HUMAN,,,,P41586,1656
1657,PTH1R_HUMAN,,,,Q03431,1657
1658,GPR20_HUMAN,,,,Q99678,1658
1659,GPR84_HUMAN,,,,Q9NQS5,1659
1660,OPRM_HUMAN,,,,P35372,1660
1661,OPRK_HUMAN,,,,P41145,1661
1662,OPRX_HUMAN,,,,P41146,1662
1663,ACTHR_HUMAN,,,,Q01718,1663
1664,MSHR_HUMAN,,,,Q01726,1664
1665,MRGX1_HUMAN,,,,Q96LB2,1665
1666,OGFR_HUMAN,,,,Q9NZT2,1666
1667,LSHR_HUMAN,,,,P22888,1667
1668,PRLR_HUMAN,,,,P16471,1668
1669,GHR_HUMAN,,,,P10912,1669
1670,PTH2R_HUMAN,,,,P49190,1670
1671,GLP2R_HUMAN,,,,O95838,1671
1672,GLP1R_HUMAN,,,,P43220,1672
1673,GLR_HUMAN,,,,P47871,1673
1674,GIPR_HUMAN,,,,P48546,1674
1675,RAMP1_HUMAN,,,,O60894,1675
1676,VIPR2_HUMAN,,,,P41587,1676
1677,SCTR_HUMAN,,,,P47872,1677
1678,GHRHR_HUMAN,,,,Q02643,1678
1679,NPY1R_HUMAN,,,,P25929,1679
1680,NPY2R_HUMAN,,,,P49146,1680
1681,NPY4R_HUMAN,,,,P50391,1681
1682,NPY5R_HUMAN,,,,Q15761,1682
1683,GPR83_HUMAN,,,,Q9NYM4,1683
1684,PRLHR_HUMAN,,,,P49683,1684
1685,INSR_HUMAN,,,,P06213,1685
1686,GASR_HUMAN,,,,P32239,1686
1687,INAR1_HUMAN,,,,P17181,1687
1688,INAR2_HUMAN,,,,P48551,1688
1689,INGR1_HUMAN,,,,P15260,1689
1690,INGR2_HUMAN,,,,P38484,1690
1691,IL1R1_HUMAN,,,,P14778,1691
1692,IL1R2_HUMAN,,,,P27930,1692
1693,SIGIR_HUMAN,,,,Q6IA17,1693
1694,CXCR1_HUMAN,,,,P25024,1694
1695,CXCR2_HUMAN,,,,P25025,1695
1696,TRBM_HUMAN,,,,P07204,1696
1697,EPCR_HUMAN,,,,Q9UNN8,1697
1698,TFR2_HUMAN,,,,Q9UP52,1698
1699,AMHR2_HUMAN,,,,Q16671,1699
1700,RXFP2_HUMAN,,,,Q8WXD0,1700
1701,RXFP1_HUMAN,,,,Q9HBX9,1701
1702,RL3R1_HUMAN,,,,Q9NSD7,1702
1703,OLR1_HUMAN,,,,P78380,1703
1704,CSF2R_HUMAN,,,,P15509,1704
1705,IL3RB_HUMAN,,,,P32927,1705
1706,IL3RA_HUMAN,,,,P26951,1706
1707,CSF3R_HUMAN,,,,Q99062,1707
1708,FCRL4_HUMAN,,,,Q96PJ5,1708
1709,RYK_HUMAN,,,,P34925,1709
1710,LEPR_HUMAN,,,,P48357,1710
1711,CD68_HUMAN,,,,P34810,1711
1712,IL4RA_HUMAN,,,,P24394,1712
1713,I13R1_HUMAN,,,,P78552,1713
1714,CD53_HUMAN,,,,P19397,1714
1715,IL5RA_HUMAN,,,,Q01344,1715
1716,HRH1_HUMAN,,,,P35367,1716
1717,EDNRB_HUMAN,,,,P24530,1717
1718,EDNRA_HUMAN,,,,P25101,1718
1719,AGRL4_HUMAN,,,,Q9HBW9,1719
1720,CCKAR_HUMAN,,,,P32238,1720
1721,CRFR1_HUMAN,,,,P34998,1721
1722,CRFR2_HUMAN,,,,Q13324,1722
1723,CALRL_HUMAN,,,,Q16602,1723
1724,NMBR_HUMAN,,,,P28336,1724
1725,GRPR_HUMAN,,,,P30550,1725
1726,BRS3_HUMAN,,,,P32247,1726
1727,BAMBI_HUMAN,,,,Q13145,1727
1728,LPAR4_HUMAN,,,,Q99677,1728
1729,GPC4_HUMAN,,,,O75487,1729
1730,NPSR1_HUMAN,,,,Q6W5P4,1730
1731,APJ_HUMAN,,,,P35414,1731
1732,ACHA3_HUMAN,,,,P32297,1732
1733,PE2R4_HUMAN,,,,P35408,1733
1734,NPTN_HUMAN,,,,Q9Y639,1734
1735,MTLR_HUMAN,,,,O43193,1735
1736,IL7RA_HUMAN,,,,P16871,1736
1737,CNR2_HUMAN,,,,P34972,1737
1738,GPC5D_HUMAN,,,,Q9NZD1,1738
1739,CCRL2_HUMAN,,,,O00421,1739
1740,GPR75_HUMAN,,,,O95800,1740
1741,LIFR_HUMAN,,,,P42702,1741
1742,OSMR_HUMAN,,,,Q99650,1742
1743,IL9R_HUMAN,,,,Q01113,1743
1744,TYRO3_HUMAN,,,,Q06418,1744
1745,SIGL9_HUMAN,,,,Q9Y336,1745
1746,ILRL2_HUMAN,,,,Q9HB29,1746
1747,XCR1_HUMAN,,,,P46094,1747
1748,NK2R_HUMAN,,,,P21452,1748
1749,MERTK_HUMAN,,,,Q12866,1749
1750,MCHR2_HUMAN,,,,Q969V1,1750
1751,MCHR1_HUMAN,,,,Q99705,1751
1752,TRFR_HUMAN,,,,P34981,1752
1753,NTRK2_HUMAN,,,,Q16620,1753
1754,ALK_HUMAN,,,,Q9UM73,1754
1755,TSN1_HUMAN,,,,O60635,1755
1756,I10R1_HUMAN,,,,Q13651,1756
1757,PTPRR_HUMAN,,,,Q15256,1757
1758,GALR2_HUMAN,,,,O43603,1758
1759,GALR3_HUMAN,,,,O60755,1759
1760,GALR1_HUMAN,,,,P47211,1760
1761,GP151_HUMAN,,,,Q8TDV0,1761
1762,DRD4_HUMAN,,,,P21917,1762
1763,RON_HUMAN,,,,Q04912,1763
1764,5HT4R_HUMAN,,,,Q13639,1764
1765,TPOR_HUMAN,,,,P40238,1765
1766,SREC_HUMAN,,,,Q14162,1766
1767,NCTR1_HUMAN,,,,O76036,1767
1768,NTR2_HUMAN,,,,O95665,1768
1769,NTR1_HUMAN,,,,P30989,1769
1770,TM219_HUMAN,,,,Q86XT9,1770
1771,GP182_HUMAN,,,,O15218,1771
1772,PXDC2_HUMAN,,,,Q6UX71,1772
1773,IL2RB_HUMAN,,,,P14784,1773
1774,ROR1_HUMAN,,,,Q01973,1774
1775,PTK7_HUMAN,,,,Q13308,1775
1776,NMUR2_HUMAN,,,,Q9GZQ4,1776
1777,NMUR1_HUMAN,,,,Q9HB89,1777
1778,LYVE1_HUMAN,,,,Q9Y5Y7,1778
1779,MTR1B_HUMAN,,,,P49286,1779
1780,P2RY6_HUMAN,,,,Q15077,1780
1781,LGR5_HUMAN,,,,O75473,1781
1782,RENR_HUMAN,,,,O75787,1782
1783,APCD1_HUMAN,,,,Q8J025,1783
1784,PKR2_HUMAN,,,,Q8NFJ6,1784
1785,PKR1_HUMAN,,,,Q8TCW9,1785
1786,I20RA_HUMAN,,,,Q9UHF4,1786
1787,I20RB_HUMAN,,,,Q6UXL0,1787
1788,CX3C1_HUMAN,,,,P49238,1788
1789,P2Y14_HUMAN,,,,Q15391,1789
1790,QRFPR_HUMAN,,,,Q96P65,1790
1791,GUC2C_HUMAN,,,,P25092,1791
1792,FCG2A_HUMAN,,,,P12318,1792
1793,CD33_HUMAN,,,,P20138,1793
1794,I22R1_HUMAN,,,,Q8N6P7,1794
1795,IL18R_HUMAN,,,,Q13478,1795
1796,I18RA_HUMAN,,,,O95256,1796
1797,GPC5_HUMAN,,,,P78333,1797
1798,KISSR_HUMAN,,,,Q969F8,1798
1799,GPR42_HUMAN,,,,O15529,1799
1800,PAQR2_HUMAN,,,,Q86V24,1800
1801,PAQR1_HUMAN,,,,Q96A54,1801
1802,LGR6_HUMAN,,,,Q9HBX8,1802
1803,GFRA3_HUMAN,,,,O60609,1803
1804,IL31R_HUMAN,,,,Q8NI17,1804
1805,IGFR1_HUMAN,,,,Q9H665,1805
1806,GPR19_HUMAN,,,,Q15760,1806
1807,LAMP1_HUMAN,,,,P11279,1807
1808,AGRG3_HUMAN,,,,Q86Y34,1808
1809,LTK_HUMAN,,,,P29376,1809
1810,GPR35_HUMAN,,,,Q9HC97,1810
1811,RNF43_HUMAN,,,,Q68DV7,1811
1812,NPBW1_HUMAN,,,,P48145,1812
1813,NPBW2_HUMAN,,,,P48146,1813
1814,GP101_HUMAN,,,,Q96P66,1814
1815,IRPL2_HUMAN,,,,Q9NP60,1815
1816,CD63_HUMAN,,,,P08962,1816
1817,LAMP2_HUMAN,,,,P13473,1817
1818,CML1_HUMAN,,,,Q99788,1818
1819,GFRAL_HUMAN,,,,Q6UXV0,1819
1820,CAD11_HUMAN,,,,P55287,1820
1821,I22R2_HUMAN,,,,Q969J5,1821
1822,IL21R_HUMAN,,,,Q9HBE5,1822
1823,I17RB_HUMAN,,,,Q9NRM6,1823
1824,CLC14_HUMAN,,,,Q86T13,1824
1825,GPR25_HUMAN,,,,O00155,1825
1826,OR1G1_HUMAN,,,,P47890,1826
1827,I17RE_HUMAN,,,,Q8NFR9,1827
1828,GPR39_HUMAN,,,,O43194,1828
1829,TA2R_HUMAN,,,,P21731,1829
1830,PE2R3_HUMAN,,,,P43115,1830
1831,PI2R_HUMAN,,,,P43119,1831
1832,GP171_HUMAN,,,,O14626,1832
1833,CD27_HUMAN,,,,P26842,1833
1834,ACKR2_HUMAN,,,,O00590,1834
1835,DPP4_HUMAN,,,,P27487,1835
1836,KLRF1_HUMAN,,,,Q9NZS2,1836
1837,KLRF2_HUMAN,,,,D3W0D1,1837
1838,CXCR6_HUMAN,,,,O00574,1838
1839,TR10C_HUMAN,,,,O14798,1839
1840,CALCR_HUMAN,,,,P30988,1840
1841,C3AR_HUMAN,,,,Q16581,1841
1842,TNR4_HUMAN,,,,P43489,1842
1843,PITM3_HUMAN,,,,Q9BZ71,1843
1844,CD9_HUMAN,,,,P21926,1844
1845,LMBRL_HUMAN,,,,Q6UX01,1845
1846,STX3_HUMAN,,,,Q13277,1846
1847,STX4_HUMAN,,,,Q12846,1847
1848,STX1A_HUMAN,,,,Q16623,1848
1849,SIG10_HUMAN,,,,Q96LC7,1849
1850,GNRHR_HUMAN,,,,P30968,1850
1851,HHIP_HUMAN,,,,Q96QV1,1851
1852,GAS1_HUMAN,,,,P54826,1852
1853,C5AR2_HUMAN,,,,Q9P296,1853
1854,CML2_HUMAN,,,,P46091,1854
1855,OPRD_HUMAN,,,,P41143,1855
1856,GPR37_HUMAN,,,,O15354,1856
1857,G37L1_HUMAN,,,,O60883,1857
1858,NK1R_HUMAN,,,,P25103,1858
1859,NK3R_HUMAN,,,,P29371,1859
1860,PLD2_HUMAN,,,,O14939,1860
1861,ZNRF3_HUMAN,,,,Q9ULT6,1861
1862,NCTR2_HUMAN,,,,O95944,1862
1863,SCN5A_HUMAN,,,,Q14524,1863
1864,SCN8A_HUMAN,,,,Q9UQD0,1864
1865,SDC4_HUMAN,,,,P31431,1865
1866,LIGO1_HUMAN,,,,Q96FE5,1866
1867,ADCY1_HUMAN,,,,Q08828,1867
1868,AMFR_HUMAN,,,,Q9UKV5,1868
1869,SORL_HUMAN,,,,Q92673,1869
1870,KELL_HUMAN,,,,P23276,1870
1871,ATRN_HUMAN,,,,O75882,1871
1872,DIP2A_HUMAN,,,,Q14689,1872
1873,PD2R_HUMAN,,,,Q13258,1873
1874,CAV1_HUMAN,,,,Q03135,1874
1875,SORT_HUMAN,,,,Q99523,1875
1876,ACM3_HUMAN,,,,P20309,1876
1877,EGLN_HUMAN,,,,P17813,1877
1878,ST14_HUMAN,,,,Q9Y5Y6,1878
1879,RHBL2_HUMAN,,,,Q9NX52,1879
1880,FCGR1_HUMAN,,,,P12314,1880
1881,CD19_HUMAN,,,,P15391,1881
1882,ACHA7_HUMAN,,,,P36544,1882
1883,R4RL1_HUMAN,,,,Q86UN2,1883
1884,CD151_HUMAN,,,,P48509,1884
1885,RGMC_HUMAN,,,,Q6ZVN8,1885
1886,MARCO_HUMAN,,,,Q9UEW3,1886
1887,KCJ15_HUMAN,,,,Q99712,1887
1888,KCJ10_HUMAN,,,,P78508,1888
1889,HMMR_HUMAN,,,,O75330,1889
1890,HDBP1_HUMAN,,,,Q8IV16,1890
1891,AA1R_HUMAN,,,,P30542,1891
1892,ADA2B_HUMAN,,,,P18089,1892
1893,CNR1_HUMAN,,,,P21554,1893
1894,TNR19_HUMAN,,,,Q9NS68,1894
1895,PLS4_HUMAN,,,,Q9NRQ2,1895
1896,AGRG1_HUMAN,,,,Q9Y653,1896
1897,SORC3_HUMAN,,,,Q9UPU3,1897
1898,STRA6_HUMAN,,,,Q9BX79,1898
1899,DYSF_HUMAN,,,,O75923,1899
1900,AT1A3_HUMAN,,,,P13637,1900
1901,TLR5_HUMAN,,,,O60602,1901
1902,MKS3_HUMAN,,,,Q5HYA8,1902
1903,CFTR_HUMAN,,,,P13569,1903
1904,SEPR_HUMAN,,,,Q12884,1904
1905,PLRKT_HUMAN,,,,Q9HBL7,1905
1906,CD82_HUMAN,,,,P27701,1906
1907,MMP24_HUMAN,,,,Q9Y5R2,1907
1908,CALX_HUMAN,,,,P27824,1908
1909,NAR1_HUMAN,,,,P52961,1909
1910,GUC2D_HUMAN,,,,Q02846,1910
1911,S40A1_HUMAN,,,,Q9NP59,1911
1912,NMDE4_HUMAN,,,,O15399,1912
1913,5HT2C_HUMAN,,,,P28335,1913
1914,PLA2R_HUMAN,,,,Q13018,1914
1915,PCD16_HUMAN,,,,Q96JQ0,1915
1916,GPIX_HUMAN,,,,P14770,1916
1917,P2Y12_HUMAN,,,,Q9H244,1917
1918,PD2R2_HUMAN,,,,Q9Y5Y4,1918
1919,BEX3_HUMAN,,,,Q00994,1919
1920,ABCA1_HUMAN,,,,O95477,1920
1921,PHEX_HUMAN,,,,P78562,1921
1922,R4RL2_HUMAN,,,,Q86UN3,1922
1923,ENOA_HUMAN,,,,P06733,1923
1924,MOT1_HUMAN,,,,P53985,1924
1925,MOT2_HUMAN,,,,O60669,1925
1926,PRTG_HUMAN,,,,Q2VWP7,1926
1927,CRLF3_HUMAN,,,,Q8IUI8,1927
1928,CFC1B_HUMAN,,,,P0CG36,1928
1929,ADA22_HUMAN,,,,Q9P0K1,1929
1930,FLOT1_HUMAN,,,,O75955,1930
1931,LRP11_HUMAN,,,,Q86VZ4,1931
1932,CD180_HUMAN,,,,Q99467,1932
1933,AGR2_HUMAN,,,,O95994,1933
1934,JMJD6_HUMAN,,,,Q6NYC1,1934
1935,S1PR2_HUMAN,,,,O95136,1935
1936,PLDX1_HUMAN,,,,Q8IUK5,1936
1937,ANDR_HUMAN,,,,P10275,1937
1938,PLS1_HUMAN,,,,O15162,1938
1939,ATPB_HUMAN,,,,P06576,1939
1940,TRPC3_HUMAN,,,,Q13507,1940
1941,TRPV6_HUMAN,,,,Q9H1D0,1941
1942,TRADD_HUMAN,,,,Q15628,1942
1943,SMAD3_HUMAN,,,,P84022,1943
1944,MYLK_HUMAN,,,,Q15746,1944
1945,MYLK2_HUMAN,,,,Q9H1R3,1945
1946,PDE1A_HUMAN,,,,P54750,1946
1947,PDE1B_HUMAN,,,,Q01064,1947
1948,PDE1C_HUMAN,,,,Q14123,1948
1949,C1QBP_HUMAN,,,,Q07021,1949
1950,5HT6R_HUMAN,,,,P50406,1950
1951,MTP_HUMAN,,,,P55157,1951
1952,AA2AR_HUMAN,,,,P29274,1952
1953,GABR2_HUMAN,,,,O75899,1953
1954,RIPK1_HUMAN,,,,Q13546,1954
1955,RYR2_HUMAN,,,,Q92736,1955
1956,TRAF2_HUMAN,,,,Q12933,1956
1957,IFM1_HUMAN,,,,P13164,1957
1958,5HT7R_HUMAN,,,,P34969,1958
1959,5HT1A_HUMAN,,,,P08908,1959
1960,5HT1F_HUMAN,,,,P30939,1960
1961,5HT1D_HUMAN,,,,P28221,1961
1962,5HT1B_HUMAN,,,,P28222,1962
1963,5HT2A_HUMAN,,,,P28223,1963
1964,5HT2B_HUMAN,,,,P41595,1964
1965,5HT5A_HUMAN,,,,P47898,1965
1966,5HT1E_HUMAN,,,,P28566,1966
1967,MCFD2_HUMAN,,,,Q8NI22,1967
1968,ACHA4_HUMAN,,,,P43681,1968
1969,RXRA_HUMAN,,,,P19793,1969
1970,GPNMB_HUMAN,,,,Q14956,1970
1971,TSN5_HUMAN,,,,P62079,1971
1972,TSN14_HUMAN,,,,Q8NG11,1972
1973,VANG2_HUMAN,,,,Q9ULK5,1973
1974,NPTXR_HUMAN,,,,O95502,1974
1975,HRH2_HUMAN,,,,P25021,1975
1976,HRH3_HUMAN,,,,Q9Y5N1,1976
1977,KCNQ3_HUMAN,,,,O43525,1977
1978,KCNQ5_HUMAN,,,,Q9NR82,1978
1979,ADCY8_HUMAN,,,,P40145,1979
1980,SCNAA_HUMAN,,,,Q9Y5Y9,1980
1981,PLPP6_HUMAN,,,,Q8IY26,1981
1982,AQP6_HUMAN,,,,Q13520,1982
1983,AQP1_HUMAN,,,,P29972,1983
1984,SCN4A_HUMAN,,,,P35499,1984
1985,KCNJ4_HUMAN,,,,P48050,1985
1986,I18BP_HUMAN,,,,O95998,1986
1987,CCBE1_HUMAN,,,,Q6UXH8,1987
1988,AQP5_HUMAN,,,,P55064,1988
1989,ESR1_HUMAN,,,,P03372,1989
1990,MUC6_HUMAN,,,,Q6W4X9,1990
1991,MUC5A_HUMAN,,,,P98088,1991
1992,TRPM3_HUMAN,,,,Q9HCF6,1992
1993,RYR1_HUMAN,,,,P21817,1993
1994,P2RX7_HUMAN,,,,Q99572,1994
1995,NRSN1_HUMAN,,,,Q8IZ57,1995
1996,PLD1_HUMAN,,,,Q13393,1996
1997,SMAP1_HUMAN,,,,Q8IYB5,1997
1998,TLR7_HUMAN,,,,Q9NYK1,1998
1999,NMDE2_HUMAN,,,,Q13224,1999
2000,NMDE1_HUMAN,,,,Q12879,2000
2001,S1PR5_HUMAN,,,,Q9H228,2001
2002,S1PR3_HUMAN,,,,Q99500,2002
2003,PTPRU_HUMAN,,,,Q92729,2003
2004,DRD2_HUMAN,,,,P14416,2004
2005,ADCY7_HUMAN,,,,P51828,2005
2006,RACK1_HUMAN,,,,P63244,2006
2007,KLRG2_HUMAN,,,,A4D1S0,2007
2008,JUNO_HUMAN,,,,A6ND01,2008
2009,CXB2_HUMAN,,,,P29033,2009
2010,TMED5_HUMAN,,,,Q9Y3A6,2010
2011,RHAG_HUMAN,,,,Q02094,2011
2012,GRM3_HUMAN,,,,Q14832,2012
2013,GRM4_HUMAN,,,,Q14833,2013
2014,PTPRA_HUMAN,,,,P18433,2014
2015,FCERA_HUMAN,,,,P12319,2015
2016,TRPV1_HUMAN,,,,Q8NER1,2016
2017,MAGD1_HUMAN,,,,Q9Y5V3,2017
2018,TRAF3_HUMAN,,,,Q13114,2018
2019,CLD4_HUMAN,,,,O14493,2019
2020,AAAT_HUMAN,,,,Q15758,2020
2021,PDCD2_HUMAN,,,,Q16342,2021
2022,CLM1_HUMAN,,,,Q8TDQ1,2022
2023,MFRP_HUMAN,,,,Q9BY79,2023
2024,KCNQ1_HUMAN,,,,P51787,2024
2025,GLRA2_HUMAN,,,,P23416,2025
2026,S1PR4_HUMAN,,,,O95977,2026
2027,CLC10_HUMAN,,,,Q8IUN9,2027
2028,KDIS_HUMAN,,,,Q9ULH0,2028
2029,MIP_HUMAN,,,,P30301,2029
2030,MGRN1_HUMAN,,,,O60291,2030
2031,TRPC5_HUMAN,,,,Q9UL62,2031
2032,KCNN4_HUMAN,,,,O15554,2032
2033,A1BG_HUMAN,,,,P04217,2033
2034,AMPE_HUMAN,,,,Q07075,2034
2035,CAC1C_HUMAN,,,,Q13936,2035
2036,LY96_HUMAN,,,,Q9Y6Y9,2036
2037,GPC2_HUMAN,,,,Q8N158,2037
2038,ADCY9_HUMAN,,,,O60503,2038
2039,ERAP1_HUMAN,,,,Q9NZ08,2039
2040,ACM1_HUMAN,,,,P11229,2040
2041,CTSR1_HUMAN,,,,Q8NEC5,2041
2042,GPC6A_HUMAN,,,,Q5T6X5,2042
2043,GTR2_HUMAN,,,,P11168,2043
2044,CNGA2_HUMAN,,,,Q16280,2044
2045,M4A4A_HUMAN,,,,Q96JQ5,2045
2046,G6PT2_HUMAN,,,,P57057,2046
2047,CL12A_HUMAN,,,,Q5QGZ9,2047
2048,PIGR_HUMAN,,,,P01833,2048
2049,TECTB_HUMAN,,,,Q96PL2,2049
2050,S4A11_HUMAN,,,,Q8NBS3,2050
2051,TECTA_HUMAN,,,,O75443,2051
2052,TRPM2_HUMAN,,,,O94759,2052
2053,FCGRN_HUMAN,,,,P55899,2053
2054,KCNA3_HUMAN,,,,P22001,2054
2055,KCND2_HUMAN,,,,Q9NZV8,2055
2056,MOT8_HUMAN,,,,P36021,2056
2057,KCND1_HUMAN,,,,Q9NSA2,2057
2058,NMDE3_HUMAN,,,,Q14957,2058
2059,CAP1_HUMAN,,,,Q01518,2059
2060,NUCL_HUMAN,,,,P19338,2060
2061,ACHB2_HUMAN,,,,P17787,2061
2062,ACHB4_HUMAN,,,,P30926,2062
2063,ACHA9_HUMAN,,,,Q9UGM1,2063
2064,ACH10_HUMAN,,,,Q9GZZ6,2064
2065,FXYD6_HUMAN,,,,Q9H0Q3,2065
2066,ORAI2_HUMAN,,,,Q96SN7,2066
2067,CELR1_HUMAN,,,,Q9NYQ6,2067
2068,CAD10_HUMAN,,,,Q9Y6N8,2068
2069,TRML2_HUMAN,,,,Q5T2D2,2069
2070,IGDC4_HUMAN,,,,Q8TDY8,2070
2071,ILDR1_HUMAN,,,,Q86SU0,2071
2072,BT3A3_HUMAN,,,,O00478,2072
2073,CD1C_HUMAN,,,,P29017,2073
2074,ISLR2_HUMAN,,,,Q6UXK2,2074
2075,MOG_HUMAN,,,,Q16653,2075
2076,SCN2B_HUMAN,,,,O60939,2076
2077,AGRA2_HUMAN,,,,Q96PE1,2077
2078,CEA19_HUMAN,,,,Q7Z692,2078
2079,GREM2_HUMAN,,,,Q9H772,2079
2080,SIGL6_HUMAN,,,,O43699,2080
2081,TARM1_HUMAN,,,,B6A8C7,2081
2082,ADRB1_HUMAN,,,,P08588,2082
2083,GPV_HUMAN,,,,P40197,2083
2084,DCLK3_HUMAN,,,,Q9C098,2084
2085,FCRL1_HUMAN,,,,Q96LA6,2085
2086,FCAMR_HUMAN,,,,Q8WWV6,2086
2087,G6B_HUMAN,,,,O95866,2087
2088,IGDC3_HUMAN,,,,Q8IVU1,2088
2089,MFA3L_HUMAN,,,,O75121,2089
2090,BT3A2_HUMAN,,,,P78410,2090
2091,STAB1_HUMAN,,,,Q9NY15,2091
2092,CNTN5_HUMAN,,,,O94779,2092
2093,LRRN3_HUMAN,,,,Q9H3W5,2093
2094,SLAF9_HUMAN,,,,Q96A28,2094
2095,LPP_HUMAN,,,,Q93052,2095
2096,SIGL7_HUMAN,,,,Q9Y286,2096
2097,AMPQ_HUMAN,,,,Q6Q4G3,2097
2098,VS10L_HUMAN,,,,Q86VR7,2098
2099,SIGL8_HUMAN,,,,Q9NYZ4,2099
2100,MILR1_HUMAN,,,,Q7Z6M3,2100
2101,MRAP_HUMAN,,,,Q8TCY5,2101
2102,SDK2_HUMAN,,,,Q58EX2,2102
2103,CLC4A_HUMAN,,,,Q9UMR7,2103
2104,TMIG3_HUMAN,,,,P0DMS9,2104
2105,VTCN1_HUMAN,,,,Q7Z7D3,2105
2106,TMPS6_HUMAN,,,,Q8IU80,2106
2107,AGRB2_HUMAN,,,,O60241,2107
2108,AGRL2_HUMAN,,,,O95490,2108
2109,CNTP2_HUMAN,,,,Q9UHC6,2109
2110,TM222_HUMAN,,,,Q9H0R3,2110
2111,ERG28_HUMAN,,,,Q9UKR5,2111
2112,CADM4_HUMAN,,,,Q8NFZ8,2112
2113,E41L1_HUMAN,,,,Q9H4G0,2113
2114,AGRG6_HUMAN,,,,Q86SQ4,2114
2115,EZRI_HUMAN,,,,P15311,2115
2116,ACM2_HUMAN,,,,P08172,2116
2117,ACM4_HUMAN,,,,P08173,2117
2118,ACM5_HUMAN,,,,P08912,2118
2119,ACHA_HUMAN,,,,P02708,2119
2120,ACHA2_HUMAN,,,,Q15822,2120
2121,ACHB3_HUMAN,,,,Q05901,2121
2122,ACHA5_HUMAN,,,,P30532,2122
2123,ACHA6_HUMAN,,,,Q15825,2123
2124,ADA1A_HUMAN,,,,P35348,2124
2125,ADA1B_HUMAN,,,,P35368,2125
2126,ADA1D_HUMAN,,,,P25100,2126
2127,ADA2C_HUMAN,,,,P18825,2127
2128,GPER1_HUMAN,,,,Q99527,2128
2129,GCR_HUMAN,,,,P04150,2129
2130,MCR_HUMAN,,,,P08235,2130
2131,NR1H4_HUMAN,,,,Q96RI1,2131
2132,VDR_HUMAN,,,,P11473,2132
2133,ESR2_HUMAN,,,,Q92731,2133
2134,NR1I2_HUMAN,,,,O75469,2134
2135,AMNLS_HUMAN,,,,Q9BXJ7,2135
2136,APOBR_HUMAN,,,,Q0VD83,2136
2137,GPR55_HUMAN,,,,Q9Y2T6,2137
2138,RORA_HUMAN,,,,P35398,2138
2139,RORG_HUMAN,,,,P51449,2139
2140,NR1H2_HUMAN,,,,P55055,2140
2141,NR1H3_HUMAN,,,,Q13133,2141
2142,ACHB_HUMAN,,,,P11230,2142
2143,ACHD_HUMAN,,,,Q07001,2143
2144,ACHE_HUMAN,,,,Q04844,2144
2145,ACHG_HUMAN,,,,P07510,2145
2146,GPR15_HUMAN,,,,P49685,2146
2147,SUSD2_HUMAN,,,,Q9UGT4,2147
2148,AGRB3_HUMAN,,,,O60242,2148
2149,PPARA_HUMAN,,,,Q07869,2149
2150,PPARD_HUMAN,,,,Q03181,2150
2151,PPARG_HUMAN,,,,P37231,2151
2152,PRGR_HUMAN,,,,P06401,2152
2153,GP143_HUMAN,,,,P51810,2153
2154,AGRL3_HUMAN,,,,Q9HAR2,2154
2155,GABR1_HUMAN,,,,Q9UBS5,2155
2156,GBRA1_HUMAN,,,,P14867,2156
2157,GBRB2_HUMAN,,,,P47870,2157
2158,GBRD_HUMAN,,,,O14764,2158
2159,GBRG2_HUMAN,,,,P18507,2159
2160,GBRB3_HUMAN,,,,P28472,2160
2161,GBRA2_HUMAN,,,,P47869,2161
2162,GBRA3_HUMAN,,,,P34903,2162
2163,GBRE_HUMAN,,,,P78334,2163
2164,GBRT_HUMAN,,,,Q9UN88,2164
2165,GBRA4_HUMAN,,,,P48169,2165
2166,GBRA5_HUMAN,,,,P31644,2166
2167,GBRA6_HUMAN,,,,Q16445,2167
2168,BCR_HUMAN,,,,P11274,2168
2169,GRIA1_HUMAN,,,,P42261,2169
2170,GRIA2_HUMAN,,,,P42262,2170
2171,GRIA3_HUMAN,,,,P42263,2171
2172,GRIA4_HUMAN,,,,P48058,2172
2173,GRIK1_HUMAN,,,,P39086,2173
2174,GRIK4_HUMAN,,,,Q16099,2174
2175,GRIK5_HUMAN,,,,Q16478,2175
2176,GRIK2_HUMAN,,,,Q13002,2176
2177,GRIK3_HUMAN,,,,Q13003,2177
2178,NMDZ1_HUMAN,,,,Q05586,2178
2179,GRM2_HUMAN,,,,Q14416,2179
2180,GRM6_HUMAN,,,,O15303,2180
2181,GRM8_HUMAN,,,,O00222,2181
2182,GLRA1_HUMAN,,,,P23415,2182
2183,GLRB_HUMAN,,,,P48167,2183
2184,CLTR1_HUMAN,,,,Q9Y271,2184
2185,CLTR2_HUMAN,,,,Q9NS75,2185
2186,GPR17_HUMAN,,,,Q13304,2186
2187,LT4R1_HUMAN,,,,Q15722,2187
2188,LT4R2_HUMAN,,,,Q9NPC1,2188
2189,OXER1_HUMAN,,,,Q8TDS5,2189
2190,CTSRB_HUMAN,,,,Q9H7T0,2190
2191,CTSRD_HUMAN,,,,Q86XM0,2191
2192,CTSR2_HUMAN,,,,Q96P56,2192
2193,CTSR3_HUMAN,,,,Q86XQ3,2193
2194,CTSR4_HUMAN,,,,Q7RTX7,2194
2195,PF2R_HUMAN,,,,P43088,2195
2196,PE2R1_HUMAN,,,,P34995,2196
2197,RABP2_HUMAN,,,,P29373,2197
2198,RARA_HUMAN,,,,P10276,2198
2199,RARB_HUMAN,,,,P10826,2199
2200,RXRB_HUMAN,,,,P28702,2200
2201,RARG_HUMAN,,,,P13631,2201
2202,RXRG_HUMAN,,,,P48443,2202
2203,RORB_HUMAN,,,,Q92753,2203
2204,5HT3A_HUMAN,,,,P46098,2204
2205,5HT3B_HUMAN,,,,O95264,2205
2206,5HT3C_HUMAN,,,,Q8WXA8,2206
2207,5HT3D_HUMAN,,,,Q70Z44,2207
2208,5HT3E_HUMAN,,,,A5X5Y0,2208
2209,DRD1_HUMAN,,,,P21728,2209
2210,DRD3_HUMAN,,,,P35462,2210
2211,DRD5_HUMAN,,,,P21918,2211
2212,TAAR1_HUMAN,,,,Q96RJ0,2212
2213,THA_HUMAN,,,,P10827,2213
2214,THB_HUMAN,,,,P10828,2214
2215,SFRP3_HUMAN,,,,Q92765,2215
2216,SFRP4_HUMAN,,,,Q6FHJ7,2216
2217,SFRP5_HUMAN,,,,Q5T4F7,2217
2218,GRID2_HUMAN,,,,O43424,2218
2219,SIRB1_HUMAN,,,,O00241,2219
2220,S22AH_HUMAN,,,,Q8WUG5,2220
2221,TLR8_HUMAN,,,,Q9NR97,2221
2222,KI2LA_HUMAN,,,,Q8N109,2222
2223,SV2A_HUMAN,,,,Q7L0J3,2223
2224,SV2B_HUMAN,,,,Q7L1I2,2224
2225,SV2C_HUMAN,,,,Q496J9,2225
2226,MMP14_HUMAN,,,,P50281,2226
