id_protein,protein_name,tags,tags_reason,tags_description,uniprot,protein_multidata_id
0,TNFA_HUMAN,,,,P01375,0
1,VIP_HUMAN,,,,P01282,1
2,OREX_HUMAN,,,,O43612,2
3,NEU2_HUMAN,,,,P01185,3
4,IL8_HUMAN,,,,P10145,4
5,CCL5_HUMAN,,,,P13501,5
6,CCL11_HUMAN,,,,P51671,6
7,HGF_HUMAN,,,,P14210,7
8,SMS_HUMAN,,,,P61278,8
9,CCL2_HUMAN,,,,P13500,9
10,EPO_HUMAN,,,,P01588,10
11,NGF_HUMAN,,,,P01138,11
12,HLAC_HUMAN,,,,P10321,12
13,TNF10_HUMAN,,,,P50591,13
14,CRF_HUMAN,,,,P06850,14
15,GALA_HUMAN,,,,P22466,15
16,SDF1_HUMAN,,,,P48061,16
17,CCKN_HUMAN,,,,P06307,17
18,CCL3_HUMAN,,,,P10147,18
19,ANGP1_HUMAN,,,,Q15389,19
20,CD70_HUMAN,,,,P32970,20
21,FGF1_HUMAN,,,,P05230,21
22,VEGFA_HUMAN,,,,P15692,22
23,NEU1_HUMAN,,,,P01178,23
24,PRL_HUMAN,,,,P01236,24
25,TKN1_HUMAN,,,,P20366,25
26,TNFL6_HUMAN,,,,P48023,26
27,JAG1_HUMAN,,,,P78504,27
28,PNOC_HUMAN,,,,Q13519,28
29,GAS6_HUMAN,,,,Q14393,29
30,GHRL_HUMAN,,,,Q9UBU3,30
31,CCL4_HUMAN,,,,P13236,31
32,NEUT_HUMAN,,,,P30990,32
33,CCL1_HUMAN,,,,P22362,33
34,SCF_HUMAN,,,,P21583,34
35,INS_HUMAN,,,,P01308,35
36,CXL10_HUMAN,,,,P02778,36
37,EFNA1_HUMAN,,,,P20827,37
38,PACA_HUMAN,,,,P18509,38
39,CALC_HUMAN,,,,P01258,39
40,IGF1_HUMAN,,,,P05019,40
41,CCL20_HUMAN,,,,P78556,41
42,CCL7_HUMAN,,,,P80098,42
43,EDN3_HUMAN,,,,P14138,43
44,X3CL1_HUMAN,,,,P78423,44
45,CXCL9_HUMAN,,,,Q07325,45
46,TKNK_HUMAN,,,,Q9UHF0,46
47,FADD_HUMAN,,,,Q13158,47
48,FGF2_HUMAN,,,,P09038,48
49,GROA_HUMAN,,,,P09341,49
50,BDNF_HUMAN,,,,P23560,50
51,GON1_HUMAN,,,,P01148,51
52,CO5_HUMAN,,,,P01031,52
53,TNF14_HUMAN,,,,O43557,53
54,CORT_HUMAN,,,,O00230,54
55,SOMA_HUMAN,,,,P01241,55
56,NMB_HUMAN,,,,P08949,56
57,ANGP2_HUMAN,,,,O15123,57
58,NMU_HUMAN,,,,P48645,58
59,CCL19_HUMAN,,,,Q99731,59
60,PDYN_HUMAN,,,,P01213,60
61,NPY_HUMAN,,,,P01303,61
62,MOTI_HUMAN,,,,P12872,62
63,EFNA5_HUMAN,,,,P52803,63
64,AGRP_HUMAN,,,,O00253,64
65,APEL_HUMAN,,,,Q9ULZ1,65
66,CXL11_HUMAN,,,,O14625,66
67,DKK1_HUMAN,,,,O94907,67
68,UTS2_HUMAN,,,,O95399,68
69,TRFE_HUMAN,,,,P02787,69
70,MCH_HUMAN,,,,P20382,70
71,NTF3_HUMAN,,,,P20783,71
72,RARR2_HUMAN,,,,Q99969,72
73,SELPL_HUMAN,,,,Q14242,73
74,DLL4_HUMAN,,,,Q9NR61,74
75,CCL24_HUMAN,,,,O00175,75
76,FLT3L_HUMAN,,,,P49771,76
77,PDGFC_HUMAN,,,,Q9NRA1,77
78,CCL21_HUMAN,,,,O00585,78
79,IGF2_HUMAN,,,,P01344,79
80,GIP_HUMAN,,,,P09681,80
81,FGF7_HUMAN,,,,P21781,81
82,UCN1_HUMAN,,,,P55089,82
83,TNF18_HUMAN,,,,Q9UNG2,83
84,COLI_HUMAN,,,,P01189,84
85,NPFF_HUMAN,,,,O15130,85
86,ANGT_HUMAN,,,,P01019,86
87,PDGFA_HUMAN,,,,P04085,87
88,HGFL_HUMAN,,,,P26927,88
89,LEP_HUMAN,,,,P41159,89
90,TNF11_HUMAN,,,,O14788,90
91,CD40L_HUMAN,,,,P29965,91
92,GLUC_HUMAN,,,,P01275,92
93,GRP_HUMAN,,,,P07492,93
94,TN13B_HUMAN,,,,Q9Y275,94
95,CCL25_HUMAN,,,,O15444,95
96,TNFB_HUMAN,,,,P01374,96
97,CXCL6_HUMAN,,,,P80162,97
98,KISS1_HUMAN,,,,Q15726,98
99,TNF12_HUMAN,,,,O43508,99
100,EFNB1_HUMAN,,,,P98172,100
101,CCL22_HUMAN,,,,O00626,101
102,FGF10_HUMAN,,,,O15520,102
103,CCL8_HUMAN,,,,P80075,103
104,CCL27_HUMAN,,,,Q9Y4X3,104
105,CXL16_HUMAN,,,,Q9H2A7,105
106,UROK_HUMAN,,,,P00749,106
107,THRB_HUMAN,,,,P00734,107
108,JAG2_HUMAN,,,,Q9Y219,108
109,EDN1_HUMAN,,,,P05305,109
110,TPO_HUMAN,,,,P40225,110
111,XCL1_HUMAN,,,,P47992,111
112,CCL14_HUMAN,,,,Q16627,112
113,CCL17_HUMAN,,,,Q92583,113
114,DLL1_HUMAN,,,,O00548,114
115,EDA_HUMAN,,,,Q92838,115
116,CXL13_HUMAN,,,,O43927,116
117,NET1_HUMAN,,,,O95631,117
118,SECR_HUMAN,,,,P09683,118
119,CXCL2_HUMAN,,,,P19875,119
120,INSL3_HUMAN,,,,P51460,120
121,CCL26_HUMAN,,,,Q9Y258,121
122,EFNB2_HUMAN,,,,P52799,122
123,PROK1_HUMAN,,,,P58294,123
124,CCL13_HUMAN,,,,Q99616,124
125,SEM4D_HUMAN,,,,Q92854,125
126,PAHO_HUMAN,,,,P01298,126
127,PTHR_HUMAN,,,,P12272,127
128,NTF4_HUMAN,,,,P34130,128
129,TNFL4_HUMAN,,,,P23510,129
130,ANF_HUMAN,,,,P01160,130
131,CCL23_HUMAN,,,,P55773,131
132,REL3_HUMAN,,,,Q8WXF3,132
133,UCN2_HUMAN,,,,Q96RP3,133
134,TNFL8_HUMAN,,,,P32971,134
135,GLHA_HUMAN,,,,P01215,135
136,TSHB_HUMAN,,,,P01222,136
137,CXCL7_HUMAN,,,,P02775,137
138,REL2_HUMAN,,,,P04090,138
139,FGF9_HUMAN,,,,P31371,139
140,PRRP_HUMAN,,,,P81277,140
141,OX26_HUMAN,,,,P83859,141
142,GUC2A_HUMAN,,,,Q02747,142
143,PROK2_HUMAN,,,,Q9HC23,143
144,INSL5_HUMAN,,,,Q9Y5Q6,144
145,SEM7A_HUMAN,,,,O75326,145
146,TNFL9_HUMAN,,,,P41273,146
147,RELN_HUMAN,,,,P78509,147
148,KNG1_HUMAN,,,,P01042,148
149,PTN_HUMAN,,,,P21246,149
150,CO3_HUMAN,,,,P01024,150
151,TSP1_HUMAN,,,,P07996,151
152,EFNA4_HUMAN,,,,P52798,152
153,EFNB3_HUMAN,,,,Q15768,153
154,CSF3_HUMAN,,,,P09919,154
155,TGFB2_HUMAN,,,,P61812,155
156,TNF13_HUMAN,,,,O75888,156
157,ANXA1_HUMAN,,,,P04083,157
158,FSHB_HUMAN,,,,P01225,158
159,OSTP_HUMAN,,,,P10451,159
160,FGF3_HUMAN,,,,P11487,160
161,EDN2_HUMAN,,,,P20800,161
162,CXCL5_HUMAN,,,,P42830,162
163,FGF8_HUMAN,,,,P55075,163
164,NPVF_HUMAN,,,,Q9HCQ7,164
165,FA7_HUMAN,,,,P08709,165
166,HLAG_HUMAN,,,,P17693,166
167,FGF19_HUMAN,,,,O95750,167
168,TGFB1_HUMAN,,,,P01137,168
169,LSHB_HUMAN,,,,P01229,169
170,CL3L1_HUMAN,,,,P16619,170
171,TRH_HUMAN,,,,P20396,171
172,ANFC_HUMAN,,,,P23582,172
173,UCN3_HUMAN,,,,Q969E3,173
174,DHH_HUMAN,,,,O43323,174
175,PYY_HUMAN,,,,P10082,175
176,CXCL3_HUMAN,,,,P19876,176
177,GALP_HUMAN,,,,Q9UBC7,177
178,EFNA2_HUMAN,,,,O43921,178
179,IAPP_HUMAN,,,,P10997,179
180,TNF15_HUMAN,,,,O95150,180
181,PTHY_HUMAN,,,,P01270,181
182,UTS2B_HUMAN,,,,Q765I0,182
183,TIP39_HUMAN,,,,Q96A98,183
184,IL22_HUMAN,,,,Q9GZX6,184
185,CCL28_HUMAN,,,,Q9NRJ3,185
186,EFNA3_HUMAN,,,,P52797,186
187,PD1L1_HUMAN,,,,Q9NZQ7,187
188,CCL16_HUMAN,,,,O15467,188
189,FGF4_HUMAN,,,,P08620,189
190,FGF5_HUMAN,,,,P12034,190
191,CD86_HUMAN,,,,P42081,191
192,SLIB_HUMAN,,,,P01286,192
193,CCL15_HUMAN,,,,Q16663,193
194,NPB_HUMAN,,,,Q8NG41,194
195,PROS_HUMAN,,,,P07225,195
196,BTLA_HUMAN,,,,Q7Z6A9,196
197,APOE_HUMAN,,,,P02649,197
198,WNT1_HUMAN,,,,P04628,198
199,IL16_HUMAN,,,,Q14005,199
200,DKK2_HUMAN,,,,Q9UBU2,200
201,ANGP4_HUMAN,,,,Q9Y264,201
202,IHH_HUMAN,,,,Q14623,202
203,CADH1_HUMAN,,,,P12830,203
204,NLGN1_HUMAN,,,,Q8N2Q7,204
205,FGF6_HUMAN,,,,P10767,205
206,ANFB_HUMAN,,,,P16860,206
207,WNT5A_HUMAN,,,,P41221,207
208,RSPO1_HUMAN,,,,Q2MKA7,208
209,NMS_HUMAN,,,,Q5H8A3,209
210,RSPO3_HUMAN,,,,Q9BXY4,210
211,TPA_HUMAN,,,,P00750,211
212,AMRP_HUMAN,,,,P30533,212
213,CD80_HUMAN,,,,P33681,213
214,PLMN_HUMAN,,,,P00747,214
215,APOB_HUMAN,,,,P04114,215
216,CSF2_HUMAN,,,,P04141,216
217,REL1_HUMAN,,,,P04808,217
218,CALCB_HUMAN,,,,P10092,218
219,GON2_HUMAN,,,,O43555,219
220,PROC_HUMAN,,,,P04070,220
221,LIPL_HUMAN,,,,P06858,221
222,ICOSL_HUMAN,,,,O75144,222
223,FGF17_HUMAN,,,,O60258,223
224,FGF18_HUMAN,,,,O76093,224
225,NPS_HUMAN,,,,P0C0P6,225
226,CCN3_HUMAN,,,,P48745,226
227,RSPO2_HUMAN,,,,Q6UXX9,227
228,XCL2_HUMAN,,,,Q9UBD3,228
229,IL17B_HUMAN,,,,Q9UHF5,229
230,ADA17_HUMAN,,,,P78536,230
231,SEM3E_HUMAN,,,,O15041,231
232,SLIT2_HUMAN,,,,O94813,232
233,VEGFB_HUMAN,,,,P49765,233
234,ADIPO_HUMAN,,,,Q15848,234
235,NPW_HUMAN,,,,Q8N729,235
236,FGF23_HUMAN,,,,Q9GZV9,236
237,CAMP_HUMAN,,,,P49913,237
238,NTNG1_HUMAN,,,,Q9Y2I2,238
239,PSN1_HUMAN,,,,P49768,239
240,HLAB_HUMAN,,,,P01889,240
241,HLAA_HUMAN,,,,P04439,241
242,NLGN3_HUMAN,,,,Q9NZ94,242
243,INHA_HUMAN,,,,P05111,243
244,PGS2_HUMAN,,,,P07585,244
245,MK_HUMAN,,,,P21741,245
246,NXPH1_HUMAN,,,,P58417,246
247,ADML_HUMAN,,,,P35318,247
248,HS90A_HUMAN,,,,P07900,248
249,DAF_HUMAN,,,,P08174,249
250,TGFB3_HUMAN,,,,P10600,250
251,DLL3_HUMAN,,,,Q9NYJ7,251
252,PENK_HUMAN,,,,P01210,252
253,GAST_HUMAN,,,,P01350,253
254,PLF4_HUMAN,,,,P02776,254
255,WNT3A_HUMAN,,,,P56704,255
256,OSTN_HUMAN,,,,P61366,256
257,SOST_HUMAN,,,,Q9BQB4,257
258,SHH_HUMAN,,,,Q15465,258
259,SAP_HUMAN,,,,P07602,259
260,G6PI_HUMAN,,,,P06744,260
261,NCAM1_HUMAN,,,,P13591,261
262,SEM4A_HUMAN,,,,Q9H3S1,262
263,CO1A1_HUMAN,,,,P02452,263
264,SAA1_HUMAN,,,,P0DJI8,264
265,PLGF_HUMAN,,,,P49763,265
266,RSPO4_HUMAN,,,,Q2I0M5,266
267,LAMA5_HUMAN,,,,O15230,267
268,NDP_HUMAN,,,,Q00604,268
269,ARF1_HUMAN,,,,P84077,269
270,RENI_HUMAN,,,,P00797,270
271,HBEGF_HUMAN,,,,Q99075,271
272,A2MG_HUMAN,,,,P01023,272
273,TLN1_HUMAN,,,,Q9Y490,273
274,DLK1_HUMAN,,,,P80370,274
275,CD47_HUMAN,,,,Q08722,275
276,SEM5A_HUMAN,,,,Q13591,276
277,LAMA2_HUMAN,,,,P24043,277
278,SLIT1_HUMAN,,,,O75093,278
279,SOM2_HUMAN,,,,P01242,279
280,CSPG2_HUMAN,,,,P13611,280
281,GUC2B_HUMAN,,,,Q16661,281
282,FGF22_HUMAN,,,,Q9HCT0,282
283,A1AT_HUMAN,,,,P01009,283
284,FINC_HUMAN,,,,P02751,284
285,DFB4A_HUMAN,,,,O15263,285
286,ANGL1_HUMAN,,,,O95841,286
287,CGB3_HUMAN,,,,P0DN86,287
288,VEGFC_HUMAN,,,,P49767,288
289,ASIP_HUMAN,,,,P42127,289
290,FA9_HUMAN,,,,P00740,290
291,RTN4_HUMAN,,,,Q9NQC3,291
292,FA8_HUMAN,,,,P00451,292
293,TKN4_HUMAN,,,,Q86UU9,293
294,CENPR_HUMAN,,,,Q13352,294
295,ICAM4_HUMAN,,,,Q14773,295
296,NR3L1_HUMAN,,,,Q68D85,296
297,EPGN_HUMAN,,,,Q6UW88,297
298,NLGN2_HUMAN,,,,Q8NFZ4,298
299,NET3_HUMAN,,,,O00634,299
300,CALR_HUMAN,,,,P27797,300
301,TIMP1_HUMAN,,,,P01033,301
302,MMP9_HUMAN,,,,P14780,302
303,ALBU_HUMAN,,,,P02768,303
304,GNAI2_HUMAN,,,,P04899,304
305,ICAM3_HUMAN,,,,P32942,305
306,ICAM5_HUMAN,,,,Q9UMF0,306
307,GDF9_HUMAN,,,,O60383,307
308,BMP10_HUMAN,,,,O95393,308
309,MMP13_HUMAN,,,,P45452,309
310,COIA1_HUMAN,,,,P39060,310
311,B2MG_HUMAN,,,,P61769,311
312,A4_HUMAN,,,,P05067,312
313,LFA3_HUMAN,,,,P19256,313
314,NECT1_HUMAN,,,,Q15223,314
315,NECT3_HUMAN,,,,Q9NQS3,315
316,AGRIN_HUMAN,,,,O00468,316
317,TSP2_HUMAN,,,,P35442,317
318,PGBM_HUMAN,,,,P98160,318
319,WNT11_HUMAN,,,,O96014,319
320,LIPH_HUMAN,,,,Q8WWY8,320
321,NTNG2_HUMAN,,,,Q96CW9,321
322,ANT3_HUMAN,,,,P01008,322
323,OMGP_HUMAN,,,,P23515,323
324,SFRP1_HUMAN,,,,Q8N474,324
325,PAI1_HUMAN,,,,P05121,325
326,TRFL_HUMAN,,,,P02788,326
327,CO3A1_HUMAN,,,,P02461,327
328,PA2GX_HUMAN,,,,O15496,328
329,MMP1_HUMAN,,,,P03956,329
330,LY86_HUMAN,,,,O95711,330
331,PD1L2_HUMAN,,,,Q9BQ51,331
332,PDXL2_HUMAN,,,,Q9NZ53,332
333,NXPH3_HUMAN,,,,O95157,333
334,SEM3F_HUMAN,,,,Q13275,334
335,IL18_HUMAN,,,,Q14116,335
336,ADM2_HUMAN,,,,Q7Z4H4,336
337,PCSK9_HUMAN,,,,Q8NBP7,337
338,RS19_HUMAN,,,,P39019,338
339,MFNG_HUMAN,,,,O00587,339
340,SHAN1_HUMAN,,,,Q9Y566,340
341,SG3A2_HUMAN,,,,Q96PL1,341
342,PGS1_HUMAN,,,,P21810,342
343,CNTF_HUMAN,,,,P26441,343
344,NGAL_HUMAN,,,,P80188,344
345,MMP12_HUMAN,,,,P39900,345
346,CUBN_HUMAN,,,,O60494,346
347,TDGF1_HUMAN,,,,P13385,347
348,ADAM9_HUMAN,,,,Q13443,348
349,SEM4C_HUMAN,,,,Q9C0C4,349
350,SEM6A_HUMAN,,,,Q9H2E6,350
351,CO1A2_HUMAN,,,,P08123,351
352,TENA_HUMAN,,,,P24821,352
353,LAMA3_HUMAN,,,,Q16787,353
354,FGF16_HUMAN,,,,O43320,354
355,EGF_HUMAN,,,,P01133,355
356,CSH1_HUMAN,,,,P0DML2,356
357,KALM_HUMAN,,,,P23352,357
358,IGFL3_HUMAN,,,,Q6UXB1,358
359,RGMA_HUMAN,,,,Q96B86,359
360,C1QT1_HUMAN,,,,Q9BXJ1,360
361,NET4_HUMAN,,,,Q9HB63,361
362,FGF13_HUMAN,,,,Q92913,362
363,TFPI1_HUMAN,,,,P10646,363
364,SG3A1_HUMAN,,,,Q96QR1,364
365,PRND_HUMAN,,,,Q9UKY0,365
366,HYAS2_HUMAN,,,,Q92819,366
367,CD24_HUMAN,,,,P25063,367
368,FAT4_HUMAN,,,,Q6V0I7,368
369,GSTP1_HUMAN,,,,P09211,369
370,CD48_HUMAN,,,,P09326,370
371,L1CAM_HUMAN,,,,P32004,371
372,OX2G_HUMAN,,,,P41217,372
373,GDF5_HUMAN,,,,P43026,373
374,ADA15_HUMAN,,,,Q13444,374
375,CD166_HUMAN,,,,Q13740,375
376,SEM4G_HUMAN,,,,Q9NTN9,376
377,VTNC_HUMAN,,,,P04004,377
378,CCN1_HUMAN,,,,O00622,378
379,APOD_HUMAN,,,,P05090,379
380,PIP_HUMAN,,,,P12273,380
381,NID1_HUMAN,,,,P14543,381
382,CCN2_HUMAN,,,,P29279,382
383,WNT3_HUMAN,,,,P56703,383
384,GPHA2_HUMAN,,,,Q96T91,384
385,FGF20_HUMAN,,,,Q9NP95,385
386,CLCF1_HUMAN,,,,Q9UBD9,386
387,AFAD_HUMAN,,,,P55196,387
388,TIMP2_HUMAN,,,,P16035,388
389,LIPC_HUMAN,,,,P11150,389
390,IC1_HUMAN,,,,P05155,390
391,LIN7C_HUMAN,,,,Q9NUP9,391
392,CO4A_HUMAN,,,,P0C0L4,392
393,BMP2_HUMAN,,,,P12643,393
394,CALM1_HUMAN,,,,P0DP23,394
395,FA12_HUMAN,,,,P00748,395
396,Q96HY3_HUMAN,,,,Q96HY3,396
397,TGFA_HUMAN,,,,P01135,397
398,ACE_HUMAN,,,,P12821,398
399,NECT2_HUMAN,,,,Q92692,399
400,CO2A1_HUMAN,,,,P02458,400
401,CO4A1_HUMAN,,,,P02462,401
402,VWF_HUMAN,,,,P04275,402
403,CO4A2_HUMAN,,,,P08572,403
404,LAMA1_HUMAN,,,,P25391,404
405,CO4A3_HUMAN,,,,Q01955,405
406,LFTY2_HUMAN,,,,O00292,406
407,SLIT3_HUMAN,,,,O75094,407
408,NXPH2_HUMAN,,,,O95156,408
409,PDGFB_HUMAN,,,,P01127,409
410,THYG_HUMAN,,,,P01266,410
411,MIS_HUMAN,,,,P03971,411
412,IL4_HUMAN,,,,P05112,412
413,INHBA_HUMAN,,,,P08476,413
414,MFAP2_HUMAN,,,,P55001,414
415,IL2_HUMAN,,,,P60568,415
416,FGF21_HUMAN,,,,Q9NSA1,416
417,GRAB_HUMAN,,,,P10144,417
418,MMP7_HUMAN,,,,P09237,418
419,COEA1_HUMAN,,,,Q05707,419
420,TGM2_HUMAN,,,,P21980,420
421,CO5A2_HUMAN,,,,P05997,421
422,TNFC_HUMAN,,,,Q06643,422
423,GDN_HUMAN,,,,P07093,423
424,C1QA_HUMAN,,,,P02745,424
425,TIMP3_HUMAN,,,,P35625,425
426,PGH2_HUMAN,,,,P35354,426
427,CO5A1_HUMAN,,,,P20908,427
428,BMP7_HUMAN,,,,P18075,428
429,GDF2_HUMAN,,,,Q9UK05,429
430,LRP1B_HUMAN,,,,Q9NZR2,430
431,LEG9_HUMAN,,,,O00182,431
432,ADA10_HUMAN,,,,O14672,432
433,CD34_HUMAN,,,,P28906,433
434,DLK2_HUMAN,,,,Q6UY11,434
435,PSPN_HUMAN,,,,O60542,435
436,UTER_HUMAN,,,,P11684,436
437,FBLN3_HUMAN,,,,Q12805,437
438,IL1FA_HUMAN,,,,Q8WWZ1,438
439,LACRT_HUMAN,,,,Q9GZZ8,439
440,HEBP1_HUMAN,,,,Q9NRV9,440
441,FIBA_HUMAN,,,,P02671,441
442,ADA12_HUMAN,,,,O43184,442
443,RGMB_HUMAN,,,,Q6NW40,443
444,FBN1_HUMAN,,,,P35555,444
445,CO9A1_HUMAN,,,,P20849,445
446,CO9A2_HUMAN,,,,Q14055,446
447,MBL2_HUMAN,,,,P11226,447
448,IBP4_HUMAN,,,,P22692,448
449,FIBG_HUMAN,,,,P02679,449
450,FETUA_HUMAN,,,,P02765,450
451,COLQ_HUMAN,,,,Q9Y215,451
452,SRBS1_HUMAN,,,,Q9BX66,452
453,PTN6_HUMAN,,,,P29350,453
454,BMP4_HUMAN,,,,P12644,454
455,ICAM1_HUMAN,,,,P05362,455
456,CEAM8_HUMAN,,,,P31997,456
457,BTC_HUMAN,,,,P35070,457
458,CNTN2_HUMAN,,,,Q02246,458
459,TIGIT_HUMAN,,,,Q495A1,459
460,CO4A4_HUMAN,,,,P53420,460
461,CD5L_HUMAN,,,,O43866,461
462,ELA_HUMAN,,,,P0DMC3,462
463,SEM3A_HUMAN,,,,Q14563,463
464,IGFL1_HUMAN,,,,Q6UW32,464
465,SFTA1_HUMAN,,,,Q8IWL2,465
466,LCN1_HUMAN,,,,P31025,466
467,RASH_HUMAN,,,,P01112,467
468,SNAT_HUMAN,,,,Q16613,468
469,COBA1_HUMAN,,,,P12107,469
470,GPC3_HUMAN,,,,P51654,470
471,ISK1_HUMAN,,,,P00995,471
472,FA10_HUMAN,,,,P00742,472
473,PLTP_HUMAN,,,,P55058,473
474,PTSS1_HUMAN,,,,P48651,474
475,MFAP5_HUMAN,,,,Q13361,475
476,GBB3_HUMAN,,,,P16520,476
477,RIMS2_HUMAN,,,,Q9UQ26,477
478,SEM4F_HUMAN,,,,O95754,478
479,ITIH2_HUMAN,,,,P19823,479
480,SHBG_HUMAN,,,,P04278,480
481,IL10_HUMAN,,,,P22301,481
482,HLAE_HUMAN,,,,P13747,482
483,BAG6_HUMAN,,,,P46379,483
484,CNTN4_HUMAN,,,,Q8IWV2,484
485,SEM4B_HUMAN,,,,Q9NPR2,485
486,LAMB2_HUMAN,,,,P55268,486
487,EDIL3_HUMAN,,,,O43854,487
488,GREM1_HUMAN,,,,O60565,488
489,NOE2_HUMAN,,,,O95897,489
490,HPT_HUMAN,,,,P00738,490
491,AREG_HUMAN,,,,P15514,491
492,ZP3_HUMAN,,,,P21754,492
493,FBLN1_HUMAN,,,,P23142,493
494,INHBC_HUMAN,,,,P55103,494
495,CCL18_HUMAN,,,,P55774,495
496,DEFB1_HUMAN,,,,P60022,496
497,D103A_HUMAN,,,,P81534,497
498,LG3BP_HUMAN,,,,Q08380,498
499,FGL1_HUMAN,,,,Q08830,499
500,MIA_HUMAN,,,,Q16674,500
501,LTBP3_HUMAN,,,,Q9NS15,501
502,ANGL3_HUMAN,,,,Q9Y5C1,502
503,HRG_HUMAN,,,,P04196,503
504,CRP_HUMAN,,,,P02741,504
505,RET4_HUMAN,,,,P02753,505
506,TECT1_HUMAN,,,,Q2MV58,506
507,MATN1_HUMAN,,,,P21941,507
508,LTBP1_HUMAN,,,,Q14766,508
509,MEPE_HUMAN,,,,Q9NQ76,509
510,NAMPT_HUMAN,,,,P43490,510
511,LMAN1_HUMAN,,,,P49257,511
512,C1QT5_HUMAN,,,,Q9BXJ0,512
513,CO4A5_HUMAN,,,,P29400,513
514,CO4A6_HUMAN,,,,Q14031,514
515,VEGFD_HUMAN,,,,O43915,515
516,A1AG1_HUMAN,,,,P02763,516
517,S10A8_HUMAN,,,,P05109,517
518,APOA_HUMAN,,,,P08519,518
519,RET3_HUMAN,,,,P10745,519
520,IGFL2_HUMAN,,,,Q6UWQ7,520
521,AMELX_HUMAN,,,,Q99217,521
522,MYOC_HUMAN,,,,Q99972,522
523,GRN_HUMAN,,,,P28799,523
524,VASP_HUMAN,,,,P50552,524
525,F13A_HUMAN,,,,P00488,525
526,CTHR1_HUMAN,,,,Q96CG8,526
527,CO9A3_HUMAN,,,,Q14050,527
528,C4BPA_HUMAN,,,,P04003,528
529,CFAH_HUMAN,,,,P08603,529
530,A0A494C0S9_HUMAN,,,,A0A494C0S9,530
531,SFPA2_HUMAN,,,,Q8IWL1,531
532,CO5A3_HUMAN,,,,P25940,532
533,RIMS1_HUMAN,,,,Q86UR5,533
534,SPIT1_HUMAN,,,,O43278,534
535,THBG_HUMAN,,,,P05543,535
536,BMP6_HUMAN,,,,P22004,536
537,PODXL_HUMAN,,,,O00592,537
538,CD14_HUMAN,,,,P08571,538
539,NRG1_HUMAN,,,,Q02297,539
540,ADAM2_HUMAN,,,,Q99965,540
541,BMP15_HUMAN,,,,O95972,541
542,IL1B_HUMAN,,,,P01584,542
543,S10A9_HUMAN,,,,P06702,543
544,IL15_HUMAN,,,,P40933,544
545,FBLN2_HUMAN,,,,P98095,545
546,MFGM_HUMAN,,,,Q08431,546
547,C1QB_HUMAN,,,,P02746,547
548,RNAS2_HUMAN,,,,P10153,548
549,FIBB_HUMAN,,,,P02675,549
550,PTMA_HUMAN,,,,P06454,550
551,FBLN4_HUMAN,,,,O95967,551
552,IFNG_HUMAN,,,,P01579,552
553,FCER2_HUMAN,,,,P06734,553
554,MADCA_HUMAN,,,,Q13477,554
555,ADA28_HUMAN,,,,Q9UKQ2,555
556,BMP3_HUMAN,,,,P12645,556
557,ZA2G_HUMAN,,,,P25311,557
558,IL12A_HUMAN,,,,P29459,558
559,FCN2_HUMAN,,,,Q15485,559
560,AMELY_HUMAN,,,,Q99218,560
561,OBP2A_HUMAN,,,,Q9NY56,561
562,HMGB1_HUMAN,,,,P09429,562
563,ZG16B_HUMAN,,,,Q96DA0,563
564,PIGF_HUMAN,,,,Q07326,564
565,HAP28_HUMAN,,,,Q13442,565
566,GDF6_HUMAN,,,,Q6KF10,566
567,SIAT1_HUMAN,,,,P15907,567
568,IL13_HUMAN,,,,P35225,568
569,GDF15_HUMAN,,,,Q99988,569
570,TXLNA_HUMAN,,,,P40222,570
571,CERU_HUMAN,,,,P00450,571
572,VIME_HUMAN,,,,P08670,572
573,MUC2_HUMAN,,,,Q02817,573
574,BST1_HUMAN,,,,Q10588,574
575,IFNB_HUMAN,,,,P01574,575
576,IL5_HUMAN,,,,P05113,576
577,ONCM_HUMAN,,,,P13725,577
578,LIF_HUMAN,,,,P15018,578
579,BMP5_HUMAN,,,,P22003,579
580,GDF7_HUMAN,,,,Q7Z4P5,580
581,IL20_HUMAN,,,,Q9NYY1,581
582,ADA23_HUMAN,,,,O75077,582
583,CD99_HUMAN,,,,P14209,583
584,TACT_HUMAN,,,,P40200,584
585,BST2_HUMAN,,,,Q10589,585
586,IFNA1_HUMAN,,,,P01562,586
587,LEG1_HUMAN,,,,P09382,587
588,CSHL_HUMAN,,,,Q14406,588
589,SLUR1_HUMAN,,,,P55000,589
590,CADM1_HUMAN,,,,Q9BY67,590
591,DCHS_HUMAN,,,,P19113,591
592,KLK3_HUMAN,,,,P07288,592
593,IFNW1_HUMAN,,,,P05000,593
594,IL6_HUMAN,,,,P05231,594
595,IL3_HUMAN,,,,P08700,595
596,IL7_HUMAN,,,,P13232,596
597,EREG_HUMAN,,,,O14944,597
598,CLC2D_HUMAN,,,,Q9UHP7,598
599,CD59_HUMAN,,,,P13987,599
600,S10A4_HUMAN,,,,P26447,600
601,ANGL2_HUMAN,,,,Q9UKU9,601
602,MTMR4_HUMAN,,,,Q9NYA4,602
603,APOA1_HUMAN,,,,P02647,603
604,GDF11_HUMAN,,,,O95390,604
605,IL1A_HUMAN,,,,P01583,605
606,IL11_HUMAN,,,,P20809,606
607,IL24_HUMAN,,,,Q13007,607
608,BMP8A_HUMAN,,,,Q7Z5Y6,608
609,CD1D_HUMAN,,,,P15813,609
610,LEUK_HUMAN,,,,P16150,610
611,LYAM2_HUMAN,,,,P16581,611
612,CEAM6_HUMAN,,,,P40199,612
613,CNTN1_HUMAN,,,,Q12860,613
614,SFTPD_HUMAN,,,,P35247,614
615,ENHO_HUMAN,,,,Q6UWT2,615
616,D106A_HUMAN,,,,Q8N104,616
617,LRIG1_HUMAN,,,,Q96JA1,617
618,SPON2_HUMAN,,,,Q9BUD6,618
619,ENPL_HUMAN,,,,P14625,619
620,PDX1_HUMAN,,,,P52945,620
621,SOCS2_HUMAN,,,,O14508,621
622,SEM6D_HUMAN,,,,Q8NFY4,622
623,IL9_HUMAN,,,,P15248,623
624,BMP8B_HUMAN,,,,P34820,624
625,IL19_HUMAN,,,,Q9UHD0,625
626,HLAF_HUMAN,,,,P30511,626
627,CD22_HUMAN,,,,P20273,627
628,CXAR_HUMAN,,,,P78310,628
629,LAMB1_HUMAN,,,,P07942,629
630,LAMC1_HUMAN,,,,P11047,630
631,CO6A1_HUMAN,,,,P12109,631
632,CLC2A_HUMAN,,,,Q6UVW9,632
633,IRAK4_HUMAN,,,,Q9NWZ3,633
634,TPH1_HUMAN,,,,P17752,634
635,S100B_HUMAN,,,,P04271,635
636,FGF11_HUMAN,,,,Q92914,636
637,DCE1_HUMAN,,,,Q99259,637
638,FGF14_HUMAN,,,,Q92915,638
639,LEG8_HUMAN,,,,O00214,639
640,FGF12_HUMAN,,,,P61328,640
641,THY1_HUMAN,,,,P04216,641
642,ULBP1_HUMAN,,,,Q9BZM6,642
643,GDF8_HUMAN,,,,O14793,643
644,IFNA2_HUMAN,,,,P01563,644
645,MIF_HUMAN,,,,P14174,645
646,GDF1_HUMAN,,,,P27539,646
647,IFNL1_HUMAN,,,,Q8IU54,647
648,IFNL3_HUMAN,,,,Q8IZI9,648
649,GDF3_HUMAN,,,,Q9NR23,649
650,DSG2_HUMAN,,,,Q14126,650
651,CD177_HUMAN,,,,Q8N6Q3,651
652,LIRB4_HUMAN,,,,Q8NHJ6,652
653,SCTM1_HUMAN,,,,Q8WVN6,653
654,NRG4_HUMAN,,,,Q8WWG1,654
655,LRC4B_HUMAN,,,,Q9NT99,655
656,TFF1_HUMAN,,,,P04155,656
657,IL1RA_HUMAN,,,,P18510,657
658,FST_HUMAN,,,,P19883,658
659,CXL17_HUMAN,,,,Q6UXB2,659
660,LEAP2_HUMAN,,,,Q969E1,660
661,PGCB_HUMAN,,,,Q96GW7,661
662,ANGL4_HUMAN,,,,Q9BY76,662
663,DKK4_HUMAN,,,,Q9UBT3,663
664,CLC2B_HUMAN,,,,Q92478,664
665,KMT2E_HUMAN,,,,Q8IZD2,665
666,PCNA_HUMAN,,,,P12004,666
667,CD38_HUMAN,,,,P28907,667
668,FSTL1_HUMAN,,,,Q12841,668
669,BASI_HUMAN,,,,P35613,669
670,CD52_HUMAN,,,,P31358,670
671,SLPI_HUMAN,,,,P03973,671
672,S10AA_HUMAN,,,,P60903,672
673,TCO2_HUMAN,,,,P20062,673
674,NCAN_HUMAN,,,,O14594,674
675,FARP2_HUMAN,,,,O94887,675
676,LAMC2_HUMAN,,,,Q13753,676
677,CING_HUMAN,,,,Q9P2M7,677
678,DHPR_HUMAN,,,,P09417,678
679,NODAL_HUMAN,,,,Q96S42,679
680,KPYM_HUMAN,,,,P14618,680
681,IZUM1_HUMAN,,,,Q8IYV9,681
682,LAMB3_HUMAN,,,,Q13751,682
683,DSCAM_HUMAN,,,,O60469,683
684,HS71A_HUMAN,,,,P0DMV8,684
685,NUCB2_HUMAN,,,,P80303,685
686,ADA_HUMAN,,,,P00813,686
687,MAML2_HUMAN,,,,Q8IZL2,687
688,GP1BA_HUMAN,,,,P07359,688
689,ICAM2_HUMAN,,,,P13598,689
690,VCAM1_HUMAN,,,,P19320,690
691,CO6A6_HUMAN,,,,A6NMZ7,691
692,CO6A5_HUMAN,,,,A8TX70,692
693,CO6A2_HUMAN,,,,P12110,693
694,CO6A3_HUMAN,,,,P12111,694
695,IL12B_HUMAN,,,,P29460,695
696,IL33_HUMAN,,,,O95760,696
697,IFNA5_HUMAN,,,,P01569,697
698,IFNA8_HUMAN,,,,P32881,698
699,WNT4_HUMAN,,,,P56705,699
700,IL31_HUMAN,,,,Q6EBC2,700
701,IL25_HUMAN,,,,Q9H293,701
702,IL21_HUMAN,,,,Q9HBE4,702
703,IL26_HUMAN,,,,Q9NPH9,703
704,TRFM_HUMAN,,,,P08582,704
705,CEAM1_HUMAN,,,,P13688,705
706,SEM6B_HUMAN,,,,Q9H3T3,706
707,APOC3_HUMAN,,,,P02656,707
708,PF4V_HUMAN,,,,P10720,708
709,GDNF_HUMAN,,,,P39905,709
710,COPA_HUMAN,,,,P53621,710
711,SPXN_HUMAN,,,,Q9BT56,711
712,LGI1_HUMAN,,,,O95970,712
713,ELAF_HUMAN,,,,P19957,713
714,LYPD3_HUMAN,,,,O95274,714
715,LYSC_HUMAN,,,,P61626,715
716,ARF6_HUMAN,,,,P62330,716
717,CLC3A_HUMAN,,,,O75596,717
718,NRG2_HUMAN,,,,O14511,718
719,CODA1_HUMAN,,,,Q5TAT6,719
720,IL27B_HUMAN,,,,Q14213,720
721,SEM3D_HUMAN,,,,O95025,721
722,IFN10_HUMAN,,,,P01566,722
723,IFNA7_HUMAN,,,,P01567,723
724,IFN21_HUMAN,,,,P01568,724
725,IFN14_HUMAN,,,,P01570,725
726,IFN17_HUMAN,,,,P01571,726
727,IFNA6_HUMAN,,,,P05013,727
728,IFNA4_HUMAN,,,,P05014,728
729,IFN16_HUMAN,,,,P05015,729
730,COBA2_HUMAN,,,,P13942,730
731,CO8A2_HUMAN,,,,P25067,731
732,COFA1_HUMAN,,,,P39059,732
733,COAA1_HUMAN,,,,Q03692,733
734,COGA1_HUMAN,,,,Q07092,734
735,COJA1_HUMAN,,,,Q14993,735
736,CTF1_HUMAN,,,,Q16619,736
737,COOA1_HUMAN,,,,Q17RW2,737
738,COSA1_HUMAN,,,,Q2UY09,738
739,IFNE_HUMAN,,,,Q86WN2,739
740,CORA1_HUMAN,,,,Q8IZC6,740
741,COMA1_HUMAN,,,,Q8NFW1,741
742,COQA1_HUMAN,,,,Q96A83,742
743,COLA1_HUMAN,,,,Q96P44,743
744,COCA1_HUMAN,,,,Q99715,744
745,SEM3G_HUMAN,,,,Q9NS98,745
746,IL36B_HUMAN,,,,Q9NZH7,746
747,IL36G_HUMAN,,,,Q9NZH8,747
748,IL17C_HUMAN,,,,Q9P0M4,748
749,IFNK_HUMAN,,,,Q9P0W0,749
750,COKA1_HUMAN,,,,Q9P218,750
751,IL36A_HUMAN,,,,Q9UHA7,751
752,COHA1_HUMAN,,,,Q9UMD9,752
753,CO8A1_HUMAN,,,,P27658,753
754,CO7A1_HUMAN,,,,Q02388,754
755,NECT4_HUMAN,,,,Q96NY8,755
756,CD209_HUMAN,,,,Q9NNX6,756
757,CKLF_HUMAN,,,,Q9UBR5,757
758,CXL14_HUMAN,,,,O95715,758
759,VTDB_HUMAN,,,,P02774,759
760,TRY1_HUMAN,,,,P07477,760
761,ARTN_HUMAN,,,,Q5T4W7,761
762,ALKL1_HUMAN,,,,Q6UXT8,762
763,SOSD1_HUMAN,,,,Q6X4U4,763
764,FAM3C_HUMAN,,,,Q92520,764
765,SFRP2_HUMAN,,,,Q96HF1,765
766,RETN_HUMAN,,,,Q9HD89,766
767,IL37_HUMAN,,,,Q9NZH6,767
768,CD72_HUMAN,,,,P21854,768
769,MMP2_HUMAN,,,,P08253,769
770,ATRAP_HUMAN,,,,Q6RW13,770
771,HSP7C_HUMAN,,,,P11142,771
772,LCK_HUMAN,,,,P06239,772
773,NRG3_HUMAN,,,,P56975,773
774,JAM1_HUMAN,,,,Q9Y624,774
775,WNT7A_HUMAN,,,,O00755,775
776,GDF10_HUMAN,,,,P55107,776
777,WNT7B_HUMAN,,,,P56706,777
778,SEM3B_HUMAN,,,,Q13214,778
779,TSLP_HUMAN,,,,Q969D9,779
780,NRTN_HUMAN,,,,Q99748,780
781,ITB2_HUMAN,,,,P05107,781
782,MRC1_HUMAN,,,,P22897,782
783,DSG1_HUMAN,,,,Q02413,783
784,TIMD4_HUMAN,,,,Q96H15,784
785,HHLA2_HUMAN,,,,Q9UM44,785
786,TTHY_HUMAN,,,,P02766,786
787,ANGI_HUMAN,,,,P03950,787
788,FGFR4_HUMAN,,,,P22455,788
789,FGFR3_HUMAN,,,,P22607,789
790,VSTM1_HUMAN,,,,Q6UX27,790
791,CC4L_HUMAN,,,,Q8NHW4,791
792,IL23A_HUMAN,,,,Q9NPF7,792
793,CEAM5_HUMAN,,,,P06731,793
794,CADM3_HUMAN,,,,Q8N126,794
795,VINC_HUMAN,,,,P18206,795
796,ENTP1_HUMAN,,,,P49961,796
797,FRS3_HUMAN,,,,O43559,797
798,CSF1_HUMAN,,,,P09603,798
799,JAM2_HUMAN,,,,P57087,799
800,JAM3_HUMAN,,,,Q9BX67,800
801,CHAD_HUMAN,,,,O15335,801
802,WNT9B_HUMAN,,,,O14905,802
803,WNT2_HUMAN,,,,P09544,803
804,POSTN_HUMAN,,,,Q15063,804
805,IFNL2_HUMAN,,,,Q8IZJ0,805
806,SEM3C_HUMAN,,,,Q99985,806
807,WNT5B_HUMAN,,,,Q9H1J7,807
808,SDC2_HUMAN,,,,P34741,808
809,DSC1_HUMAN,,,,Q08554,809
810,DSC3_HUMAN,,,,Q14574,810
811,PDPN_HUMAN,,,,Q86YL7,811
812,NLGNX_HUMAN,,,,Q8N0W4,812
813,HAVR1_HUMAN,,,,Q96D42,813
814,SLIK1_HUMAN,,,,Q96PX8,814
815,SEM5B_HUMAN,,,,Q9P283,815
816,KLOT_HUMAN,,,,Q9UEF7,816
817,TSP4_HUMAN,,,,P35443,817
818,COMP_HUMAN,,,,P49747,818
819,PGRP1_HUMAN,,,,O75594,819
820,LFTY1_HUMAN,,,,O75610,820
821,CER1_HUMAN,,,,O95813,821
822,APOA2_HUMAN,,,,P02652,822
823,APOC2_HUMAN,,,,P02655,823
824,HEMO_HUMAN,,,,P02790,824
825,APOA4_HUMAN,,,,P06727,825
826,TRY2_HUMAN,,,,P07478,826
827,LEG3_HUMAN,,,,P17931,827
828,TRY3_HUMAN,,,,P35030,828
829,LUM_HUMAN,,,,P51884,829
830,APOC4_HUMAN,,,,P55056,830
831,TFF2_HUMAN,,,,Q03403,831
832,I15RA_HUMAN,,,,Q13261,832
833,ALKL2_HUMAN,,,,Q6UX46,833
834,DRAXI_HUMAN,,,,Q8NBI3,834
835,NELL2_HUMAN,,,,Q99435,835
836,SPON1_HUMAN,,,,Q9HCB6,836
837,CNTN3_HUMAN,,,,Q9P232,837
838,CLC4G_HUMAN,,,,Q6UXB4,838
839,CNTN6_HUMAN,,,,Q9UQ52,839
840,MEG10_HUMAN,,,,Q96KG7,840
841,CFC1_HUMAN,,,,P0CG37,841
842,TGS1_HUMAN,,,,Q96RS0,842
843,NPTX2_HUMAN,,,,P47972,843
844,S10A1_HUMAN,,,,P23297,844
845,ARPC5_HUMAN,,,,O15511,845
846,INHBB_HUMAN,,,,P09529,846
847,FABP5_HUMAN,,,,Q01469,847
848,NPTX1_HUMAN,,,,Q15818,848
849,PDIA1_HUMAN,,,,P07237,849
850,SPTN1_HUMAN,,,,Q13813,850
851,ARP2_HUMAN,,,,P61160,851
852,CCN6_HUMAN,,,,O95389,852
853,CRIS3_HUMAN,,,,P54108,853
854,SPTN2_HUMAN,,,,O15020,854
855,APOC1_HUMAN,,,,P02654,855
856,TRYB1_HUMAN,,,,Q15661,856
857,IGSF1_HUMAN,,,,Q8N6C5,857
858,CSPG4_HUMAN,,,,Q6UVK1,858
859,SIAL_HUMAN,,,,P21815,859
860,LAMA4_HUMAN,,,,Q16363,860
861,IL17_HUMAN,,,,Q16552,861
862,WN10B_HUMAN,,,,O00744,862
863,WNT9A_HUMAN,,,,O14904,863
864,WNT2B_HUMAN,,,,Q93097,864
865,WNT8B_HUMAN,,,,Q93098,865
866,WN10A_HUMAN,,,,Q9GZT5,866
867,WNT8A_HUMAN,,,,Q9H1J5,867
868,I36RA_HUMAN,,,,Q9UBH0,868
869,WNT16_HUMAN,,,,Q9UBV4,869
870,WNT6_HUMAN,,,,Q9Y6F9,870
871,DRA_HUMAN,,,,P01903,871
872,SLIK3_HUMAN,,,,O94933,872
873,LYAM1_HUMAN,,,,P14151,873
874,MYP0_HUMAN,,,,P25189,874
875,NTRK3_HUMAN,,,,Q16288,875
876,SLIK2_HUMAN,,,,Q9H156,876
877,IRPL1_HUMAN,,,,Q9NZN1,877
878,TENX_HUMAN,,,,P22105,878
879,TENR_HUMAN,,,,Q92752,879
880,TENN_HUMAN,,,,Q9UQP3,880
881,LAMC3_HUMAN,,,,Q9Y6N6,881
882,VGF_HUMAN,,,,O15240,882
883,SLUR2_HUMAN,,,,P0DP57,883
884,GRAA_HUMAN,,,,P12544,884
885,FAM3B_HUMAN,,,,P58499,885
886,AIMP1_HUMAN,,,,Q12904,886
887,ECM1_HUMAN,,,,Q16610,887
888,ERFE_HUMAN,,,,Q4G0M1,888
889,GPHB5_HUMAN,,,,Q86YW7,889
890,LGI4_HUMAN,,,,Q8N135,890
891,LGI3_HUMAN,,,,Q8N145,891
892,AMBN_HUMAN,,,,Q9NP70,892
893,PCS1N_HUMAN,,,,Q9UHG2,893
894,CIRBP_HUMAN,,,,Q14011,894
895,GSTM2_HUMAN,,,,P28161,895
896,PSG9_HUMAN,,,,Q00887,896
897,MXRA5_HUMAN,,,,Q9NR99,897
898,PSG4_HUMAN,,,,Q00888,898
899,HPLN1_HUMAN,,,,P10915,899
900,FSTL5_HUMAN,,,,Q8N475,900
901,IGS10_HUMAN,,,,Q6WRI0,901
902,BT1A1_HUMAN,,,,Q13410,902
903,WFKN2_HUMAN,,,,Q8TEU8,903
904,PSG6_HUMAN,,,,Q00889,904
905,IBPL1_HUMAN,,,,Q8WX77,905
906,BPI_HUMAN,,,,P17213,906
907,PSG5_HUMAN,,,,Q15238,907
908,PSG7_HUMAN,,,,Q13046,908
909,IBP7_HUMAN,,,,Q16270,909
910,NFASC_HUMAN,,,,O94856,910
911,MICB_HUMAN,,,,Q29980,911
912,ULBP6_HUMAN,,,,Q5VY80,912
913,ULBP5_HUMAN,,,,Q6H3X3,913
914,RAE1E_HUMAN,,,,Q8TD07,914
915,ULBP3_HUMAN,,,,Q9BZM4,915
916,ULBP2_HUMAN,,,,Q9BZM5,916
917,FREM1_HUMAN,,,,Q5H8C1,917
918,TSP3_HUMAN,,,,P49746,918
919,DMP1_HUMAN,,,,Q13316,919
920,DSPP_HUMAN,,,,Q9NZW4,920
921,INHBE_HUMAN,,,,P58166,921
922,PDGFD_HUMAN,,,,Q9GZP0,922
923,CRLF2_HUMAN,,,,Q9HC73,923
924,AGRB1_HUMAN,,,,O14514,924
925,ADA11_HUMAN,,,,O75078,925
926,SLIK5_HUMAN,,,,O94991,926
927,ANXA2_HUMAN,,,,P07355,927
928,PA2GA_HUMAN,,,,P14555,928
929,DSC2_HUMAN,,,,Q02487,929
930,IGS11_HUMAN,,,,Q5DX21,930
931,ADAM7_HUMAN,,,,Q9H2U9,931
932,SLIK6_HUMAN,,,,Q9H5Y7,932
933,CLC1B_HUMAN,,,,Q9P126,933
934,ADA29_HUMAN,,,,Q9UKF5,934
935,IFNL4_HUMAN,,,,K9M1U5,935
936,ANGL7_HUMAN,,,,O43827,936
937,LRIG2_HUMAN,,,,O94898,937
938,CCN4_HUMAN,,,,O95388,938
939,BMP1_HUMAN,,,,P13497,939
940,MUC1_HUMAN,,,,P15941,940
941,TCO1_HUMAN,,,,P20061,941
942,IL32_HUMAN,,,,P24001,942
943,PROP_HUMAN,,,,P27918,943
944,PEDF_HUMAN,,,,P36955,944
945,SYUA_HUMAN,,,,P37840,945
946,YBOX1_HUMAN,,,,P67809,946
947,S10AC_HUMAN,,,,P80511,947
948,TFF3_HUMAN,,,,Q07654,948
949,MSMP_HUMAN,,,,Q1L6U9,949
950,SIRB2_HUMAN,,,,Q5JXA9,950
951,IL34_HUMAN,,,,Q6ZMJ4,951
952,LGI2_HUMAN,,,,Q8N0V4,952
953,FNDC5_HUMAN,,,,Q8NAU1,953
954,PRG4_HUMAN,,,,Q92954,954
955,FAM3D_HUMAN,,,,Q96BQ1,955
956,TAFA4_HUMAN,,,,Q96LR4,956
957,MMRN2_HUMAN,,,,Q9H8L6,957
958,ENAM_HUMAN,,,,Q9NRM1,958
959,CYTL1_HUMAN,,,,Q9NRR1,959
960,DKK3_HUMAN,,,,Q9UBP4,960
961,CLC11_HUMAN,,,,Q9Y240,961
962,WIF1_HUMAN,,,,Q9Y5W5,962
963,DJB11_HUMAN,,,,Q9UBS4,963
964,MYL9_HUMAN,,,,P24844,964
965,SRTD1_HUMAN,,,,Q9UHV2,965
966,TOR2A_HUMAN,,,,Q5JU69,966
967,ATS3_HUMAN,,,,O15072,967
968,HSP74_HUMAN,,,,P34932,968
969,SHAN2_HUMAN,,,,Q9UPX8,969
970,CALL3_HUMAN,,,,P27482,970
971,PTN11_HUMAN,,,,Q06124,971
972,CRIS2_HUMAN,,,,P16562,972
973,PIGA_HUMAN,,,,P37287,973
974,GSTO1_HUMAN,,,,P78417,974
975,CEA16_HUMAN,,,,Q2WEN9,975
976,AMD_HUMAN,,,,P19021,976
977,AEDO_HUMAN,,,,Q96SZ5,977
978,MIC26_HUMAN,,,,Q9BUR5,978
979,CNMD_HUMAN,,,,O75829,979
980,NR0B2_HUMAN,,,,Q15466,980
981,SPRC_HUMAN,,,,P09486,981
982,SC6A8_HUMAN,,,,P48029,982
983,FA11_HUMAN,,,,P03951,983
984,I11RA_HUMAN,,,,Q14626,984
985,IMPG2_HUMAN,,,,Q9BZV3,985
986,TIG1_HUMAN,,,,P49788,986
987,PI16_HUMAN,,,,Q6UXB8,987
988,ETV5_HUMAN,,,,P41161,988
989,SCEL_HUMAN,,,,O95171,989
990,SNX14_HUMAN,,,,Q9Y5W7,990
991,TRYB2_HUMAN,,,,P20231,991
992,TRML4_HUMAN,,,,Q6UXN2,992
993,SCUB2_HUMAN,,,,Q9NQ36,993
994,DBP_HUMAN,,,,Q10586,994
995,IL27A_HUMAN,,,,Q8NEV9,995
996,NPNT_HUMAN,,,,Q6UXI9,996
997,IL17F_HUMAN,,,,Q96PD4,997
998,NID2_HUMAN,,,,Q14112,998
999,RP3A_HUMAN,,,,Q9Y2J0,999
1000,CO4B_HUMAN,,,,P0C0L5,1000
1001,KR412_HUMAN,,,,Q9BQ66,1001
1002,PON2_HUMAN,,,,Q15165,1002
1003,MUC7_HUMAN,,,,Q8TAX7,1003
1004,SYTL3_HUMAN,,,,Q4VX76,1004
1005,PLXA1_HUMAN,,,,Q9UIW2,1005
1006,SYYC_HUMAN,,,,P54577,1006
1007,PRS23_HUMAN,,,,O95084,1007
1008,CLAT_HUMAN,,,,P28329,1008
1009,5NTD_HUMAN,,,,P21589,1009
1010,PNMT_HUMAN,,,,P11086,1010
1011,CP11A_HUMAN,,,,P05108,1011
1012,BMR1B_HUMAN,,,,O00238,1012
1013,TEN2_HUMAN,,,,Q9NT68,1013
1014,FLRT1_HUMAN,,,,Q9NZU1,1014
1015,FLRT3_HUMAN,,,,Q9NZU0,1015
1016,DCE2_HUMAN,,,,Q05329,1016
1017,GLSK_HUMAN,,,,O94925,1017
1018,VGLU2_HUMAN,,,,Q9P2U8,1018
1019,GLYC_HUMAN,,,,P34896,1019
1020,GLYM_HUMAN,,,,P34897,1020
1021,GGT1_HUMAN,,,,P19440,1021
1022,LOX5_HUMAN,,,,P09917,1022
1023,DOPO_HUMAN,,,,P09172,1023
1024,UPAR_HUMAN,,,,Q03405,1024
1025,3BHS1_HUMAN,,,,P14060,1025
1026,AL1A1_HUMAN,,,,P00352,1026
1027,AL1A2_HUMAN,,,,O94788,1027
1028,AL1A3_HUMAN,,,,P47895,1028
1029,DDC_HUMAN,,,,P20711,1029
1030,ITB1_HUMAN,,,,P05556,1030
1031,ITB3_HUMAN,,,,P05106,1031
1032,ITAV_HUMAN,,,,P06756,1032
1033,CD1B_HUMAN,,,,P29016,1033
1034,CBLN1_HUMAN,,,,P23435,1034
1035,CLUS_HUMAN,,,,P10909,1035
1036,NXNL1_HUMAN,,,,Q96CM4,1036
1037,OMD_HUMAN,,,,Q99983,1037
1038,CAD12_HUMAN,,,,P55289,1038
1039,SUPYN_HUMAN,,,,M5A8F1,1039
1040,CADH2_HUMAN,,,,P19022,1040
1041,CADH3_HUMAN,,,,P22223,1041
1042,CADH5_HUMAN,,,,P33151,1042
1043,CADH6_HUMAN,,,,P55285,1043
1044,CADH7_HUMAN,,,,Q9ULB5,1044
1045,DAG1_HUMAN,,,,Q14118,1045
1046,CXA1_HUMAN,,,,P17302,1046
1047,CXA3_HUMAN,,,,Q9Y6H8,1047
1048,CXA5_HUMAN,,,,P36382,1048
1049,CXG1_HUMAN,,,,P36383,1049
1050,APLP2_HUMAN,,,,Q06481,1050
1051,C11B2_HUMAN,,,,P19099,1051
1052,S5A1_HUMAN,,,,P18405,1052
1053,S5A2_HUMAN,,,,P31213,1053
1054,PORED_HUMAN,,,,Q9H8P0,1054
1055,CP17A_HUMAN,,,,P05093,1055
1056,H17B6_HUMAN,,,,O14756,1056
1057,CP27B_HUMAN,,,,O15528,1057
1058,C11B1_HUMAN,,,,P15538,1058
1059,CP21A_HUMAN,,,,P08686,1059
1060,CP19A_HUMAN,,,,P11511,1060
1061,CP3A4_HUMAN,,,,P08684,1061
1062,DHB12_HUMAN,,,,Q53GQ0,1062
1063,DHB3_HUMAN,,,,P37058,1063
1064,DGLA_HUMAN,,,,Q9Y4D2,1064
1065,DGLB_HUMAN,,,,Q8NCG7,1065
1066,CSTN1_HUMAN,,,,O94985,1066
1067,CSTN2_HUMAN,,,,Q9H4D0,1067
1068,CSTN3_HUMAN,,,,Q9BQT9,1068
1069,CATG_HUMAN,,,,P08311,1069
1070,LICH_HUMAN,,,,P38571,1070
1071,DHC24_HUMAN,,,,Q15392,1071
1072,DHCR7_HUMAN,,,,Q9UBM7,1072
1073,GP15L_HUMAN,,,,Q6UWK7,1073
1074,C1QRF_HUMAN,,,,O75973,1074
1075,C1QL2_HUMAN,,,,Q7Z5L3,1075
1076,C1QL3_HUMAN,,,,Q5VWW1,1076
1077,C1QL4_HUMAN,,,,Q86Z23,1077
1078,ST1A1_HUMAN,,,,P50225,1078
1079,ST1E1_HUMAN,,,,P49888,1079
1080,ST2A1_HUMAN,,,,Q06520,1080
1081,UBS3B_HUMAN,,,,Q8TF42,1081
1082,DHRS9_HUMAN,,,,Q9BPW9,1082
1083,TYRO_HUMAN,,,,P14679,1083
1084,DHB1_HUMAN,,,,P14061,1084
1085,FLRT2_HUMAN,,,,O43155,1085
1086,IBP3_HUMAN,,,,P17936,1086
1087,IL1AP_HUMAN,,,,Q9NPH3,1087
1088,LRC4C_HUMAN,,,,Q9HCJ2,1088
1089,LRFN4_HUMAN,,,,Q6PJG9,1089
1090,LRFN5_HUMAN,,,,Q96NI6,1090
1091,LRRT1_HUMAN,,,,Q86UE6,1091
1092,LRRT2_HUMAN,,,,O43300,1092
1093,LRRT3_HUMAN,,,,Q86VH5,1093
1094,LRRT4_HUMAN,,,,Q86VH4,1094
1095,DPEP1_HUMAN,,,,P16444,1095
1096,DPEP2_HUMAN,,,,Q9H4A9,1096
1097,DPEP3_HUMAN,,,,Q9H4B8,1097
1098,LKHA4_HUMAN,,,,P09960,1098
1099,LTC4S_HUMAN,,,,Q16873,1099
1100,PTGR1_HUMAN,,,,Q14914,1100
1101,LOX12_HUMAN,,,,P18054,1101
1102,LPAR1_HUMAN,,,,Q92633,1102
1103,LPAR3_HUMAN,,,,Q9UBY5,1103
1104,ASMT_HUMAN,,,,P46597,1104
1105,NRX1B_HUMAN,,,,P58400,1105
1106,NRX2B_HUMAN,,,,P58401,1106
1107,NRX3B_HUMAN,,,,Q9HDB5,1107
1108,NLGNY_HUMAN,,,,Q8NFZ3,1108
1109,PVR_HUMAN,,,,P15151,1109
1110,ALDR_HUMAN,,,,P15121,1110
1111,AK1C3_HUMAN,,,,P42330,1111
1112,CBR1_HUMAN,,,,P16152,1112
1113,PTGDS_HUMAN,,,,P41222,1113
1114,PTGES_HUMAN,,,,O14684,1114
1115,PGES2_HUMAN,,,,Q9H7Z7,1115
1116,TEBP_HUMAN,,,,Q15185,1116
1117,SLIK4_HUMAN,,,,Q8IW52,1117
1118,SDC1_HUMAN,,,,P18827,1118
1119,TAFA1_HUMAN,,,,Q7Z5A9,1119
1120,TAFA5_HUMAN,,,,Q7Z5A7,1120
1121,TEN1_HUMAN,,,,Q9UKZ4,1121
1122,TEN3_HUMAN,,,,Q9P273,1122
1123,TEN4_HUMAN,,,,Q6N022,1123
1124,AK1D1_HUMAN,,,,P51857,1124
1125,TX1B3_HUMAN,,,,O14907,1125
1126,THAS_HUMAN,,,,P24557,1126
1127,BY55_HUMAN,,,,O95971,1127
1128,CD248_HUMAN,,,,Q9HCU0,1128
1129,CD276_HUMAN,,,,Q5ZPR3,1129
1130,CD320_HUMAN,,,,Q9NPF0,1130
1131,C1QR1_HUMAN,,,,Q9NPY3,1131
1132,NCHL1_HUMAN,,,,O00533,1132
1133,ESAM_HUMAN,,,,Q96AP7,1133
1134,FRIH_HUMAN,,,,P02794,1134
1135,FRIL_HUMAN,,,,P02792,1135
1136,HFE_HUMAN,,,,Q30201,1136
1137,MPZL1_HUMAN,,,,O95297,1137
1138,NSMF_HUMAN,,,,Q6X4W1,1138
1139,PPIA_HUMAN,,,,P62937,1139
1140,PXL2B_HUMAN,,,,Q8TBF2,1140
1141,PTGIS_HUMAN,,,,Q16647,1141
1142,PTPRD_HUMAN,,,,P23468,1142
1143,RNT2_HUMAN,,,,O00584,1143
1144,SIG15_HUMAN,,,,Q6ZMC9,1144
1145,PERT_HUMAN,,,,P07202,1145
1146,TULP1_HUMAN,,,,O00294,1146
1147,UNC5A_HUMAN,,,,Q6ZN44,1147
1148,CD44_HUMAN,,,,P16070,1148
1149,CAD15_HUMAN,,,,P55291,1149
1150,CADH4_HUMAN,,,,P55283,1150
1151,CLD11_HUMAN,,,,O75508,1151
1152,CD69_HUMAN,,,,Q07108,1152
1153,CLC2L_HUMAN,,,,P0C7M8,1153
1154,MAG_HUMAN,,,,P20916,1154
1155,NCAM2_HUMAN,,,,O15394,1155
1156,NEGR1_HUMAN,,,,Q7Z3B1,1156
1157,OCLN_HUMAN,,,,Q16625,1157
1158,PECA1_HUMAN,,,,P16284,1158
1159,PTPRM_HUMAN,,,,P28827,1159
1160,KLK6_HUMAN,,,,Q92876,1160
1161,KLK5_HUMAN,,,,Q9Y337,1161
1162,KLK4_HUMAN,,,,Q9Y5K2,1162
1163,KLK1_HUMAN,,,,P06870,1163
1164,KLK2_HUMAN,,,,P20151,1164
1165,KLK14_HUMAN,,,,Q9P0G3,1165
1166,KLK7_HUMAN,,,,P49862,1166
1167,KLK8_HUMAN,,,,O60259,1167
1168,TULP2_HUMAN,,,,O00295,1168
1169,TUB_HUMAN,,,,P50607,1169
1170,CLD1_HUMAN,,,,O95832,1170
1171,CLD2_HUMAN,,,,P57739,1171
1172,CLD3_HUMAN,,,,O15551,1172
1173,PCDAA_HUMAN,,,,Q9Y5I2,1173
1174,PCDAB_HUMAN,,,,Q9Y5I1,1174
1175,PCDAC_HUMAN,,,,Q9UN75,1175
1176,PCDAD_HUMAN,,,,Q9Y5I0,1176
1177,PCDA1_HUMAN,,,,Q9Y5I3,1177
1178,PCDA2_HUMAN,,,,Q9Y5H9,1178
1179,PCDA3_HUMAN,,,,Q9Y5H8,1179
1180,PCDA4_HUMAN,,,,Q9UN74,1180
1181,PCDA5_HUMAN,,,,Q9Y5H7,1181
1182,PCDA6_HUMAN,,,,Q9UN73,1182
1183,PCDA7_HUMAN,,,,Q9UN72,1183
1184,PCDA8_HUMAN,,,,Q9Y5H6,1184
1185,PCDA9_HUMAN,,,,Q9Y5H5,1185
1186,PCDC1_HUMAN,,,,Q9H158,1186
1187,PCDC2_HUMAN,,,,Q9Y5I4,1187
1188,PCDB1_HUMAN,,,,Q9Y5F3,1188
1189,PCDBA_HUMAN,,,,Q9UN67,1189
1190,PCDBB_HUMAN,,,,Q9Y5F2,1190
1191,PCDBC_HUMAN,,,,Q9Y5F1,1191
1192,PCDBD_HUMAN,,,,Q9Y5F0,1192
1193,PCDBE_HUMAN,,,,Q9Y5E9,1193
1194,PCDBF_HUMAN,,,,Q9Y5E8,1194
1195,PCDBG_HUMAN,,,,Q9NRJ7,1195
1196,PCDB2_HUMAN,,,,Q9Y5E7,1196
1197,PCDB3_HUMAN,,,,Q9Y5E6,1197
1198,PCDB4_HUMAN,,,,Q9Y5E5,1198
1199,PCDB5_HUMAN,,,,Q9Y5E4,1199
1200,PCDB6_HUMAN,,,,Q9Y5E3,1200
1201,PCDB7_HUMAN,,,,Q9Y5E2,1201
1202,PCDB8_HUMAN,,,,Q9UN66,1202
1203,PCDB9_HUMAN,,,,Q9Y5E1,1203
1204,PCDG1_HUMAN,,,,Q9Y5H4,1204
1205,PCDGA_HUMAN,,,,Q9Y5H3,1205
1206,PCDGB_HUMAN,,,,Q9Y5H2,1206
1207,PCDGC_HUMAN,,,,O60330,1207
1208,PCDG2_HUMAN,,,,Q9Y5H1,1208
1209,PCDG3_HUMAN,,,,Q9Y5H0,1209
1210,PCDG4_HUMAN,,,,Q9Y5G9,1210
1211,PCDG5_HUMAN,,,,Q9Y5G8,1211
1212,PCDG6_HUMAN,,,,Q9Y5G7,1212
1213,PCDG7_HUMAN,,,,Q9Y5G6,1213
1214,PCDG8_HUMAN,,,,Q9Y5G5,1214
1215,PCDG9_HUMAN,,,,Q9Y5G4,1215
1216,PCDGD_HUMAN,,,,Q9Y5G3,1216
1217,PCDGE_HUMAN,,,,Q9Y5G2,1217
1218,PCDGF_HUMAN,,,,Q9Y5G1,1218
1219,PCDGG_HUMAN,,,,Q9UN71,1219
1220,PCDGH_HUMAN,,,,Q9Y5G0,1220
1221,PCDGI_HUMAN,,,,Q9Y5F9,1221
1222,PCDGJ_HUMAN,,,,Q9Y5F8,1222
1223,PCDGK_HUMAN,,,,Q9UN70,1223
1224,PCDGL_HUMAN,,,,Q9Y5F7,1224
1225,PCDGM_HUMAN,,,,Q9Y5F6,1225
1226,TNR1A_HUMAN,,,,P19438,1226
1227,VIPR1_HUMAN,,,,P32241,1227
1228,OX1R_HUMAN,,,,O43613,1228
1229,V1AR_HUMAN,,,,P37288,1229
1230,V2R_HUMAN,,,,P30518,1230
1231,CXCR2_HUMAN,,,,P25025,1231
1232,CCR5_HUMAN,,,,P51681,1232
1233,CCR3_HUMAN,,,,P51677,1233
1234,VIPR2_HUMAN,,,,P41587,1234
1235,MET_HUMAN,,,,P08581,1235
1236,TNR1B_HUMAN,,,,P20333,1236
1237,SSR5_HUMAN,,,,P35346,1237
1238,V1BR_HUMAN,,,,P47901,1238
1239,SSR2_HUMAN,,,,P30874,1239
1240,SSR3_HUMAN,,,,P32745,1240
1241,CCR2_HUMAN,,,,P41597,1241
1242,SSR4_HUMAN,,,,P31391,1242
1243,CXCR1_HUMAN,,,,P25024,1243
1244,SSR1_HUMAN,,,,P30872,1244
1245,EPOR_HUMAN,,,,P19235,1245
1246,NTRK1_HUMAN,,,,P04629,1246
1247,KI2L1_HUMAN,,,,P43626,1247
1248,TR10B_HUMAN,,,,O14763,1248
1249,CRFR1_HUMAN,,,,P34998,1249
1250,GALR1_HUMAN,,,,P47211,1250
1251,CXCR4_HUMAN,,,,P61073,1251
1252,GASR_HUMAN,,,,P32239,1252
1253,CCR1_HUMAN,,,,P32246,1253
1254,TIE2_HUMAN,,,,Q02763,1254
1255,CD27_HUMAN,,,,P26842,1255
1256,FGFR1_HUMAN,,,,P11362,1256
1257,NRP1_HUMAN,,,,O14786,1257
1258,OXYR_HUMAN,,,,P30559,1258
1259,TR10A_HUMAN,,,,O00220,1259
1260,PRLR_HUMAN,,,,P16471,1260
1261,NK1R_HUMAN,,,,P25103,1261
1262,TNR6_HUMAN,,,,P25445,1262
1263,NOTC1_HUMAN,,,,P46531,1263
1264,NK2R_HUMAN,,,,P21452,1264
1265,OPRX_HUMAN,,,,P41146,1265
1266,UFO_HUMAN,,,,P30530,1266
1267,GHSR_HUMAN,,,,Q92847,1267
1268,NTR1_HUMAN,,,,P30989,1268
1269,CCR8_HUMAN,,,,P51685,1269
1270,KIT_HUMAN,,,,P10721,1270
1271,OX2R_HUMAN,,,,O43614,1271
1272,INSR_HUMAN,,,,P06213,1272
1273,CXCR3_HUMAN,,,,P49682,1273
1274,EPHA2_HUMAN,,,,P29317,1274
1275,PACR_HUMAN,,,,P41586,1275
1276,CALCR_HUMAN,,,,P30988,1276
1277,IGF1R_HUMAN,,,,P08069,1277
1278,CCR6_HUMAN,,,,P51684,1278
1279,EDNRB_HUMAN,,,,P24530,1279
1280,CX3C1_HUMAN,,,,P49238,1280
1281,NK3R_HUMAN,,,,P29371,1281
1282,FGFR2_HUMAN,,,,P21802,1282
1283,GALR2_HUMAN,,,,O43603,1283
1284,NTRK2_HUMAN,,,,Q16620,1284
1285,GNRHR_HUMAN,,,,P30968,1285
1286,C5AR1_HUMAN,,,,P21730,1286
1287,TNR14_HUMAN,,,,Q92956,1287
1288,TNR16_HUMAN,,,,P08138,1288
1289,GHR_HUMAN,,,,P10912,1289
1290,NMBR_HUMAN,,,,P28336,1290
1291,NMUR2_HUMAN,,,,Q9GZQ4,1291
1292,CCR7_HUMAN,,,,P32248,1292
1293,OPRK_HUMAN,,,,P41145,1293
1294,NPY2R_HUMAN,,,,P49146,1294
1295,MTLR_HUMAN,,,,O43193,1295
1296,EPHA3_HUMAN,,,,P29320,1296
1297,MC4R_HUMAN,,,,P32245,1297
1298,APJ_HUMAN,,,,P35414,1298
1299,LRP6_HUMAN,,,,O75581,1299
1300,UR2R_HUMAN,,,,Q9UKP6,1300
1301,TFR1_HUMAN,,,,P02786,1301
1302,MCHR1_HUMAN,,,,Q99705,1302
1303,CML1_HUMAN,,,,Q99788,1303
1304,TNR3_HUMAN,,,,P36941,1304
1305,NOTC2_HUMAN,,,,Q04721,1305
1306,LYAM3_HUMAN,,,,P16109,1306
1307,NMUR1_HUMAN,,,,Q9HB89,1307
1308,FLT3_HUMAN,,,,P36888,1308
1309,PGFRA_HUMAN,,,,P16234,1309
1310,MPRI_HUMAN,,,,P11717,1310
1311,CCKAR_HUMAN,,,,P32238,1311
1312,GIPR_HUMAN,,,,P48546,1312
1313,CRFR2_HUMAN,,,,Q13324,1313
1314,NOTC3_HUMAN,,,,Q9UM47,1314
1315,TNR18_HUMAN,,,,Q9Y5U5,1315
1316,MC5R_HUMAN,,,,P33032,1316
1317,NPFF2_HUMAN,,,,Q9Y5X5,1317
1318,AGTR2_HUMAN,,,,P50052,1318
1319,RON_HUMAN,,,,Q04912,1319
1320,LEPR_HUMAN,,,,P48357,1320
1321,TYRO3_HUMAN,,,,Q06418,1321
1322,TR11B_HUMAN,,,,O00300,1322
1323,TNR5_HUMAN,,,,P25942,1323
1324,MSHR_HUMAN,,,,Q01726,1324
1325,GLP1R_HUMAN,,,,P43220,1325
1326,GRPR_HUMAN,,,,P30550,1326
1327,TNR17_HUMAN,,,,Q02223,1327
1328,TR13C_HUMAN,,,,Q96RJ3,1328
1329,CCR9_HUMAN,,,,P51686,1329
1330,MCHR2_HUMAN,,,,Q969V1,1330
1331,KISSR_HUMAN,,,,Q969F8,1331
1332,TNR11_HUMAN,,,,Q9Y6Q6,1332
1333,TNR12_HUMAN,,,,Q9NP84,1333
1334,EPHB1_HUMAN,,,,P54762,1334
1335,CCR4_HUMAN,,,,P51679,1335
1336,CCR10_HUMAN,,,,P46092,1336
1337,CXCR6_HUMAN,,,,O00574,1337
1338,PAR1_HUMAN,,,,P25116,1338
1339,EPHA1_HUMAN,,,,P21709,1339
1340,TR13B_HUMAN,,,,O14836,1340
1341,EDNRA_HUMAN,,,,P25101,1341
1342,TPOR_HUMAN,,,,P40238,1342
1343,XCR1_HUMAN,,,,P46094,1343
1344,TNR27_HUMAN,,,,Q9HAV5,1344
1345,CXCR5_HUMAN,,,,P32302,1345
1346,DCC_HUMAN,,,,P43146,1346
1347,NPY1R_HUMAN,,,,P25929,1347
1348,SCTR_HUMAN,,,,P47872,1348
1349,NTR2_HUMAN,,,,O95665,1349
1350,RXFP2_HUMAN,,,,Q8WXD0,1350
1351,MERTK_HUMAN,,,,Q12866,1351
1352,EPHB4_HUMAN,,,,P54760,1352
1353,EDAR_HUMAN,,,,Q9UNE0,1353
1354,MC3R_HUMAN,,,,P41968,1354
1355,PKR1_HUMAN,,,,Q8TCW9,1355
1356,KI2L3_HUMAN,,,,P43628,1356
1357,EPHA4_HUMAN,,,,P54764,1357
1358,PLXB1_HUMAN,,,,O43157,1358
1359,NPY4R_HUMAN,,,,P50391,1359
1360,PTH1R_HUMAN,,,,Q03431,1360
1361,TNR4_HUMAN,,,,P43489,1361
1362,NOTC4_HUMAN,,,,Q99466,1362
1363,ANPRA_HUMAN,,,,P16066,1363
1364,PKR2_HUMAN,,,,Q8NFJ6,1364
1365,RXFP1_HUMAN,,,,Q9HBX9,1365
1366,TNR8_HUMAN,,,,P28908,1366
1367,LSHR_HUMAN,,,,P22888,1367
1368,TSHR_HUMAN,,,,P16473,1368
1369,ACKR3_HUMAN,,,,P25106,1369
1370,PRLHR_HUMAN,,,,P49683,1370
1371,QRFPR_HUMAN,,,,Q96P65,1371
1372,GUC2C_HUMAN,,,,P25092,1372
1373,RL3R2_HUMAN,,,,Q8TDU9,1373
1374,PLXC1_HUMAN,,,,O60486,1374
1375,TNR9_HUMAN,,,,Q07011,1375
1376,LRP8_HUMAN,,,,Q14114,1376
1377,BKRB1_HUMAN,,,,P46663,1377
1378,GLR_HUMAN,,,,P47871,1378
1379,PTPRZ_HUMAN,,,,P23471,1379
1380,C3AR_HUMAN,,,,Q16581,1380
1381,EPHA5_HUMAN,,,,P54756,1381
1382,EPHB3_HUMAN,,,,P54753,1382
1383,NPFF1_HUMAN,,,,Q9GZQ6,1383
1384,CSF3R_HUMAN,,,,Q99062,1384
1385,GALR3_HUMAN,,,,O60755,1385
1386,TGBR3_HUMAN,,,,Q03167,1386
1387,FPR1_HUMAN,,,,P21462,1387
1388,EPHA7_HUMAN,,,,Q15375,1388
1389,EPHB2_HUMAN,,,,P29323,1389
1390,EPHA8_HUMAN,,,,P29322,1390
1391,AGTR1_HUMAN,,,,P30556,1391
1392,FSHR_HUMAN,,,,P23945,1392
1393,RL3R1_HUMAN,,,,Q9NSD7,1393
1394,TR10C_HUMAN,,,,O14798,1394
1395,TF_HUMAN,,,,P13726,1395
1396,LIRB1_HUMAN,,,,Q8NHL6,1396
1397,TNF6B_HUMAN,,,,O95407,1397
1398,NPY5R_HUMAN,,,,Q15761,1398
1399,TRFR_HUMAN,,,,P34981,1399
1400,ANPRB_HUMAN,,,,P20594,1400
1401,HHIP_HUMAN,,,,Q96QV1,1401
1402,TR10D_HUMAN,,,,Q9UBN6,1402
1403,ACKR1_HUMAN,,,,Q16570,1403
1404,TNR25_HUMAN,,,,Q93038,1404
1405,VLDLR_HUMAN,,,,P98155,1405
1406,GLP2R_HUMAN,,,,O95838,1406
1407,PTH2R_HUMAN,,,,P49190,1407
1408,I22R2_HUMAN,,,,Q969J5,1408
1409,LIRB2_HUMAN,,,,Q8N423,1409
1410,PDCD1_HUMAN,,,,Q15116,1410
1411,TRBM_HUMAN,,,,P07204,1411
1412,CD36_HUMAN,,,,P16671,1412
1413,CTLA4_HUMAN,,,,P16410,1413
1414,BKRB2_HUMAN,,,,P30411,1414
1415,GHRHR_HUMAN,,,,Q02643,1415
1416,NPBW1_HUMAN,,,,P48145,1416
1417,TRADD_HUMAN,,,,Q15628,1417
1418,LDLR_HUMAN,,,,P01130,1418
1419,RYK_HUMAN,,,,P34925,1419
1420,CD4_HUMAN,,,,P01730,1420
1421,EGFR_HUMAN,,,,P00533,1421
1422,ACKR4_HUMAN,,,,Q9NPB9,1422
1423,ANPRC_HUMAN,,,,P17342,1423
1424,ROR2_HUMAN,,,,Q01974,1424
1425,FZD5_HUMAN,,,,Q13467,1425
1426,LGR4_HUMAN,,,,Q9BXB1,1426
1427,LRP1_HUMAN,,,,Q07954,1427
1428,CD28_HUMAN,,,,P10747,1428
1429,PAR2_HUMAN,,,,P55085,1429
1430,CALRL_HUMAN,,,,Q16602,1430
1431,FZD2_HUMAN,,,,Q14332,1431
1432,C5AR2_HUMAN,,,,Q9P296,1432
1433,EPCR_HUMAN,,,,Q9UNN8,1433
1434,TRAF2_HUMAN,,,,Q12933,1434
1435,ICOS_HUMAN,,,,Q9Y6W8,1435
1436,EPHA6_HUMAN,,,,Q9UF33,1436
1437,NPSR1_HUMAN,,,,Q6W5P4,1437
1438,ALK_HUMAN,,,,Q9UM73,1438
1439,I17RB_HUMAN,,,,Q9NRM6,1439
1440,ACKR2_HUMAN,,,,O00590,1440
1441,CML2_HUMAN,,,,P46091,1441
1442,PLXD1_HUMAN,,,,Q9Y4D7,1442
1443,GPC1_HUMAN,,,,P35052,1443
1444,KREM2_HUMAN,,,,Q8NCW0,1444
1445,KREM1_HUMAN,,,,Q96MU8,1445
1446,UNC5C_HUMAN,,,,O95185,1446
1447,ACTHR_HUMAN,,,,Q01718,1447
1448,PAQR2_HUMAN,,,,Q86V24,1448
1449,NPBW2_HUMAN,,,,P48146,1449
1450,LGR5_HUMAN,,,,O75473,1450
1451,LGR6_HUMAN,,,,Q9HBX8,1451
1452,OPRD_HUMAN,,,,P41143,1452
1453,FPR2_HUMAN,,,,P25090,1453
1454,KI3L1_HUMAN,,,,P43629,1454
1455,KI3L2_HUMAN,,,,P43630,1455
1456,ROBO2_HUMAN,,,,Q9HCK4,1456
1457,LRP5_HUMAN,,,,O75197,1457
1458,ACVL1_HUMAN,,,,P37023,1458
1459,PAR3_HUMAN,,,,O00254,1459
1460,SORT_HUMAN,,,,Q99523,1460
1461,ERBB2_HUMAN,,,,P04626,1461
1462,AGRE5_HUMAN,,,,P48960,1462
1463,MRGX1_HUMAN,,,,Q96LB2,1463
1464,NRP2_HUMAN,,,,O60462,1464
1465,GPR37_HUMAN,,,,O15354,1465
1466,G37L1_HUMAN,,,,O60883,1466
1467,AMFR_HUMAN,,,,Q9UKV5,1467
1468,PLXB2_HUMAN,,,,O15031,1468
1469,DDR2_HUMAN,,,,Q16832,1469
1470,FZD6_HUMAN,,,,O60353,1470
1471,PAQR1_HUMAN,,,,Q96A54,1471
1472,NICA_HUMAN,,,,Q92542,1472
1473,ZNRF3_HUMAN,,,,Q9ULT6,1473
1474,KI2L4_HUMAN,,,,Q99706,1474
1475,BCAM_HUMAN,,,,P50895,1475
1476,MRGX2_HUMAN,,,,Q96LB1,1476
1477,ROBO1_HUMAN,,,,Q9Y6N7,1477
1478,FZD4_HUMAN,,,,Q9ULV1,1478
1479,FZD1_HUMAN,,,,Q9UP38,1479
1480,PLD2_HUMAN,,,,O14939,1480
1481,PAR4_HUMAN,,,,Q96RI0,1481
1482,RENR_HUMAN,,,,O75787,1482
1483,CD9_HUMAN,,,,P21926,1483
1484,MCP_HUMAN,,,,P15529,1484
1485,EPHB6_HUMAN,,,,O15197,1485
1486,SHPS1_HUMAN,,,,P78324,1486
1487,PLXB3_HUMAN,,,,Q9ULL4,1487
1488,DDR1_HUMAN,,,,Q08345,1488
1489,RSSA_HUMAN,,,,P08865,1489
1490,ROR1_HUMAN,,,,Q01973,1490
1491,CCRL2_HUMAN,,,,O00421,1491
1492,SDC4_HUMAN,,,,P31431,1492
1493,HRH4_HUMAN,,,,Q9H3N8,1493
1494,OPRM_HUMAN,,,,P35372,1494
1495,SDC3_HUMAN,,,,O75056,1495
1496,RTN4R_HUMAN,,,,Q9BZR6,1496
1497,NCTR3_HUMAN,,,,O14931,1497
1498,NEO1_HUMAN,,,,Q92859,1498
1499,MAS_HUMAN,,,,P04201,1499
1500,ITB8_HUMAN,,,,P26012,1500
1501,BOC_HUMAN,,,,Q9BWV1,1501
1502,CD63_HUMAN,,,,P08962,1502
1503,SORL_HUMAN,,,,Q92673,1503
1504,LRP2_HUMAN,,,,P98164,1504
1505,ITAL_HUMAN,,,,P20701,1505
1506,BMR1A_HUMAN,,,,P36894,1506
1507,ROBO4_HUMAN,,,,Q8WZ75,1507
1508,RAMP1_HUMAN,,,,O60894,1508
1509,GPR75_HUMAN,,,,O95800,1509
1510,RAMP2_HUMAN,,,,O60895,1510
1511,MTR1A_HUMAN,,,,P48039,1511
1512,EGLN_HUMAN,,,,P17813,1512
1513,ITAX_HUMAN,,,,P20702,1513
1514,ITA5_HUMAN,,,,P08648,1514
1515,KI2S4_HUMAN,,,,P43632,1515
1516,TNR21_HUMAN,,,,O75509,1516
1517,CD2_HUMAN,,,,P06729,1517
1518,ERBB4_HUMAN,,,,Q15303,1518
1519,ITAM_HUMAN,,,,P11215,1519
1520,MUSK_HUMAN,,,,O15146,1520
1521,PTPRS_HUMAN,,,,Q13332,1521
1522,FZD7_HUMAN,,,,O75084,1522
1523,ITA3_HUMAN,,,,P26006,1523
1524,TIE1_HUMAN,,,,P35590,1524
1525,LRRC4_HUMAN,,,,Q9HBW1,1525
1526,ADCY1_HUMAN,,,,Q08828,1526
1527,LIGO1_HUMAN,,,,Q96FE5,1527
1528,ATRN_HUMAN,,,,O75882,1528
1529,CR1_HUMAN,,,,P17927,1529
1530,PLA2R_HUMAN,,,,Q13018,1530
1531,ITA2_HUMAN,,,,P17301,1531
1532,CD180_HUMAN,,,,Q99467,1532
1533,CD1A_HUMAN,,,,P06126,1533
1534,SREC_HUMAN,,,,Q14162,1534
1535,CDON_HUMAN,,,,Q4KMG0,1535
1536,ST14_HUMAN,,,,Q9Y5Y6,1536
1537,MARCO_HUMAN,,,,Q9UEW3,1537
1538,TLR4_HUMAN,,,,O00206,1538
1539,IL6RA_HUMAN,,,,P08887,1539
1540,TLR2_HUMAN,,,,O60603,1540
1541,KLRD1_HUMAN,,,,Q13241,1541
1542,ACV1B_HUMAN,,,,P36896,1542
1543,PLXA4_HUMAN,,,,Q9HCM2,1543
1544,ERBB3_HUMAN,,,,P21860,1544
1545,OGFR_HUMAN,,,,Q9NZT2,1545
1546,FGRL1_HUMAN,,,,Q8N441,1546
1547,GP151_HUMAN,,,,Q8TDV0,1547
1548,IGFR1_HUMAN,,,,Q9H665,1548
1549,SCN8A_HUMAN,,,,Q9UQD0,1549
1550,AGRL1_HUMAN,,,,O94910,1550
1551,LPAR4_HUMAN,,,,Q99677,1551
1552,HMMR_HUMAN,,,,O75330,1552
1553,PCD16_HUMAN,,,,Q96JQ0,1553
1554,HG2A_HUMAN,,,,P04233,1554
1555,CD244_HUMAN,,,,Q9BZW8,1555
1556,MO2R1_HUMAN,,,,Q8TD46,1556
1557,GRM5_HUMAN,,,,P41594,1557
1558,CD6_HUMAN,,,,P30203,1558
1559,AVR2A_HUMAN,,,,P27037,1559
1560,SCRB1_HUMAN,,,,Q8WTV0,1560
1561,PGFRB_HUMAN,,,,P09619,1561
1562,FZD8_HUMAN,,,,Q9H461,1562
1563,CRLF1_HUMAN,,,,O75462,1563
1564,SORC3_HUMAN,,,,Q9UPU3,1564
1565,NMDE4_HUMAN,,,,O15399,1565
1566,5HT2C_HUMAN,,,,P28335,1566
1567,RGMC_HUMAN,,,,Q6ZVN8,1567
1568,MYLK_HUMAN,,,,Q15746,1568
1569,CAC1C_HUMAN,,,,Q13936,1569
1570,PTPRF_HUMAN,,,,P10586,1570
1571,ROBO3_HUMAN,,,,Q96MS0,1571
1572,GRM1_HUMAN,,,,Q13255,1572
1573,ITA6_HUMAN,,,,P23229,1573
1574,CD226_HUMAN,,,,Q15762,1574
1575,PLXA2_HUMAN,,,,O75051,1575
1576,ITA2B_HUMAN,,,,P08514,1576
1577,AVR2B_HUMAN,,,,Q13705,1577
1578,UNC5B_HUMAN,,,,Q8IZJ1,1578
1579,ASGR1_HUMAN,,,,P07306,1579
1580,TFR2_HUMAN,,,,Q9UP52,1580
1581,IL3RA_HUMAN,,,,P26951,1581
1582,CD53_HUMAN,,,,P19397,1582
1583,GPC4_HUMAN,,,,O75487,1583
1584,ACVR1_HUMAN,,,,Q04771,1584
1585,TSN1_HUMAN,,,,O60635,1585
1586,FZD3_HUMAN,,,,Q9NPG1,1586
1587,CR2_HUMAN,,,,P20023,1587
1588,KELL_HUMAN,,,,P23276,1588
1589,CD151_HUMAN,,,,P48509,1589
1590,KCJ10_HUMAN,,,,P78508,1590
1591,DPP4_HUMAN,,,,P27487,1591
1592,DYSF_HUMAN,,,,O75923,1592
1593,NAR1_HUMAN,,,,P52961,1593
1594,VGFR2_HUMAN,,,,P35968,1594
1595,CAV1_HUMAN,,,,Q03135,1595
1596,ASGR2_HUMAN,,,,P07307,1596
1597,PHEX_HUMAN,,,,P78562,1597
1598,HAVR2_HUMAN,,,,Q8TDQ0,1598
1599,GFRA1_HUMAN,,,,P56159,1599
1600,ITA9_HUMAN,,,,Q13797,1600
1601,GP135_HUMAN,,,,Q8IZ08,1601
1602,IL1R1_HUMAN,,,,P14778,1602
1603,GPR39_HUMAN,,,,O43194,1603
1604,FPR3_HUMAN,,,,P25089,1604
1605,SCN5A_HUMAN,,,,Q14524,1605
1606,PD2R_HUMAN,,,,Q13258,1606
1607,KCJ15_HUMAN,,,,Q99712,1607
1608,GUC2D_HUMAN,,,,Q02846,1608
1609,MTR1B_HUMAN,,,,P49286,1609
1610,NMDE3_HUMAN,,,,Q14957,1610
1611,NKG2A_HUMAN,,,,P26715,1611
1612,NRCAM_HUMAN,,,,Q92823,1612
1613,ITB6_HUMAN,,,,P18564,1613
1614,ITB5_HUMAN,,,,P18084,1614
1615,CD5_HUMAN,,,,P06127,1615
1616,AA2BR_HUMAN,,,,P29275,1616
1617,LSR_HUMAN,,,,Q86X29,1617
1618,P2Y14_HUMAN,,,,Q15391,1618
1619,ILRL2_HUMAN,,,,Q9HB29,1619
1620,GPC5_HUMAN,,,,P78333,1620
1621,LMBRL_HUMAN,,,,Q6UX01,1621
1622,SEPR_HUMAN,,,,Q12884,1622
1623,ACM3_HUMAN,,,,P20309,1623
1624,CD81_HUMAN,,,,P60033,1624
1625,CNTP1_HUMAN,,,,P78357,1625
1626,ADA2A_HUMAN,,,,P08913,1626
1627,P2Y12_HUMAN,,,,Q9H244,1627
1628,ABCA1_HUMAN,,,,O95477,1628
1629,LRP11_HUMAN,,,,Q86VZ4,1629
1630,5HT6R_HUMAN,,,,P50406,1630
1631,TGFR1_HUMAN,,,,P36897,1631
1632,NRSN1_HUMAN,,,,Q8IZ57,1632
1633,DRD2_HUMAN,,,,P14416,1633
1634,FCERA_HUMAN,,,,P12319,1634
1635,G6PT2_HUMAN,,,,P57057,1635
1636,I10R2_HUMAN,,,,Q08334,1636
1637,NKG2D_HUMAN,,,,P26718,1637
1638,IL2RA_HUMAN,,,,P01589,1638
1639,ITA4_HUMAN,,,,P13612,1639
1640,KLRG1_HUMAN,,,,Q96E93,1640
1641,PTPRG_HUMAN,,,,P23470,1641
1642,DCBD2_HUMAN,,,,Q96PD2,1642
1643,LRP4_HUMAN,,,,O75096,1643
1644,PTPRB_HUMAN,,,,P23467,1644
1645,ITA7_HUMAN,,,,Q13683,1645
1646,ITA1_HUMAN,,,,P56199,1646
1647,GP182_HUMAN,,,,O15218,1647
1648,MUC18_HUMAN,,,,P43121,1648
1649,APCD1_HUMAN,,,,Q8J025,1649
1650,I10R1_HUMAN,,,,Q13651,1650
1651,RHBL2_HUMAN,,,,Q9NX52,1651
1652,FCGR1_HUMAN,,,,P12314,1652
1653,CD19_HUMAN,,,,P15391,1653
1654,R4RL1_HUMAN,,,,Q86UN2,1654
1655,OLR1_HUMAN,,,,P78380,1655
1656,HDBP1_HUMAN,,,,Q8IV16,1656
1657,ADA2B_HUMAN,,,,P18089,1657
1658,TNR19_HUMAN,,,,Q9NS68,1658
1659,AGRG1_HUMAN,,,,Q9Y653,1659
1660,STRA6_HUMAN,,,,Q9BX79,1660
1661,MKS3_HUMAN,,,,Q5HYA8,1661
1662,CFTR_HUMAN,,,,P13569,1662
1663,PLRKT_HUMAN,,,,Q9HBL7,1663
1664,CD82_HUMAN,,,,P27701,1664
1665,MMP24_HUMAN,,,,Q9Y5R2,1665
1666,GPIX_HUMAN,,,,P14770,1666
1667,PD2R2_HUMAN,,,,Q9Y5Y4,1667
1668,JMJD6_HUMAN,,,,Q6NYC1,1668
1669,MCFD2_HUMAN,,,,Q8NI22,1669
1670,KCNJ4_HUMAN,,,,P48050,1670
1671,RHAG_HUMAN,,,,Q02094,1671
1672,MFRP_HUMAN,,,,Q9BY79,1672
1673,KCNA3_HUMAN,,,,P22001,1673
1674,KCND2_HUMAN,,,,Q9NZV8,1674
1675,KCND1_HUMAN,,,,Q9NSA2,1675
1676,CSF2R_HUMAN,,,,P15509,1676
1677,CLC4M_HUMAN,,,,Q9H2X3,1677
1678,CD79A_HUMAN,,,,P11912,1678
1679,VGFR3_HUMAN,,,,P35916,1679
1680,UNC5D_HUMAN,,,,Q6UXZ4,1680
1681,BRS3_HUMAN,,,,P32247,1681
1682,BAMBI_HUMAN,,,,Q13145,1682
1683,CSF1R_HUMAN,,,,P07333,1683
1684,LAMP1_HUMAN,,,,P11279,1684
1685,FZD10_HUMAN,,,,Q9ULW2,1685
1686,BMPR2_HUMAN,,,,Q13873,1686
1687,MTP_HUMAN,,,,P55157,1687
1688,CLD4_HUMAN,,,,O14493,1688
1689,ACM1_HUMAN,,,,P11229,1689
1690,TLR9_HUMAN,,,,Q9NR96,1690
1691,MOT8_HUMAN,,,,P36021,1691
1692,FXYD6_HUMAN,,,,Q9H0Q3,1692
1693,ORAI2_HUMAN,,,,Q96SN7,1693
1694,CELR1_HUMAN,,,,Q9NYQ6,1694
1695,CAD10_HUMAN,,,,Q9Y6N8,1695
1696,ACV1C_HUMAN,,,,Q8NER5,1696
1697,KLOTB_HUMAN,,,,Q86Z14,1697
1698,ADRB2_HUMAN,,,,P07550,1698
1699,AA1R_HUMAN,,,,P30542,1699
1700,AT1A3_HUMAN,,,,P13637,1700
1701,ADRB3_HUMAN,,,,P13945,1701
1702,PLS4_HUMAN,,,,Q9NRQ2,1702
1703,PTPRU_HUMAN,,,,Q92729,1703
1704,INGR1_HUMAN,,,,P15260,1704
1705,KI2L2_HUMAN,,,,P43627,1705
1706,IL2RG_HUMAN,,,,P31785,1706
1707,ITB7_HUMAN,,,,P26010,1707
1708,OR1G1_HUMAN,,,,P47890,1708
1709,GAS1_HUMAN,,,,P54826,1709
1710,TA2R_HUMAN,,,,P21731,1710
1711,CNR1_HUMAN,,,,P21554,1711
1712,TLR5_HUMAN,,,,O60602,1712
1713,GRM7_HUMAN,,,,Q14831,1713
1714,I18BP_HUMAN,,,,O95998,1714
1715,VGFR1_HUMAN,,,,P17948,1715
1716,P2RX7_HUMAN,,,,Q99572,1716
1717,ITA10_HUMAN,,,,O75578,1717
1718,LIRA3_HUMAN,,,,Q8N6C8,1718
1719,RAMP3_HUMAN,,,,O60896,1719
1720,GFRAL_HUMAN,,,,Q6UXV0,1720
1721,STX1A_HUMAN,,,,Q16623,1721
1722,S40A1_HUMAN,,,,Q9NP59,1722
1723,BEX3_HUMAN,,,,Q00994,1723
1724,AGR2_HUMAN,,,,O95994,1724
1725,TRPC3_HUMAN,,,,Q13507,1725
1726,PDE1A_HUMAN,,,,P54750,1726
1727,SMAD3_HUMAN,,,,P84022,1727
1728,AQP1_HUMAN,,,,P29972,1728
1729,ADCY7_HUMAN,,,,P51828,1729
1730,ADCY8_HUMAN,,,,P40145,1730
1731,ADCY9_HUMAN,,,,O60503,1731
1732,INAR1_HUMAN,,,,P17181,1732
1733,IL3RB_HUMAN,,,,P32927,1733
1734,IL6RB_HUMAN,,,,P40189,1734
1735,I20RB_HUMAN,,,,Q6UXL0,1735
1736,KI2S1_HUMAN,,,,Q14954,1736
1737,CALX_HUMAN,,,,P27824,1737
1738,PILRA_HUMAN,,,,Q9UKJ1,1738
1739,LIRA4_HUMAN,,,,P59901,1739
1740,ACHA7_HUMAN,,,,P36544,1740
1741,CRTAM_HUMAN,,,,O95727,1741
1742,TLR6_HUMAN,,,,Q9Y2C9,1742
1743,HRH1_HUMAN,,,,P35367,1743
1744,HRH2_HUMAN,,,,P25021,1744
1745,HRH3_HUMAN,,,,Q9Y5N1,1745
1746,MIP_HUMAN,,,,P30301,1746
1747,MGRN1_HUMAN,,,,O60291,1747
1748,NKG2C_HUMAN,,,,P26717,1748
1749,IL7RA_HUMAN,,,,P16871,1749
1750,I18RA_HUMAN,,,,O95256,1750
1751,KLRB1_HUMAN,,,,Q12918,1751
1752,MYLK2_HUMAN,,,,Q9H1R3,1752
1753,PDE1B_HUMAN,,,,Q01064,1753
1754,PDE1C_HUMAN,,,,Q14123,1754
1755,RAGE_HUMAN,,,,Q15109,1755
1756,S1PR1_HUMAN,,,,P21453,1756
1757,TGFR2_HUMAN,,,,P37173,1757
1758,NKG2E_HUMAN,,,,Q07444,1758
1759,IL4RA_HUMAN,,,,P24394,1759
1760,CD8A_HUMAN,,,,P01732,1760
1761,SN_HUMAN,,,,Q9BZZ2,1761
1762,SIRPG_HUMAN,,,,Q9P1W8,1762
1763,PTPRC_HUMAN,,,,P08575,1763
1764,GPR19_HUMAN,,,,Q15760,1764
1765,TLR1_HUMAN,,,,Q15399,1765
1766,KCNN4_HUMAN,,,,O15554,1766
1767,LY96_HUMAN,,,,Q9Y6Y9,1767
1768,GTR2_HUMAN,,,,P11168,1768
1769,IL2RB_HUMAN,,,,P14784,1769
1770,KI3S1_HUMAN,,,,Q14943,1770
1771,GSLG1_HUMAN,,,,Q92896,1771
1772,CD3G_HUMAN,,,,P09693,1772
1773,CD3Z_HUMAN,,,,P20963,1773
1774,JAML_HUMAN,,,,Q86YT9,1774
1775,KLRF2_HUMAN,,,,D3W0D1,1775
1776,5HT7R_HUMAN,,,,P34969,1776
1777,5HT1A_HUMAN,,,,P08908,1777
1778,5HT1F_HUMAN,,,,P30939,1778
1779,5HT4R_HUMAN,,,,Q13639,1779
1780,5HT1B_HUMAN,,,,P28222,1780
1781,5HT2A_HUMAN,,,,P28223,1781
1782,5HT2B_HUMAN,,,,P41595,1782
1783,5HT5A_HUMAN,,,,P47898,1783
1784,5HT1E_HUMAN,,,,P28566,1784
1785,ESR1_HUMAN,,,,P03372,1785
1786,S1PR5_HUMAN,,,,Q9H228,1786
1787,S1PR3_HUMAN,,,,Q99500,1787
1788,KCNQ3_HUMAN,,,,O43525,1788
1789,GRM4_HUMAN,,,,Q14833,1789
1790,MAGD1_HUMAN,,,,Q9Y5V3,1790
1791,KCNQ1_HUMAN,,,,P51787,1791
1792,VGLU1_HUMAN,,,,Q9P2U7,1792
1793,S1PR4_HUMAN,,,,O95977,1793
1794,VMAT2_HUMAN,,,,Q05940,1794
1795,VACHT_HUMAN,,,,Q16572,1795
1796,CD3D_HUMAN,,,,P04234,1796
1797,LAIR1_HUMAN,,,,Q6GTX8,1797
1798,CD7_HUMAN,,,,P09564,1798
1799,I17RC_HUMAN,,,,Q8NAC3,1799
1800,FCRL4_HUMAN,,,,Q96PJ5,1800
1801,RET_HUMAN,,,,P07949,1801
1802,DRD4_HUMAN,,,,P21917,1802
1803,LYVE1_HUMAN,,,,Q9Y5Y7,1803
1804,GPR35_HUMAN,,,,Q9HC97,1804
1805,IL21R_HUMAN,,,,Q9HBE5,1805
1806,KLRF1_HUMAN,,,,Q9NZS2,1806
1807,NCTR2_HUMAN,,,,O95944,1807
1808,DIP2A_HUMAN,,,,Q14689,1808
1809,MOT1_HUMAN,,,,P53985,1809
1810,SIG10_HUMAN,,,,Q96LC7,1810
1811,PLS1_HUMAN,,,,O15162,1811
1812,TRPV6_HUMAN,,,,Q9H1D0,1812
1813,GABR2_HUMAN,,,,O75899,1813
1814,ACHA4_HUMAN,,,,P43681,1814
1815,PLXA3_HUMAN,,,,P51805,1815
1816,KCNQ5_HUMAN,,,,Q9NR82,1816
1817,GP1BB_HUMAN,,,,P13224,1817
1818,JUNO_HUMAN,,,,A6ND01,1818
1819,CXB2_HUMAN,,,,P29033,1819
1820,GRM3_HUMAN,,,,Q14832,1820
1821,PTPRA_HUMAN,,,,P18433,1821
1822,TRAF3_HUMAN,,,,Q13114,1822
1823,CLM1_HUMAN,,,,Q8TDQ1,1823
1824,KDIS_HUMAN,,,,Q9ULH0,1824
1825,ERAP1_HUMAN,,,,Q9NZ08,1825
1826,CNGA2_HUMAN,,,,Q16280,1826
1827,I12R1_HUMAN,,,,P42701,1827
1828,ILRL1_HUMAN,,,,Q01638,1828
1829,ITB4_HUMAN,,,,P16144,1829
1830,IL31R_HUMAN,,,,Q8NI17,1830
1831,I17RA_HUMAN,,,,Q96F46,1831
1832,TSN15_HUMAN,,,,O95858,1832
1833,AGRE2_HUMAN,,,,Q9UHX3,1833
1834,AGRL4_HUMAN,,,,Q9HBW9,1834
1835,NPTN_HUMAN,,,,Q9Y639,1835
1836,PE2R3_HUMAN,,,,P43115,1836
1837,ADA22_HUMAN,,,,Q9P0K1,1837
1838,AA2AR_HUMAN,,,,P29274,1838
1839,IFM1_HUMAN,,,,P13164,1839
1840,5HT1D_HUMAN,,,,P28221,1840
1841,TSN5_HUMAN,,,,P62079,1841
1842,TSN14_HUMAN,,,,Q8NG11,1842
1843,PLD1_HUMAN,,,,Q13393,1843
1844,ITAD_HUMAN,,,,Q13349,1844
1845,CLC10_HUMAN,,,,Q8IUN9,1845
1846,GPC2_HUMAN,,,,Q8N158,1846
1847,I17RE_HUMAN,,,,Q8NFR9,1847
1848,FFAR2_HUMAN,,,,O15552,1848
1849,VISTA_HUMAN,,,,Q9H7M9,1849
1850,EPHAA_HUMAN,,,,Q5JZY3,1850
1851,C163A_HUMAN,,,,Q86VB7,1851
1852,TREM2_HUMAN,,,,Q9NZC2,1852
1853,CNR2_HUMAN,,,,P34972,1853
1854,FCG2A_HUMAN,,,,P12318,1854
1855,GPR42_HUMAN,,,,O15529,1855
1856,GFRA2_HUMAN,,,,O00451,1856
1857,RNF43_HUMAN,,,,Q68DV7,1857
1858,GPR25_HUMAN,,,,O00155,1858
1859,PITM3_HUMAN,,,,Q9BZ71,1859
1860,STX4_HUMAN,,,,Q12846,1860
1861,TLR7_HUMAN,,,,Q9NYK1,1861
1862,NMDE2_HUMAN,,,,Q13224,1862
1863,NMDE1_HUMAN,,,,Q12879,1863
1864,RACK1_HUMAN,,,,P63244,1864
1865,RIPK1_HUMAN,,,,Q13546,1865
1866,TRPC5_HUMAN,,,,Q9UL62,1866
1867,AMPE_HUMAN,,,,Q07075,1867
1868,M4A4A_HUMAN,,,,Q96JQ5,1868
1869,NUCL_HUMAN,,,,P19338,1869
1870,I27RA_HUMAN,,,,Q6UWB1,1870
1871,FZD9_HUMAN,,,,O00144,1871
1872,IL18R_HUMAN,,,,Q13478,1872
1873,TMIG2_HUMAN,,,,Q96BF3,1873
1874,GP152_HUMAN,,,,Q8TDT2,1874
1875,VASN_HUMAN,,,,Q6EMK4,1875
1876,PE2R4_HUMAN,,,,P35408,1876
1877,GPC5D_HUMAN,,,,Q9NZD1,1877
1878,TM219_HUMAN,,,,Q86XT9,1878
1879,AGRG3_HUMAN,,,,Q86Y34,1879
1880,I12R2_HUMAN,,,,Q99665,1880
1881,GPVI_HUMAN,,,,Q9HCN6,1881
1882,SCNAA_HUMAN,,,,Q9Y5Y9,1882
1883,PLPP6_HUMAN,,,,Q8IY26,1883
1884,AQP6_HUMAN,,,,Q13520,1884
1885,SCN4A_HUMAN,,,,P35499,1885
1886,RYR2_HUMAN,,,,Q92736,1886
1887,AAAT_HUMAN,,,,Q15758,1887
1888,PDCD2_HUMAN,,,,Q16342,1888
1889,TYOBP_HUMAN,,,,O43914,1889
1890,FCG3B_HUMAN,,,,O75015,1890
1891,LIRA1_HUMAN,,,,O75019,1891
1892,MRC2_HUMAN,,,,Q9UBG0,1892
1893,TSN17_HUMAN,,,,Q96FV3,1893
1894,TSN10_HUMAN,,,,Q9H1Z9,1894
1895,CELR2_HUMAN,,,,Q9HCU4,1895
1896,PTPRJ_HUMAN,,,,Q12913,1896
1897,PILRB_HUMAN,,,,Q9UKJ0,1897
1898,DSG3_HUMAN,,,,P32926,1898
1899,CLM7_HUMAN,,,,A8K4G0,1899
1900,TREM1_HUMAN,,,,Q9NP99,1900
1901,GPR20_HUMAN,,,,Q99678,1901
1902,GPR84_HUMAN,,,,Q9NQS5,1902
1903,SMO_HUMAN,,,,Q99835,1903
1904,LAG3_HUMAN,,,,P18627,1904
1905,PTPRK_HUMAN,,,,Q15262,1905
1906,ANTR1_HUMAN,,,,Q9H6X2,1906
1907,AGRV1_HUMAN,,,,Q8WXG9,1907
1908,P2RY6_HUMAN,,,,Q15077,1908
1909,GP101_HUMAN,,,,Q96P66,1909
1910,CAD11_HUMAN,,,,P55287,1910
1911,PI2R_HUMAN,,,,P43119,1911
1912,STX3_HUMAN,,,,Q13277,1912
1913,GFRA3_HUMAN,,,,O60609,1913
1914,RXRA_HUMAN,,,,P19793,1914
1915,NPTXR_HUMAN,,,,O95502,1915
1916,RYR1_HUMAN,,,,P21817,1916
1917,KLRG2_HUMAN,,,,A4D1S0,1917
1918,RECK_HUMAN,,,,O95980,1918
1919,GLRA2_HUMAN,,,,P23416,1919
1920,A1BG_HUMAN,,,,P04217,1920
1921,CAP1_HUMAN,,,,Q01518,1921
1922,GREM2_HUMAN,,,,Q9H772,1922
1923,TMIG3_HUMAN,,,,P0DMS9,1923
1924,AMHR2_HUMAN,,,,Q16671,1924
1925,FCG2B_HUMAN,,,,P31994,1925
1926,IL1R2_HUMAN,,,,P27930,1926
1927,CNTFR_HUMAN,,,,P26992,1927
1928,CD8B_HUMAN,,,,P10966,1928
1929,A0A8I5QEB2_HUMAN,,,,A0A8I5QEB2,1929
1930,DPA1_HUMAN,,,,P20036,1930
1931,DPB1_HUMAN,,,,P04440,1931
1932,COL12_HUMAN,,,,Q5KU26,1932
1933,CELR3_HUMAN,,,,Q9NYQ7,1933
1934,MO2R2_HUMAN,,,,Q6Q8B3,1934
1935,I13R2_HUMAN,,,,Q14627,1935
1936,AGRG5_HUMAN,,,,Q8IZF4,1936
1937,NETO2_HUMAN,,,,Q8NC67,1937
1938,PARD3_HUMAN,,,,Q8TEW0,1938
1939,GPR83_HUMAN,,,,Q9NYM4,1939
1940,ACHA3_HUMAN,,,,P32297,1940
1941,PTPRR_HUMAN,,,,Q15256,1941
1942,SIGIR_HUMAN,,,,Q6IA17,1942
1943,IRPL2_HUMAN,,,,Q9NP60,1943
1944,GP171_HUMAN,,,,O14626,1944
1945,ANDR_HUMAN,,,,P10275,1945
1946,ACHB2_HUMAN,,,,P17787,1946
1947,ACHB4_HUMAN,,,,P30926,1947
1948,ACHA9_HUMAN,,,,Q9UGM1,1948
1949,ACH10_HUMAN,,,,Q9GZZ6,1949
1950,TRML2_HUMAN,,,,Q5T2D2,1950
1951,IGDC4_HUMAN,,,,Q8TDY8,1951
1952,ILDR1_HUMAN,,,,Q86SU0,1952
1953,BT3A3_HUMAN,,,,O00478,1953
1954,ISLR2_HUMAN,,,,Q6UXK2,1954
1955,SCN2B_HUMAN,,,,O60939,1955
1956,AGRA2_HUMAN,,,,Q96PE1,1956
1957,CEA19_HUMAN,,,,Q7Z692,1957
1958,SIGL6_HUMAN,,,,O43699,1958
1959,TARM1_HUMAN,,,,B6A8C7,1959
1960,GPV_HUMAN,,,,P40197,1960
1961,PRTG_HUMAN,,,,Q2VWP7,1961
1962,FCAMR_HUMAN,,,,Q8WWV6,1962
1963,G6B_HUMAN,,,,O95866,1963
1964,IGDC3_HUMAN,,,,Q8IVU1,1964
1965,MFA3L_HUMAN,,,,O75121,1965
1966,BT3A2_HUMAN,,,,P78410,1966
1967,CNTN5_HUMAN,,,,O94779,1967
1968,ADRB1_HUMAN,,,,P08588,1968
1969,SLAF9_HUMAN,,,,Q96A28,1969
1970,SIGL7_HUMAN,,,,Q9Y286,1970
1971,SIGL8_HUMAN,,,,Q9NYZ4,1971
1972,MILR1_HUMAN,,,,Q7Z6M3,1972
1973,SDK2_HUMAN,,,,Q58EX2,1973
1974,CLC4A_HUMAN,,,,Q9UMR7,1974
1975,INLR1_HUMAN,,,,Q8IU57,1975
1976,I20RA_HUMAN,,,,Q9UHF4,1976
1977,INAR2_HUMAN,,,,P48551,1977
1978,PTC1_HUMAN,,,,Q13635,1978
1979,I22R1_HUMAN,,,,Q8N6P7,1979
1980,FCGRN_HUMAN,,,,P55899,1980
1981,TSN12_HUMAN,,,,O95859,1981
1982,PE2R2_HUMAN,,,,P43116,1982
1983,APLP1_HUMAN,,,,P51693,1983
1984,LRP10_HUMAN,,,,Q7Z4F1,1984
1985,C99L2_HUMAN,,,,Q8TCZ2,1985
1986,RHDF2_HUMAN,,,,Q6PJF5,1986
1987,DSG4_HUMAN,,,,Q86SJ6,1987
1988,SIGL5_HUMAN,,,,O15389,1988
1989,SCAR5_HUMAN,,,,Q6ZMJ2,1989
1990,STAB2_HUMAN,,,,Q8WWQ8,1990
1991,C9JWL8_HUMAN,,,,C9JWL8,1991
1992,SORC2_HUMAN,,,,Q96PQ0,1992
1993,CD68_HUMAN,,,,P34810,1993
1994,SIGL9_HUMAN,,,,Q9Y336,1994
1995,PXDC2_HUMAN,,,,Q6UX71,1995
1996,PTK7_HUMAN,,,,Q13308,1996
1997,CD33_HUMAN,,,,P20138,1997
1998,LTK_HUMAN,,,,P29376,1998
1999,LIFR_HUMAN,,,,P42702,1999
2000,LAMP2_HUMAN,,,,P13473,2000
2001,CLC14_HUMAN,,,,Q86T13,2001
2002,ITA11_HUMAN,,,,Q9UKX5,2002
2003,R4RL2_HUMAN,,,,Q86UN3,2003
2004,ENOA_HUMAN,,,,P06733,2004
2005,MOT2_HUMAN,,,,O60669,2005
2006,CRLF3_HUMAN,,,,Q8IUI8,2006
2007,CFC1B_HUMAN,,,,P0CG36,2007
2008,FLOT1_HUMAN,,,,O75955,2008
2009,S1PR2_HUMAN,,,,O95136,2009
2010,PLDX1_HUMAN,,,,Q8IUK5,2010
2011,ATPB_HUMAN,,,,P06576,2011
2012,C1QBP_HUMAN,,,,Q07021,2012
2013,GPNMB_HUMAN,,,,Q14956,2013
2014,VANG2_HUMAN,,,,Q9ULK5,2014
2015,CCBE1_HUMAN,,,,Q6UXH8,2015
2016,AQP5_HUMAN,,,,P55064,2016
2017,MUC6_HUMAN,,,,Q6W4X9,2017
2018,MUC5A_HUMAN,,,,P98088,2018
2019,TRPM3_HUMAN,,,,Q9HCF6,2019
2020,SMAP1_HUMAN,,,,Q8IYB5,2020
2021,TMED5_HUMAN,,,,Q9Y3A6,2021
2022,TRPV1_HUMAN,,,,Q8NER1,2022
2023,CTSR1_HUMAN,,,,Q8NEC5,2023
2024,GPC6A_HUMAN,,,,Q5T6X5,2024
2025,CL12A_HUMAN,,,,Q5QGZ9,2025
2026,PIGR_HUMAN,,,,P01833,2026
2027,TECTB_HUMAN,,,,Q96PL2,2027
2028,S4A11_HUMAN,,,,Q8NBS3,2028
2029,TECTA_HUMAN,,,,O75443,2029
2030,TRPM2_HUMAN,,,,O94759,2030
2031,AA3R_HUMAN,,,,P0DMS8,2031
2032,CD1C_HUMAN,,,,P29017,2032
2033,MOG_HUMAN,,,,Q16653,2033
2034,DCLK3_HUMAN,,,,Q9C098,2034
2035,FCRL1_HUMAN,,,,Q96LA6,2035
2036,STAB1_HUMAN,,,,Q9NY15,2036
2037,LRRN3_HUMAN,,,,Q9H3W5,2037
2038,LPP_HUMAN,,,,Q93052,2038
2039,AMPQ_HUMAN,,,,Q6Q4G3,2039
2040,VS10L_HUMAN,,,,Q86VR7,2040
2041,MRAP_HUMAN,,,,Q8TCY5,2041
2042,IL5RA_HUMAN,,,,Q01344,2042
2043,INGR2_HUMAN,,,,P38484,2043
2044,OSMR_HUMAN,,,,Q99650,2044
2045,IL9R_HUMAN,,,,Q01113,2045
2046,IL23R_HUMAN,,,,Q5VWK5,2046
2047,CNTP2_HUMAN,,,,Q9UHC6,2047
2048,ITA8_HUMAN,,,,P53708,2048
2049,VTCN1_HUMAN,,,,Q7Z7D3,2049
2050,TMPS6_HUMAN,,,,Q8IU80,2050
2051,AGRB2_HUMAN,,,,O60241,2051
2052,AGRL2_HUMAN,,,,O95490,2052
2053,TM222_HUMAN,,,,Q9H0R3,2053
2054,ERG28_HUMAN,,,,Q9UKR5,2054
2055,EZRI_HUMAN,,,,P15311,2055
2056,ACHB3_HUMAN,,,,Q05901,2056
2057,ADA1A_HUMAN,,,,P35348,2057
2058,ADA1B_HUMAN,,,,P35368,2058
2059,ADA1D_HUMAN,,,,P25100,2059
2060,ADA2C_HUMAN,,,,P18825,2060
2061,NR1I2_HUMAN,,,,O75469,2061
2062,ACM2_HUMAN,,,,P08172,2062
2063,ACM4_HUMAN,,,,P08173,2063
2064,ACM5_HUMAN,,,,P08912,2064
2065,ACHA_HUMAN,,,,P02708,2065
2066,AGRL3_HUMAN,,,,Q9HAR2,2066
2067,GABR1_HUMAN,,,,Q9UBS5,2067
2068,GBRA1_HUMAN,,,,P14867,2068
2069,GBRG2_HUMAN,,,,P18507,2069
2070,GBRB3_HUMAN,,,,P28472,2070
2071,GBRD_HUMAN,,,,O14764,2071
2072,GRIA1_HUMAN,,,,P42261,2072
2073,GRIA2_HUMAN,,,,P42262,2073
2074,GRIA3_HUMAN,,,,P42263,2074
2075,GRIA4_HUMAN,,,,P48058,2075
2076,GRIK1_HUMAN,,,,P39086,2076
2077,GRIK2_HUMAN,,,,Q13002,2077
2078,GRIK3_HUMAN,,,,Q13003,2078
2079,NMDZ1_HUMAN,,,,Q05586,2079
2080,GRM2_HUMAN,,,,Q14416,2080
2081,GRM6_HUMAN,,,,O15303,2081
2082,GRM8_HUMAN,,,,O00222,2082
2083,GLRA1_HUMAN,,,,P23415,2083
2084,CLTR1_HUMAN,,,,Q9Y271,2084
2085,CLTR2_HUMAN,,,,Q9NS75,2085
2086,GPR17_HUMAN,,,,Q13304,2086
2087,OXER1_HUMAN,,,,Q8TDS5,2087
2088,CTSR2_HUMAN,,,,Q96P56,2088
2089,CTSR3_HUMAN,,,,Q86XQ3,2089
2090,CTSR4_HUMAN,,,,Q7RTX7,2090
2091,RARA_HUMAN,,,,P10276,2091
2092,5HT3A_HUMAN,,,,P46098,2092
2093,DRD1_HUMAN,,,,P21728,2093
2094,DRD3_HUMAN,,,,P35462,2094
2095,DRD5_HUMAN,,,,P21918,2095
2096,THA_HUMAN,,,,P10827,2096
2097,THB_HUMAN,,,,P10828,2097
2098,GRID2_HUMAN,,,,O43424,2098
2099,SIRB1_HUMAN,,,,O00241,2099
2100,CADM4_HUMAN,,,,Q8NFZ8,2100
2101,E41L1_HUMAN,,,,Q9H4G0,2101
2102,AGRG6_HUMAN,,,,Q86SQ4,2102
2103,GCR_HUMAN,,,,P04150,2103
2104,MCR_HUMAN,,,,P08235,2104
2105,NR1H4_HUMAN,,,,Q96RI1,2105
2106,VDR_HUMAN,,,,P11473,2106
2107,ESR2_HUMAN,,,,Q92731,2107
2108,GPER1_HUMAN,,,,Q99527,2108
2109,APOBR_HUMAN,,,,Q0VD83,2109
2110,GPR55_HUMAN,,,,Q9Y2T6,2110
2111,RORA_HUMAN,,,,P35398,2111
2112,RORG_HUMAN,,,,P51449,2112
2113,NR1H2_HUMAN,,,,P55055,2113
2114,NR1H3_HUMAN,,,,Q13133,2114
2115,GPR15_HUMAN,,,,P49685,2115
2116,SUSD2_HUMAN,,,,Q9UGT4,2116
2117,AGRB3_HUMAN,,,,O60242,2117
2118,PPARA_HUMAN,,,,Q07869,2118
2119,PPARD_HUMAN,,,,Q03181,2119
2120,PPARG_HUMAN,,,,P37231,2120
2121,PRGR_HUMAN,,,,P06401,2121
2122,GP143_HUMAN,,,,P51810,2122
2123,LT4R1_HUMAN,,,,Q15722,2123
2124,LT4R2_HUMAN,,,,Q9NPC1,2124
2125,PF2R_HUMAN,,,,P43088,2125
2126,PE2R1_HUMAN,,,,P34995,2126
2127,Q58EY0_HUMAN,,,,Q58EY0,2127
2128,G137B_HUMAN,,,,O60478,2128
2129,5HT3B_HUMAN,,,,O95264,2129
2130,5HT3C_HUMAN,,,,Q8WXA8,2130
2131,5HT3D_HUMAN,,,,Q70Z44,2131
2132,5HT3E_HUMAN,,,,A5X5Y0,2132
2133,TAAR1_HUMAN,,,,Q96RJ0,2133
2134,SFRP3_HUMAN,,,,Q92765,2134
2135,SFRP4_HUMAN,,,,Q6FHJ7,2135
2136,SFRP5_HUMAN,,,,Q5T4F7,2136
2137,S22AH_HUMAN,,,,Q8WUG5,2137
2138,TLR8_HUMAN,,,,Q9NR97,2138
2139,KI2LA_HUMAN,,,,Q8N109,2139
2140,ACHB_HUMAN,,,,P11230,2140
2141,ACHA2_HUMAN,,,,Q15822,2141
2142,ACHA5_HUMAN,,,,P30532,2142
2143,ACHA6_HUMAN,,,,Q15825,2143
2144,ACHD_HUMAN,,,,Q07001,2144
2145,ACHE_HUMAN,,,,Q04844,2145
2146,ACHG_HUMAN,,,,P07510,2146
2147,SV2A_HUMAN,,,,Q7L0J3,2147
2148,SV2B_HUMAN,,,,Q7L1I2,2148
2149,SV2C_HUMAN,,,,Q496J9,2149
2150,S29A1_HUMAN,,,,Q99808,2150
2151,VMAT1_HUMAN,,,,P54219,2151
2152,ADX_HUMAN,,,,P10109,2152
2153,NTCP4_HUMAN,,,,Q96EP9,2153
2154,VIAAT_HUMAN,,,,Q9H598,2154
2155,GLSL_HUMAN,,,,Q9UI32,2155
2156,SC6A5_HUMAN,,,,Q9Y345,2156
2157,GGT5_HUMAN,,,,P36269,2157
2158,AL5AP_HUMAN,,,,P20292,2158
2159,SC6A4_HUMAN,,,,P31645,2159
2160,IOD3_HUMAN,,,,P55073,2160
2161,ITAE_HUMAN,,,,P38570,2161
2162,I13R1_HUMAN,,,,P78552,2162
2163,HCST_HUMAN,,,,Q9UBK5,2163
2164,GFRA4_HUMAN,,,,Q9GZZ7,2164
2165,PTC2_HUMAN,,,,Q9Y6C5,2165
2166,AMNLS_HUMAN,,,,Q9BXJ7,2166
2167,GBRB2_HUMAN,,,,P47870,2167
2168,GBRA3_HUMAN,,,,P34903,2168
2169,BCR_HUMAN,,,,P11274,2169
2170,GLRB_HUMAN,,,,P48167,2170
2171,CTSRB_HUMAN,,,,Q9H7T0,2171
2172,RABP2_HUMAN,,,,P29373,2172
2173,FRAS1_HUMAN,,,,Q86XX4,2173
2174,ADRO_HUMAN,,,,P22570,2174
2175,GBRA2_HUMAN,,,,P47869,2175
2176,GBRE_HUMAN,,,,P78334,2176
2177,GBRA4_HUMAN,,,,P48169,2177
2178,GBRA5_HUMAN,,,,P31644,2178
2179,GBRA6_HUMAN,,,,Q16445,2179
2180,FDX2_HUMAN,,,,Q6P4F2,2180
